dose,median_f,median_m,flipped
0.0,3.6979167461395264,-4.447916507720947,0.0
0.05,3.202194929122925,-3.7578125,0.0
0.1,2.2317709922790527,-2.613467216491699,0.024096385542168676
0.15,1.0479910373687744,-1.203125,0.1686746987951807
0.2,-0.07942706346511841,0.1119791641831398,0.5662650602409639
0.3,-2.0948662757873535,2.173363208770752,0.9518072289156626
0.4,-3.12890625,3.2191219329833984,0.9879518072289156
0.5,-3.4434523582458496,3.784970283508301,0.9879518072289156
0.75,-2.841331958770752,3.5792410373687744,0.9879518072289156
1.0,-1.3917410373687744,2.6090030670166016,0.9036144578313253
1.5,0.695684552192688,-0.326264888048172,0.3253012048192771
2.0,1.4142484664916992,-1.3712797164916992,0.04819277108433735
3.0,1.6746652126312256,-2.0770089626312256,0.012048192771084338
