layer,p23_social_glasgow_rho,p23_social_glasgow_rho_partial_val,p23_es_vs_es_gender,p23_es_vs_de_gender,p23_de_vs_es_gender,p23_de_vs_de_gender,p23_pooled_vs_es_gender,p23_pooled_vs_de_gender,p24_social_on_es,p24_social_on_de,p24_es_on_persons,p24_de_on_persons,p24_pooled_on_persons,social_on_persons,cos_plain_social_es,cos_plain_social_de,cos_plain_social_pooled,p23_social_glasgow_rho_lo,p23_social_glasgow_rho_hi,p23_social_glasgow_rho_partial_val_lo,p23_social_glasgow_rho_partial_val_hi,p23_es_vs_es_gender_lo,p23_es_vs_es_gender_hi,p23_es_vs_de_gender_lo,p23_es_vs_de_gender_hi,p23_de_vs_es_gender_lo,p23_de_vs_es_gender_hi,p23_de_vs_de_gender_lo,p23_de_vs_de_gender_hi,p23_pooled_vs_es_gender_lo,p23_pooled_vs_es_gender_hi,p23_pooled_vs_de_gender_lo,p23_pooled_vs_de_gender_hi,p24_social_on_es_lo,p24_social_on_es_hi,p24_social_on_de_lo,p24_social_on_de_hi,p24_es_on_persons_lo,p24_es_on_persons_hi,p24_de_on_persons_lo,p24_de_on_persons_hi,p24_pooled_on_persons_lo,p24_pooled_on_persons_hi,social_on_persons_lo,social_on_persons_hi,cos_split_social_es,len2_split_social_es,len2_split_gram_es,cos_split_social_de,len2_split_social_de,len2_split_gram_de,cos_random_sd
1,0.21682293081292406,0.2111866987490651,0.4975903614457831,0.5024096385542168,0.480837636259323,0.519162363740677,0.48307515777395293,0.5169248422260471,0.5659574468085107,0.511864406779661,0.6372549019607843,0.6797385620915033,0.7254901960784313,0.9084967320261438,0.04496473024228318,0.033899020550679816,0.052229341408119544,0.12147797498753563,0.2728488553966922,0.117206296998526,0.2631762763638258,0.43081436360608905,0.5694205210904719,0.430579478909528,0.569185636393911,0.40903193203038957,0.5510261013821316,0.44897389861786846,0.5909680679696104,0.4147185234761539,0.5536393103626193,0.44636068963738074,0.5852814765238461,0.34800984528832635,0.7918460111317254,0.3232583640674394,0.7308155080213903,0.445578231292517,0.8191439317261685,0.47351973684210524,0.8496813725490195,0.529985294117647,0.8914651057791537,0.7418217286914767,0.9891470718722271,,15.701848367067244,-0.08421242065409482,0.08225319909807062,15.701848367067244,0.700620239145506,0.01976423537605237
2,0.21770486975360478,0.22908476953895052,0.5417670682730924,0.45823293172690766,0.4768789443488239,0.5231210556511762,0.5449799196787148,0.45502008032128516,0.6297872340425532,0.5728813559322034,0.6601307189542484,0.6601307189542484,0.6928104575163399,0.9313725490196079,0.03223822093959507,0.03808817943457748,0.04081251254787632,0.11537200341446543,0.25901768912040696,0.12253228655241524,0.2655076720981693,0.46414571338660854,0.6133955438322614,0.3866044561677386,0.5358542866133915,0.4008011524638883,0.5489611656054407,0.45103883439455933,0.5991988475361116,0.4719299195393904,0.6141331234246701,0.3858668765753299,0.5280700804606097,0.4268690958164642,0.786272221032341,0.3415259398248733,0.7436342592592592,0.47936674669867946,0.8301137254901961,0.46325,0.8333881578947369,0.5193798848210613,0.856220588235294,0.7479274509803922,1.0,0.15528519028323828,18.795938686689908,0.632116165631443,0.1681393425149578,18.795938686689908,0.5630479124481356,0.01976423537605237
3,0.19940934030769916,0.22231984968788596,0.565978198508319,0.434021801491681,0.5065978198508319,0.4934021801491681,0.5648881239242685,0.4351118760757315,0.625531914893617,0.5932203389830508,0.6470588235294118,0.6405228758169934,0.6895424836601307,0.9052287581699346,0.03491381911847667,0.05753385908863217,0.05435458825317503,0.12274656303474406,0.24749543779637828,0.1403016126893347,0.26027747846120514,0.4953937021008566,0.6310144297766503,0.3689855702233496,0.5046062978991435,0.4341275723378827,0.5724527404623057,0.42754725953769446,0.5658724276621173,0.4952914444858927,0.6300575790731557,0.36994242092684426,0.5047085555141073,0.44395851624231786,0.7966402704454941,0.36618795808152244,0.7857316227461858,0.4440603070175439,0.8235294117647058,0.4366195652173913,0.8219796650717703,0.4869281045751634,0.8684425524595804,0.7189080237358101,1.0,0.14186301280186986,23.729575755217898,1.4569012296964672,0.35577242287258903,23.729575755217898,0.4499653098821883,0.01976423537605237
4,0.1990470003079692,0.20328487687832172,0.5590935169248422,0.4409064830751578,0.47877223178427997,0.52122776821572,0.5397590361445783,0.4602409638554217,0.6680851063829787,0.6237288135593221,0.6568627450980392,0.738562091503268,0.738562091503268,0.8986928104575164,0.07264608317381421,0.06845678247607057,0.09397881453724978,0.11266032591019276,0.2491313413977023,0.10438081892993695,0.2544160923023383,0.4853033195136175,0.6195360297566878,0.3804639702433122,0.5146966804863825,0.40358397991947476,0.5486497136066278,0.45135028639337205,0.5964160200805252,0.4655069352067125,0.6054695408179527,0.39453045918204727,0.5344930647932875,0.4697420058139535,0.8433781136817208,0.35581616313616543,0.8170212765957446,0.47615165631469974,0.8299878692735836,0.5679931972789115,0.8979608619763695,0.5554824561403509,0.8902310606060605,0.709108643457383,0.9966003401360544,0.2359378628931549,29.378889840502666,4.573835658604729,0.2630810095452282,29.378889840502666,2.5480616209002234,0.01976423537605237
5,0.18601542815235278,0.18708512219261572,0.559437751004016,0.44056224899598395,0.5259323006310959,0.4740676993689042,0.5578886976477337,0.4421113023522662,0.7063829787234043,0.735593220338983,0.7712418300653595,0.8431372549019608,0.869281045751634,0.9281045751633987,0.11233632303265417,0.11363078729174214,0.15644398816682417,0.0918065784434594,0.2393106128470002,0.07145104138484018,0.2539604232783856,0.48684193283367777,0.6297041642676324,0.3702958357323675,0.5131580671663222,0.45373584529505584,0.5930572531374122,0.40694274686258775,0.5462641547049442,0.4870479578335241,0.6242135379023585,0.3757864620976415,0.5129520421664758,0.4826381845841785,0.8634728279100973,0.4943229042273704,0.8870131363729299,0.6066360544217687,0.91,0.7039211479786422,0.9489869860987874,0.7318435354691076,0.9795918367346939,0.7644804347826086,1.0,0.3474448032923528,46.354513829338366,8.258978651376117,0.35725367620882603,46.354513829338366,8.062951590330472,0.01976423537605237
6,0.17882552062386617,0.19100515876165616,0.5655765920826161,0.4344234079173838,0.5479632816982215,0.45203671830177855,0.5887550200803213,0.41124497991967873,0.7319148936170212,0.735593220338983,0.7843137254901961,0.7875816993464052,0.8627450980392157,0.9084967320261438,0.1141063121425016,0.11323312430222188,0.15289576905437127,0.07884534830012288,0.2309943743585554,0.10101103690841724,0.22590728645132777,0.49998341441839894,0.6319277439831203,0.3680722560168796,0.500016585581601,0.4785862946053594,0.6206394555073333,0.3793605444926667,0.5214137053946406,0.5234716292068569,0.6535092893713839,0.346490710628616,0.47652837079314314,0.42742191245344247,0.8686159569371249,0.5234348958333334,0.887501849112426,0.6118686868686869,0.9281519607843137,0.5765592105263158,0.9444444444444444,0.7232500000000001,0.9769736842105263,0.7401282894736843,1.0,0.29908592358874087,62.52237737046258,17.262450917853347,0.350515971464463,62.52237737046258,12.774293016417559,0.01976423537605237
7,0.15546422022348677,0.1761998053340676,0.5794033275960987,0.4205966724039013,0.4976477337923121,0.5023522662076879,0.5841652323580034,0.41583476764199656,0.5234042553191489,0.823728813559322,0.7647058823529411,0.5947712418300654,0.8202614379084967,0.8300653594771242,0.08447008328235693,0.1340947171189803,0.14413411435707468,0.08625800858913743,0.2133082424464147,0.09719903168637743,0.2188167479668337,0.503612999274463,0.6440193137028984,0.35598068629710156,0.49638700072553704,0.4315650192699377,0.5686505577673869,0.43134944223261307,0.5684349807300623,0.511822840910192,0.6493256894356668,0.3506743105643331,0.48817715908980797,0.30432698985970275,0.8454815481548155,0.5866643109540636,0.9319031214114208,0.5883626476906552,0.8986363636363637,0.38485555406373073,0.7824919441460793,0.6468002392344497,0.9466666666666667,0.5253401489814533,0.9935038269693842,0.20535077691688822,64.9997947170037,24.12736417363119,0.3799150492067883,64.9997947170037,17.138106955325128,0.01976423537605237
8,0.18411965136484948,0.196856706735062,0.5632816982214572,0.43671830177854276,0.5068273092369477,0.4931726907630522,0.5895008605851979,0.41049913941480204,0.6085106382978723,0.823728813559322,0.8169934640522876,0.565359477124183,0.8496732026143791,0.8986928104575164,0.1083405809279763,0.11373632612622545,0.1495206050019173,0.09595466063800294,0.22856496613555946,0.10526752555193963,0.23169693207048186,0.49328333253423773,0.6310514494000732,0.36894855059992676,0.5067166674657623,0.43411914722730577,0.5717630249672394,0.4282369750327605,0.5658808527726942,0.5242906843922129,0.6572856063930695,0.3427143936069304,0.475709315607787,0.337429435483871,0.8681989063568011,0.5718849840255591,0.9329646307057042,0.6465947712418301,0.95,0.34534830379520226,0.7633676470588234,0.6841970998925886,0.9641176470588235,0.6992947178871548,1.0,0.29151738121769155,64.57551502044882,27.822685102436967,0.3584407063921636,64.57551502044882,19.04933874164592,0.01976423537605237
9,0.17499573796514128,0.16583849773880494,0.5686746987951807,0.43132530120481927,0.5271944922547332,0.4728055077452668,0.5901319563970167,0.40986804360298335,0.774468085106383,0.8406779661016949,0.8202614379084967,0.5947712418300654,0.8464052287581699,0.9150326797385621,0.1507609224791856,0.122286481155302,0.18563029548271956,0.06814945596331067,0.22983676460418206,0.05881229110959538,0.21524899525431263,0.4935558495547529,0.6331907028143445,0.3668092971856554,0.506444150445247,0.45906441559656336,0.6001303867700927,0.39986961322990733,0.5409355844034366,0.5147019341230199,0.6578659260244156,0.34213407397558443,0.4852980658769801,0.4859380378657487,0.9295058139534884,0.583846495119787,0.9426625339608924,0.6495948379351741,0.9473730217151269,0.4019621212121212,0.7908975103199174,0.6833333333333333,0.9659863945578231,0.7630756578947369,1.0,0.3502923532474013,79.54272384201721,35.12580971120908,0.3689444424595436,79.54272384201721,24.9902781231754,0.01976423537605237
10,0.16921222260549046,0.16239062736938364,0.5654618473895582,0.43453815261044176,0.5134251290877797,0.4865748709122203,0.5763625932300631,0.4236374067699369,0.8170212765957446,0.8508474576271187,0.826797385620915,0.6405228758169934,0.8496732026143791,0.9215686274509803,0.18342802059597546,0.1242909119859637,0.20810890314178962,0.0713268146308892,0.23088541334594098,0.056831460037498005,0.21919224224950795,0.4925273849443396,0.6358581639505804,0.36414183604941963,0.5074726150556604,0.4397403250643281,0.5855226956286732,0.41447730437132674,0.5602596749356719,0.5057241611807541,0.643222306002064,0.35677769399793596,0.4942758388192458,0.5421607133379333,0.9327318075117371,0.5755668588910549,0.9406904287138584,0.6631836734693877,0.9591836734693877,0.4387436224489796,0.8321969696969697,0.7039795918367348,0.9733421052631579,0.751593137254902,1.0,0.4150266534344643,78.79808078897749,35.594623036995074,0.31710621120012555,78.79808078897749,32.920006473786096,0.01976423537605237
11,0.1877306232550773,0.17455212061343167,0.5681583476764199,0.43184165232358,0.5324727481353987,0.46752725186460126,0.5752151462994837,0.42478485370051633,0.8,0.8372881355932204,0.8169934640522876,0.7026143790849673,0.8562091503267973,0.9215686274509803,0.18020140558553582,0.12237007011988542,0.20391874604477078,0.09202980256859584,0.24526844674831572,0.0810237779898836,0.22703855999012568,0.49755396222564485,0.6399041839697872,0.36009581603021273,0.5024460377743551,0.45799810643139166,0.6045699826247634,0.39543001737523653,0.5420018935686083,0.5050162948037743,0.64369239892789,0.3563076010721099,0.4949837051962257,0.5466612021857923,0.9182070707070707,0.5317860353611028,0.9250817382181068,0.6532828947368421,0.9566666666666667,0.5064558823529411,0.8733333333333333,0.7156395123839009,0.9733421052631579,0.7167090311004785,1.0,0.40110440082156834,73.46751711286073,35.830625801414904,0.2960097621117855,73.46751711286073,32.95388296953551,0.01976423537605237
12,0.2186114566205226,0.20388056804761254,0.5608720596672404,0.4391279403327596,0.5187033849684453,0.4812966150315548,0.5695926563396443,0.4304073436603557,0.8085106382978723,0.8372881355932204,0.7810457516339869,0.6928104575163399,0.8202614379084967,0.9215686274509803,0.1828582090607152,0.12617053599339761,0.2090595826578976,0.11017784463657168,0.2741040979072074,0.09325172522497506,0.25446460123591147,0.4916017477910927,0.6330165270001924,0.36698347299980766,0.5083982522089073,0.44808869706112414,0.5903559320558065,0.40964406794419345,0.5519113029388758,0.5020634477143306,0.6391328828828828,0.3608671171171171,0.4979365522856694,0.5822376480195999,0.9295138888888889,0.5367631481993185,0.9358670092931569,0.6165833333333334,0.935653409090909,0.4901282894736842,0.8636957813428401,0.6666118421052631,0.9566809210526316,0.7312867192331478,1.0,0.4097687030061627,76.96216524323168,35.143227103873386,0.29205803367143474,76.96216524323168,36.074272957370546,0.01976423537605237
13,0.2179703495889807,0.21463734108739432,0.5653471026965002,0.4346528973034997,0.5323006310958118,0.4676993689041882,0.5710843373493976,0.42891566265060244,0.7106382978723405,0.8372881355932204,0.7320261437908496,0.7091503267973857,0.7908496732026143,0.8921568627450981,0.15960129083430255,0.139555456586984,0.20359315609729736,0.11647210249086996,0.2925182472017822,0.11545519566641387,0.2778382509023937,0.4981138022699563,0.6353896537701871,0.3646103462298129,0.5018861977300436,0.46227860638635354,0.6048205977168952,0.39517940228310483,0.5377213936136465,0.5027263900825086,0.638845369776753,0.36115463022324695,0.4972736099174913,0.502449740380775,0.8695652173913043,0.5248561885321953,0.937782785647287,0.539139899380805,0.8979608619763695,0.5262531328320802,0.870030303030303,0.6082651515151516,0.9444999999999999,0.6992501546072974,1.0,0.34697301642988604,84.46897299757715,39.12387292616157,0.3014448954315504,84.46897299757715,38.011774572304276,0.01976423537605237
14,0.21202497094639228,0.20942962394923728,0.5594951233505451,0.440504876649455,0.5431440045897877,0.45685599541021227,0.5685599541021228,0.4314400458978772,0.6680851063829787,0.7694915254237288,0.7222222222222222,0.6928104575163399,0.7418300653594772,0.8758169934640523,0.14230387717867946,0.12486716069589791,0.18216662028755726,0.11243427972510196,0.2983483730263148,0.11550379049260909,0.27940668061121243,0.48767148976759506,0.6274977743955741,0.37250222560442586,0.5123285102324049,0.4739396956191334,0.6174254884520292,0.38257451154797084,0.5260603043808666,0.49648887338974645,0.6334355445767942,0.36656445542320587,0.5035111266102535,0.46837267252154996,0.8343301825293351,0.4951107402912621,0.9210600236546422,0.5130850340136054,0.8948190789473683,0.48325657894736845,0.8594901960784315,0.5525412796697627,0.9079014500537057,0.673469387755102,1.0,0.29881273692456045,89.87025788063185,42.57293174002784,0.26746117805606623,89.87025788063185,42.070542569332986,0.01976423537605237
15,0.18004366218301185,0.18946304875770198,0.5581181870338496,0.4418818129661503,0.5185886402753873,0.48141135972461274,0.5706253585771658,0.4293746414228342,0.574468085106383,0.7661016949152543,0.7222222222222222,0.5588235294117647,0.7516339869281046,0.8823529411764706,0.14904022536212563,0.13718498321102734,0.19743658925582214,0.09227487290611844,0.28878539213588716,0.105435726250382,0.26781516581736114,0.4891538950531669,0.6290090928991571,0.3709909071008429,0.510846104946833,0.44907408584619823,0.5904772896889898,0.4095227103110102,0.5509259141538017,0.5017732585603321,0.6394378903558126,0.3605621096441874,0.498226741439668,0.3716242782939801,0.8359219858156028,0.5102606297811778,0.916405412647374,0.5293567426970789,0.8856209150326797,0.35666608391608395,0.7653061224489796,0.5688352514919011,0.9019607843137255,0.6577935222672066,1.0,0.3229845930765009,89.78322158767337,42.95344243127633,0.2806303961404614,89.78322158767337,42.027285200853264,0.01976423537605237
16,0.1812539076655295,0.1929016865458648,0.5635685599541022,0.4364314400458979,0.5239242685025818,0.4760757314974182,0.5716580608146873,0.42834193918531266,0.5829787234042553,0.7762711864406779,0.7450980392156863,0.6209150326797386,0.7745098039215687,0.8921568627450981,0.1606008512094793,0.15254916230930868,0.21338798603121156,0.08925282656401001,0.29462715638916454,0.10730561551399063,0.275121395141532,0.49990726317635,0.6369044928207661,0.3630955071792339,0.50009273682365,0.4529934467706207,0.5945464722049197,0.40545352779508026,0.5470065532293793,0.5039214046822743,0.6433518354710305,0.3566481645289695,0.4960785953177257,0.36457279624277455,0.8475773083623693,0.5329041648007166,0.9169844977702272,0.5499013157894738,0.9052287581699346,0.4144265274199485,0.8000680272108843,0.5855140082348729,0.9266907894736842,0.630408178777744,1.0,0.33179657126255896,97.55353358161761,47.70281350625171,0.2920230049239768,97.55353358161761,49.5312508514297,0.01976423537605237
17,0.17118338389522286,0.18432847860842616,0.5655765920826161,0.4344234079173838,0.5273666092943201,0.4726333907056799,0.5705106138841078,0.42948938611589216,0.5914893617021276,0.823728813559322,0.738562091503268,0.6437908496732027,0.7450980392156863,0.8823529411764706,0.16534508361676653,0.16196299513587728,0.22078188667962834,0.08349778128290086,0.2705720977977873,0.10419456151125848,0.25728332655792496,0.49260929492680894,0.6351190398474313,0.3648809601525687,0.5073907050731911,0.4555200205088949,0.6049930167597765,0.39500698324022343,0.544479979491105,0.4993739961908057,0.6418611644808052,0.3581388355191949,0.5006260038091943,0.3891209318984745,0.8440450513396927,0.5236801242236025,0.9363636363636364,0.5454236239950525,0.9079014500537057,0.44212244897959185,0.8300016339869281,0.5520494711042312,0.9133333333333333,0.6317833333333334,1.0,0.34080720379924084,94.44253936211113,44.957412809105705,0.3301845605802184,94.44253936211113,47.29617301321619,0.01976423537605237
18,0.19032273716694534,0.19690069840973382,0.5688468158347676,0.43115318416523235,0.5292025243832473,0.4707974756167527,0.5718875502008032,0.42811244979919677,0.625531914893617,0.7898305084745763,0.7320261437908496,0.6568627450980392,0.7418300653594772,0.8921568627450981,0.16907662904405318,0.15503853368445908,0.21984904496898658,0.09755638487740229,0.2894530320542921,0.10936418335851102,0.2725287355691407,0.5032061083865145,0.635494400678458,0.3645055993215421,0.49679389161348547,0.4588625706714071,0.604042070034504,0.39595792996549595,0.5411374293285929,0.5076076330419584,0.6413570748114161,0.35864292518858387,0.49239236695804156,0.4206877341273653,0.854666161894273,0.5245706479313037,0.9174419995216454,0.5203091433941999,0.8987254901960784,0.45751633986928103,0.8367290209790209,0.539139899380805,0.9014227548767021,0.6730392156862746,1.0,0.3523305276770993,92.96759486358957,45.40569451373618,0.3067848477576461,92.96759486358957,49.27499832738762,0.01976423537605237
19,0.1851639086778932,0.19332583124005223,0.5663224325874928,0.4336775674125072,0.5373493975903615,0.46265060240963857,0.5721744119334481,0.4278255880665519,0.6468085106382979,0.7593220338983051,0.7483660130718954,0.673202614379085,0.7418300653594772,0.8888888888888888,0.16748205713077216,0.13988958911648258,0.20892857075303117,0.0917418149045203,0.2681699836997225,0.10472970672170824,0.26390659832813734,0.49589862549963293,0.6375282928177113,0.3624717071822886,0.504101374500367,0.4634528140523573,0.6021014574778724,0.39789854252212753,0.5365471859476427,0.5034668860336178,0.6424605005703213,0.3575394994296786,0.4965331139663822,0.43294926217909846,0.8426905684754521,0.4743889936849012,0.8985309717946585,0.5633022875816993,0.9013319143446852,0.485458381006865,0.8464185674269707,0.5533333333333333,0.8939640974967061,0.647948846300534,1.0,0.3565690186918903,100.86148718586279,46.832468536879745,0.2839475077746931,100.86148718586279,50.693971299960324,0.01976423537605237
20,0.2188029557355585,0.21235455232341596,0.5691910499139414,0.4308089500860585,0.5335628227194492,0.4664371772805508,0.5620195065978199,0.43798049340218015,0.6595744680851063,0.7016949152542373,0.7418300653594772,0.6209150326797386,0.696078431372549,0.8758169934640523,0.17233981409634244,0.10349480176703346,0.18916650937788682,0.11817974875360884,0.3057385774302392,0.12320293686743308,0.2768223650480193,0.49355873067125894,0.6345414074622363,0.3654585925377636,0.506441269328741,0.4592558718408836,0.6014697963164748,0.39853020368352515,0.5407441281591163,0.49364020847573475,0.630793334308539,0.36920666569146093,0.5063597915242652,0.4476139450008488,0.8523251323918799,0.4429479408094134,0.8775531731680014,0.5427144871106337,0.9020268962848297,0.4217568972033258,0.8152316933638444,0.5063725490196078,0.875063775510204,0.6470536816125052,1.0,0.34158425952206795,134.96869442488145,62.374005902037354,0.19060883837144074,134.96869442488145,68.26379371832049,0.01976423537605237
21,0.23081520932144503,0.21844831334660597,0.5671830177854275,0.4328169822145726,0.5275387263339071,0.4724612736660929,0.5584624211130236,0.4415375788869765,0.7063829787234043,0.688135593220339,0.7483660130718954,0.6013071895424836,0.696078431372549,0.8758169934640523,0.1916192137375548,0.09099978687258954,0.19397600454144642,0.12425187708333352,0.32004792775830093,0.12288197134579994,0.2886889472060853,0.49820887295407595,0.6344436330362238,0.36555636696377625,0.501791127045924,0.459887293987413,0.6006215415749461,0.39937845842505393,0.5401127060125871,0.4902823882042148,0.6253876636678796,0.37461233633212043,0.5097176117957851,0.47288049222406764,0.8617982823627985,0.41197131782945734,0.8705118405275779,0.5521803921568628,0.9001151315789473,0.40789473684210525,0.7941176470588235,0.5101956901181526,0.8605766648764769,0.6380756578947369,1.0,0.3813179247254064,186.46345840233593,65.80639853847383,0.17108280287992705,186.46345840233593,84.56358644800436,0.01976423537605237
22,0.24335530454742602,0.23334988497699222,0.5623063683304648,0.4376936316695353,0.5154905335628227,0.4845094664371773,0.5434882386689616,0.45651176133103843,0.6340425531914894,0.7186440677966102,0.7549019607843137,0.6111111111111112,0.6895424836601307,0.8921568627450981,0.19335058936653549,0.10359994521119537,0.20227088843437468,0.13012461633776395,0.3282820121549534,0.13436515035371416,0.301313705705724,0.49308677593576195,0.6293358653924692,0.37066413460753084,0.5069132240642381,0.44226993486355404,0.5888860637354613,0.4111139362645387,0.557730065136446,0.47457804586048374,0.6145163309419417,0.38548366905805836,0.5254219541395162,0.4024190323870452,0.8606989772898179,0.4291112883218146,0.8899277569364483,0.5718861408199644,0.9047735760971055,0.40178018575851393,0.8000163398692811,0.4900941985645933,0.856267737358101,0.6702898550724637,1.0,0.3992509202472696,251.90403446773232,66.46212083413023,0.17887856375444347,251.90403446773232,113.35167753270213,0.01976423537605237
23,0.22526996746665026,0.21625301870292002,0.5683878370625358,0.4316121629374641,0.5335054503729203,0.46649454962707976,0.5586345381526104,0.44136546184738956,0.6936170212765957,0.6847457627118644,0.7352941176470589,0.6078431372549019,0.6601307189542484,0.8888888888888888,0.18555082889549074,0.08546368437591675,0.17794345502672987,0.1120951762755985,0.27865112698308186,0.10469743742548282,0.2589557547725966,0.5010847390445724,0.6333002613685197,0.3666997386314804,0.49891526095542765,0.46474475435820417,0.5981298824515143,0.4018701175484857,0.5352552456417958,0.48710275873865094,0.6251199658189084,0.37488003418109167,0.5128972412613491,0.452086849467089,0.86096547314578,0.39152214390211465,0.8576111269750619,0.5460451066391468,0.8977478590250328,0.418218954248366,0.7960378906807477,0.4675857843137255,0.8388157894736842,0.6733300653594771,1.0,0.36724984293656293,369.6897472781987,117.01555927808484,0.15750288197703655,369.6897472781987,171.25440572583682,0.01976423537605237
24,0.233013494032115,0.21619691037915886,0.5607573149741825,0.43924268502581754,0.5438898450946644,0.45611015490533563,0.5635685599541022,0.4364314400458979,0.7446808510638298,0.7627118644067796,0.8006535947712419,0.6470588235294118,0.7418300653594772,0.8888888888888888,0.2347486088056211,0.12838086961690104,0.2382024882819177,0.11728481927162453,0.31318458548113026,0.10559987343189435,0.2820818667188141,0.49111829623178993,0.6351304700014562,0.3648695299985437,0.5088817037682101,0.47115611872797614,0.6091926073920135,0.3908073926079864,0.5288438812720238,0.4907807522666013,0.632312427391613,0.36768757260838714,0.5092192477333987,0.47170823377140586,0.9146427866100524,0.46757557189542487,0.9245379612338206,0.631578947368421,0.9400197368421052,0.44049316696375523,0.8125106292517007,0.5598986013986015,0.894562298603652,0.6802721088435374,1.0,0.42211575588355355,896.60307282514,194.33720579265915,0.2041008762317294,896.60307282514,314.76049329542036,0.01976423537605237
25,0.2335409678279071,0.22129794227980995,0.5576592082616179,0.4423407917383821,0.5345955249569707,0.4654044750430293,0.5640275387263339,0.43597246127366607,0.7148936170212766,0.7627118644067796,0.8660130718954249,0.6797385620915033,0.7679738562091504,0.8529411764705882,0.231430016088235,0.1265312462700719,0.2326797614447798,0.12311984118474058,0.31321208012335383,0.11300957872694832,0.28634077612620545,0.4892458158760344,0.6269382504288165,0.37306174957118354,0.5107541841239657,0.46434476437984873,0.6066625346740637,0.3933374653259362,0.5356552356201513,0.4948682785997835,0.6364440762960029,0.3635559237039971,0.5051317214002166,0.48179400386847193,0.9050081360946746,0.40232979910714284,0.9119460227272728,0.7380595238095239,0.9637693077803203,0.4818634716732543,0.8368163265306122,0.5919959183673469,0.9058188405797102,0.6512828947368421,1.0,0.4217693076503395,1193.9417123787323,313.97197375428533,0.21589702568326583,1193.9417123787323,591.0212024009679,0.01976423537605237
26,0.21882197517237365,0.20327586278687193,0.5492254733218589,0.45077452667814116,0.5375215146299483,0.46247848537005165,0.5599541021227769,0.4400458978772232,0.6851063829787234,0.7423728813559322,0.8594771241830066,0.7254901960784313,0.803921568627451,0.8496732026143791,0.20403657502090017,0.11635041154186578,0.21241112918956306,0.10812015748434894,0.3065647862193758,0.0950604088823997,0.28107167776406494,0.47893290401084443,0.6199744302213678,0.38002556977863217,0.5210670959891555,0.4734458607193027,0.608032234218897,0.39196776578110304,0.5265541392806973,0.48726785806882245,0.6296046720575023,0.37039532794249774,0.5127321419311776,0.4681786350903998,0.9014899063073505,0.4133639974536228,0.9305948340874811,0.7209989988558352,0.9673202614379085,0.5361842105263158,0.8921862745098039,0.6447368421052632,0.9407894736842105,0.6306582172342621,1.0,0.3912346007934847,1567.4311408065103,342.2977656419558,0.19972279650507208,1567.4311408065103,650.6400091976533,0.01976423537605237
27,0.20983932420268447,0.19085125411408885,0.5366035570854848,0.4633964429145152,0.538324727481354,0.461675272518646,0.5463568559954102,0.45364314400458977,0.6212765957446809,0.7491525423728813,0.8790849673202614,0.7516339869281046,0.8398692810457516,0.8464052287581699,0.1684667725847585,0.10973551204348359,0.18508398775709026,0.10251432845085041,0.29119638684925353,0.0901987504372882,0.25514247519092054,0.4696414123901988,0.6047356830236267,0.39526431697637326,0.5303585876098013,0.4671508943864112,0.6117648361585384,0.38823516384146156,0.5328491056135888,0.4790928328424107,0.6154994348468512,0.38450056515314873,0.5209071671575892,0.4157057422461555,0.8719533868916888,0.42071622670807457,0.9237643357353089,0.7418217286914767,0.9673719487795117,0.5690676599587203,0.9046052631578947,0.6808560682738315,0.9572368421052632,0.6216906389748882,1.0,0.3227757590157179,1734.3408928489223,487.2611377864243,0.19832986901994576,1734.3408928489223,798.5797008172298,0.01976423537605237
28,0.2151166960201298,0.1914292972534137,0.5354561101549054,0.46454388984509465,0.5449799196787148,0.45502008032128516,0.5461847389558233,0.4538152610441767,0.6127659574468085,0.7186440677966102,0.8660130718954249,0.7418300653594772,0.8333333333333334,0.826797385620915,0.12397090152724882,0.09886676857619342,0.14889693509236984,0.11110959148324329,0.28077958144334286,0.09478343210575554,0.24873408324846388,0.46697404778935797,0.6058540761028754,0.3941459238971246,0.533025952210642,0.4706717049021265,0.6147744640263078,0.3852255359736922,0.5293282950978735,0.47653682245444434,0.6142286718132194,0.3857713281867806,0.5234631775455556,0.39748547385293526,0.8439503823645568,0.379672786334769,0.8908833607023305,0.7384803921568628,0.9700098684210526,0.5620392156862745,0.8921862745098039,0.6731209150326798,0.9466666666666667,0.6110833333333334,1.0,0.25315242199202664,1939.5700368787902,568.485610750906,0.1840991003189009,1939.5700368787902,972.0072039851157,0.01976423537605237
29,0.20668856326238014,0.18183179721281165,0.5348823866896156,0.46511761331038437,0.5471600688468158,0.45283993115318416,0.5471026965002869,0.45289730349971313,0.6085106382978723,0.6983050847457627,0.803921568627451,0.7352941176470589,0.7941176470588235,0.8431372549019608,0.09706466076458901,0.08173295747364154,0.12208118967212857,0.09895588144678183,0.2662189657806054,0.08250092499556513,0.23408924304817139,0.46246931100596794,0.5993680424691425,0.4006319575308575,0.537530688994032,0.4806741563712527,0.6185649234551347,0.38143507654486536,0.5193258436287472,0.47124224508203905,0.6139645337777461,0.38603546622225393,0.528757754917961,0.39657280633772496,0.8209210795338376,0.35739628490470077,0.8988792418567699,0.6446314929480564,0.934640522875817,0.5509353741496598,0.8980406928597718,0.6188696172248803,0.9320068027210885,0.5816976790716287,1.0,0.2325684436554712,2129.486433392407,597.5065126561079,0.16195690198064439,2129.486433392407,1203.5440832759718,0.01976423537605237
30,0.19871988611614666,0.1689329208996186,0.5282845668387837,0.4717154331612163,0.5443488238668962,0.45565117613310385,0.542570281124498,0.457429718875502,0.5702127659574469,0.5830508474576271,0.7352941176470589,0.7124183006535948,0.7679738562091504,0.8169934640522876,0.06523655339333706,0.04293944529827663,0.07617839176650092,0.09567475969519183,0.27473719224571813,0.07271930409802374,0.2394373482443011,0.4560890420270186,0.5977962842595602,0.40220371574043984,0.5439109579729814,0.47752890122676617,0.613841517401292,0.38615848259870794,0.5224710987732338,0.471163053218151,0.6147790955778731,0.3852209044221268,0.528836946781849,0.32118111958015744,0.8021361451048951,0.2971945792880259,0.8706008731617647,0.5566486013986014,0.8823774509803921,0.5131578947368421,0.8707482993197279,0.5804018445322793,0.9115974799010513,0.5359462719298246,1.0,0.16893534760687023,2232.902346982336,653.7770242014843,0.07867860901582126,2232.902346982336,1571.2542083252802,0.01976423537605237
31,0.24070177399892284,0.20584566717146544,0.5293172690763053,0.4706827309236948,0.5367183017785427,0.46328169822145726,0.5422260470453242,0.4577739529546758,0.6042553191489362,0.5694915254237288,0.7026143790849673,0.6895424836601307,0.7418300653594772,0.8594771241830066,0.05767799128007355,0.03749900255859431,0.06703246906585325,0.11929283394786473,0.3165358894387556,0.0921399897928697,0.2709077353072626,0.45947410147991546,0.6005467507384685,0.3994532492615315,0.5405258985200846,0.46136017988336464,0.6078288016780645,0.39217119832193553,0.5386398201166354,0.46806888885798004,0.6126400133977998,0.38735998660220017,0.5319311111420199,0.37864833433373346,0.7964145884056063,0.2801928520877565,0.864367464831774,0.5129117647058823,0.8660130718954249,0.5066633986928105,0.8672045454545453,0.5718954248366013,0.9013789781646925,0.6048220693779904,1.0,0.1330316991109506,4262.30637521001,681.907084979504,0.06814891045347986,4262.30637521001,2230.2239418192075,0.01976423537605237
32,0.2407484603576279,0.20742978049034003,0.5205393000573724,0.47946069994262763,0.5189902467010901,0.48100975329890994,0.5292025243832473,0.4707974756167527,0.5702127659574469,0.5389830508474577,0.6568627450980392,0.6830065359477124,0.7222222222222222,0.869281045751634,0.05873718425503602,0.024542756897317428,0.05764981274229958,0.11972565392491133,0.31906732939193744,0.08986184433401984,0.27165702068579195,0.45246993488115256,0.5870923959081854,0.41290760409181465,0.5475300651188475,0.4525533875414248,0.5837929054327964,0.4162070945672037,0.5474466124585752,0.4573613367890476,0.5968715745350641,0.4031284254649359,0.5426386632109523,0.3835955006075741,0.7735314671548652,0.26390000575010064,0.8428628419452887,0.4670289387684899,0.8333881578947369,0.5031862745098039,0.8571816770186335,0.5426666666666666,0.8840782322654462,0.6199166666666667,1.0,0.14657937796270284,4786.623812083757,867.5433177843386,0.04253734469542825,4786.623812083757,3482.4546357095205,0.01976423537605237
33,0.2271130183321587,0.18724368822425824,0.5223752151462995,0.4776247848537005,0.5269076305220883,0.47309236947791167,0.5406769936890419,0.4593230063109581,0.6553191489361702,0.4610169491525424,0.6078431372549019,0.6862745098039216,0.7287581699346405,0.8431372549019608,0.08428557072979448,0.01060735425275529,0.06403462205384486,0.10484104278005317,0.3006352691013991,0.07736476899518759,0.2548694287353838,0.4527778330810122,0.5921458333333334,0.4078541666666667,0.5472221669189878,0.45892735674623253,0.5956457545375174,0.40435424546248255,0.5410726432537675,0.46744748830941674,0.6140540775280284,0.38594592247197157,0.5325525116905833,0.4340215773809524,0.8091372682044323,0.2175373957551957,0.8164002732240436,0.41821728691476595,0.7972562799043061,0.4933,0.8529509803921568,0.5522876794258372,0.8889204545454544,0.5854860599926389,1.0,0.22870603690709737,5250.736981236519,1079.3571348363653,0.017158805218743384,5250.736981236519,4512.735826524153,0.01976423537605237
34,0.22428460454159557,0.18433333508718433,0.5219162363740677,0.4780837636259323,0.5299483648881239,0.4700516351118761,0.5356282271944922,0.46437177280550773,0.6170212765957447,0.42033898305084744,0.6143790849673203,0.6568627450980392,0.7124183006535948,0.8398692810457516,0.07768706472483608,-0.021097928406329843,0.03622081510468883,0.11302904684491917,0.297377226992839,0.08241015643888476,0.25326558043952946,0.45109733841449784,0.5891003335189762,0.4108996664810238,0.5489026615855023,0.4543163318360247,0.604006734535868,0.39599326546413205,0.5456836681639752,0.46081134529309054,0.6099395250085754,0.39006047499142454,0.5391886547069095,0.4165948275862069,0.7805250283607487,0.2186754408713693,0.7683833116036506,0.4084967320261438,0.8007745489500148,0.4650103980986334,0.8432322929171668,0.5217201276983886,0.8775510204081632,0.5365833333333333,1.0,0.1995199426241094,5872.561974441288,1330.7590500472327,-0.03630268188680767,5872.561974441288,5618.226843257779,0.01976423537605237
35,0.20261756120041155,0.1624182382707416,0.5020080321285141,0.4979919678714859,0.5393000573723465,0.46069994262765346,0.5184738955823294,0.4815261044176707,0.6085106382978723,0.3694915254237288,0.6535947712418301,0.6209150326797386,0.6764705882352942,0.8071895424836601,0.062099850915850116,-0.03318101301520467,0.018213384678757272,0.08869065978432042,0.26291171037905026,0.07074471164753852,0.21755756981947066,0.43291498135398737,0.5712493431745801,0.42875065682541996,0.5670850186460127,0.4702803170851455,0.6048847484804893,0.3951152515195106,0.5297196829148545,0.4530647584096265,0.5871789281750436,0.41282107182495636,0.5469352415903734,0.3716836734693878,0.7620831378352041,0.20068661971830987,0.7292763157894735,0.4466111111111111,0.8266699346405229,0.42991666666666667,0.8200882352941176,0.4933299319727891,0.8628047600619195,0.4934573829531813,0.9967320261437909,0.15468261395117644,7218.378131383249,1935.567745043045,-0.058036230388783694,7218.378131383249,7852.045664788228,0.01976423537605237
