lang,lemma,multi_type,gloss_m,gloss_f,has_neuter,animacy,animacy_reason,zipf,regions
de,Euro,free_variation,euro (currency),Euro (UEFA European Football Championship),False,inanimate,wordnet-first:noun.quantity,5.42,
de,Schöne,free_variation,nominalization of schön,"beauty, the quality of being beautiful",True,uncertain,not-in-wordnet,5.02,
de,Single,free_variation,single; singleton (someone who is not involved in a stable romantic relationship),single (45rpm vinyl record),True,inanimate,wordnet:noun.act,4.56,
de,Brand,free_variation,"fire, blaze (destructive occurrence)",brand,True,inanimate,wordnet:noun.event,4.45,
de,Mode,free_variation,vibrational mode (Form of oscillation of electromagnetic waves especially in waveguides),"fashion, trend",False,inanimate,wordnet:noun.attribute,4.39,
de,Samsung,free_variation,Samsung (device produced by that company),Samsung (device produced by that company),True,uncertain,not-in-wordnet,4.14,
de,Salat,free_variation,"salad (mixed, usually cold dish)","obligatory prayer, salat",True,inanimate,wordnet:noun.food,4.1,
de,Mars,free_variation,crow's nest,crow's nest,False,inanimate,wordnet-first:noun.artifact,4.08,
de,Bruch,free_variation,"break, breaking, breach, fracture, rupture","pair of hose, leggings, pants, trousers",True,inanimate,wordnet:noun.event,4.05,
de,Store,free_variation,store (a place where items may be purchased; a shop),net curtain,False,inanimate,wordnet:noun.artifact,4.04,Austria|Germany
de,Bitcoin,free_variation,bitcoin,bitcoin,False,uncertain,not-in-wordnet,4.03,
de,Sony,free_variation,Sony (a device produced by Sony),Sony (a device produced by Sony),True,uncertain,not-in-wordnet,4.02,
de,Review,free_variation,report,report,True,inanimate,wordnet:noun.communication,4.02,
de,Release,free_variation,release,release,True,inanimate,wordnet:noun.artifact,3.89,
de,Spam,free_variation,spam,spam,True,inanimate,wordnet-first:noun.food,3.85,
de,Kiefer,free_variation,jaw,pine (tree of genus Pinus),True,inanimate,wordnet:noun.plant,3.84,
de,Adidas,free_variation,a product of this brand,a product of this brand,True,inanimate,wordnet:noun.artifact,3.78,
de,Geisel,free_variation,hostage,hostage,False,animate,wordnet:noun.person,3.76,
de,Mod,free_variation,mod,mod,False,animate,wordnet:noun.person,3.75,
de,Chili,free_variation,chili (fruit),chili (fruit),True,inanimate,wordnet-first:noun.food,3.68,
de,Bulle,free_variation,bull (male cattle),bull (papal decree),False,animate,people-category;animal-category;wordnet:noun.animal,3.61,
de,Paprika,free_variation,paprika (spice),paprika (spice),False,inanimate,wordnet-first:noun.plant,3.61,
de,Spargel,free_variation,asparagus,asparagus,False,inanimate,wordnet-first:noun.plant,3.56,
de,Stage,free_variation,"internship, job that a trainee is doing in a workplace until a fixed date","internship, job that a trainee is doing in a workplace until a fixed date",False,inanimate,wordnet-first:noun.act,3.56,Switzerland
de,Mast,free_variation,mast (of a ship),mast (fodder made of acorns and beechnuts),False,inanimate,wordnet:noun.artifact,3.52,
de,Nutella,free_variation,Nutella (any chocolate spread),Nutella (any chocolate spread),True,uncertain,not-in-wordnet,3.51,
de,Quest,free_variation,quest (task that a player may complete in order to gain a reward),(hero) quest,True,inanimate,wordnet:noun.cognition,3.49,
de,Tram,free_variation,large wooden beam,tram,True,inanimate,wordnet-first:noun.artifact,3.46,
de,Artist,free_variation,"one who performs physical tricks in a circus or similar context, e.g. a wirewalker, trapezist, or juggler","artist, (often) recording artist",False,animate,gendered-counterpart;gloss,3.45,
de,Python,free_variation,python (snake),python (snake),False,animate,wordnet:noun.animal,3.45,
de,Jade,free_variation,jade (gem),jade (gem),False,inanimate,wordnet:noun.substance,3.44,
de,Pier,free_variation,"lugworm, sandworm",pier,False,inanimate,wordnet:noun.artifact,3.42,
de,Tsunami,free_variation,"tsunami (large, destructive wave generally caused by a tremendous disturbance in the ocean)","tsunami (large, destructive wave generally caused by a tremendous disturbance in the ocean)",False,inanimate,wordnet:noun.event,3.32,
de,Zucchini,free_variation,"courgette, zucchini","courgette, zucchini",False,inanimate,wordnet-first:noun.plant,3.31,
de,Dress,free_variation,dress (apparel suited for a particular purpose),dress (apparel suited for a particular purpose),False,inanimate,wordnet:noun.artifact,3.31,
de,Dings,free_variation,"thing, thingamajig, a strange or unspecified item or person","thing, thingamajig, a strange or unspecified item or person",True,inanimate,wordnet:noun.state,3.27,
de,Hentai,free_variation,"hentai (anime, manga)","hentai (anime, manga)",True,uncertain,not-in-wordnet,3.21,
de,Salsa,free_variation,salsa (dance),salsa (sauce in Spanish or Latin American cuisine),False,inanimate,wordnet-first:noun.food,3.2,
de,Jus,free_variation,jus (juices given off as meat is cooked),jus (juices given off as meat is cooked),True,uncertain,not-in-wordnet,3.17,
de,Wallet,free_variation,wallet (for cryptocurrencies),wallet (for cryptocurrencies),True,inanimate,wordnet:noun.artifact,3.1,
de,Hindu,free_variation,Hindu (male or unspecified),Hindu (female),False,animate,gendered-counterpart;wordnet:noun.person,3.07,
de,Mangold,free_variation,chard (Beta vulgaris var. cicla),a surname,False,inanimate,wordnet-first:noun.plant,3.07,
de,Abscheu,free_variation,"abhorrence, abomination","abhorrence, abomination",False,inanimate,wordnet-first:noun.feeling,3.06,
de,Kiwi,free_variation,kiwi (bird),"kiwi, kiwifruit",False,inanimate,wordnet-first:noun.plant,3.06,
de,Präses,free_variation,praeses,praeses,False,uncertain,not-in-wordnet,3.04,
de,Drift,free_variation,"drift, an instance of drifting (decelerating movement diametrical to the main direction)",violent stream or swell (of the sea),False,inanimate,wordnet:noun.event,3.03,
de,Sellerie,free_variation,celery (herb),celery (herb),False,inanimate,wordnet-first:noun.plant,3.01,Austria|Southern
de,Sphinx,free_variation,sphinx,sphinx,False,animate,wordnet:noun.person,2.99,
de,Khmer,free_variation,Khmer (person),Khmer (person),True,animate,gendered-counterpart,2.97,
de,Pik,free_variation,grudge,spades (suit of cards; no plural),True,uncertain,not-in-wordnet,2.96,Austria
de,Geißel,free_variation,Obsolete form (now misspelling) of Geisel (“hostage”),synonym of Peitsche (“whip”),False,inanimate,wordnet:noun.communication,2.93,Austria|Southern-Germany|Switzerland
de,Sioux,free_variation,member of the Sioux,member of the Sioux,False,animate,gloss;wordnet:noun.person,2.92,
de,Sojus,free_variation,Soyuz (Russian/Soviet name for various objects and programmes),Soyuz (Russian/Soviet name for various objects and programmes),True,uncertain,not-in-wordnet,2.86,
de,Queue,free_variation,cue,the end of a column of troops,True,inanimate,wordnet-first:noun.communication,2.86,
de,Neugeborenes,free_variation,"newborn, neonate","newborn, neonate",True,animate,gendered-counterpart;wordnet:noun.person,2.85,
de,Waise,free_variation,orphan,female orphan,False,animate,gendered-counterpart;gloss;wordnet:noun.person,2.83,
de,Goth,free_variation,goth (member of goth subculture),goth (member of goth subculture),False,animate,wordnet:noun.person,2.82,
de,Wirrwarr,free_variation,"confusion, commotion, chaos, jumble, muddle","confusion, commotion, chaos, jumble, muddle",True,animate,gendered-counterpart,2.81,
de,Raclette,free_variation,raclette (cheese),raclette (dish),True,uncertain,not-in-wordnet,2.8,
de,Concierge,free_variation,concierge (one who attends to the wishes of hotel guests),concierge (one who attends to the wishes of hotel guests),False,animate,wordnet:noun.person,2.8,
de,Frisbee,free_variation,frisbee (flying disk),frisbee (flying disk),True,inanimate,wordnet-first:noun.artifact,2.75,
de,Mascara,free_variation,synonym of Wimperntusche (“mascara”),synonym of Wimperntusche (“mascara”),False,inanimate,wordnet:noun.communication,2.75,
de,Spezi,free_variation,"friend, buddy, pal","soft drink made with cola, water, sugar, orange juice and lemon juice",True,animate,wordnet:noun.person,2.74,Austria|Southern-Germany
de,Hasel,free_variation,dace (fish),hazel,False,inanimate,wordnet-first:noun.plant,2.72,
de,Wimpel,free_variation,"a small, generally triangular flag; a pennant or pennon","a small, generally triangular flag; a pennant or pennon",True,inanimate,wordnet:noun.body,2.71,
de,Mündel,free_variation,ward (minor looked after by a guardian),female ward (female minor looked after by a guardian),True,animate,wordnet:noun.person,2.7,
de,Rumba,free_variation,rumba (Latin-American dance),rumba (Latin-American dance),False,inanimate,wordnet-first:noun.communication,2.7,
de,Mahr,free_variation,"mare, incubus","mare, succubus",False,animate,wordnet:noun.animal,2.69,
de,Bommel,free_variation,bobble (on a cap),bobble (on a cap),False,inanimate,wordnet-first:noun.act,2.67,
de,Mumps,free_variation,mumps,mumps,False,inanimate,wordnet-first:noun.state,2.6,
de,Plunder,free_variation,"junk, rubbish","junk, rubbish",False,inanimate,wordnet:noun.substance,2.59,
de,Halfter,free_variation,halter,holster,True,animate,animal-category,2.58,
de,Parka,free_variation,a parka,a parka,False,inanimate,wordnet-first:noun.artifact,2.57,
de,Novize,free_variation,novice (male),novice (female),False,animate,gendered-counterpart;wordnet:noun.person,2.56,
de,Ammer,free_variation,emmer (type of wheat),sour cherry,False,inanimate,wordnet-first:noun.artifact,2.56,
de,Gams,free_variation,synonym of Gämse (“chamois”),synonym of Gämse (“chamois”),True,inanimate,wordnet:noun.communication,2.55,Austria|Bavaria|Switzerland
de,Caipirinha,free_variation,caipirinha (traditional Brazilian drink),caipirinha (traditional Brazilian drink),False,uncertain,not-in-wordnet,2.54,
de,Radix,free_variation,root,root,False,inanimate,wordnet:noun.plant,2.52,
de,Lyoner,free_variation,"Lyonnese (native or inhabitant of Lyon, France)",a kind of boiled sausage similar to mortadella and bologna,False,animate,gendered-counterpart,2.51,
de,Band,meaning_split,"volume, a single book, chiefly when part of a larger set",modern music band,True,inanimate,wordnet:noun.artifact,5.06,
de,Post,meaning_split,post (individual message in an Internet forum),"mail, post (sent and received letters etc.)",False,inanimate,wordnet:noun.communication,4.89,
de,See,meaning_split,lake,"sea, ocean",False,inanimate,wordnet:noun.object,4.8,
de,Wiener,meaning_split,an inhabitant of Vienna,"wiener, clipping of Wiener Würstchen",False,animate,gloss;wordnet:noun.person,4.75,
de,Mund,meaning_split,mouth of a person,hand,False,inanimate,wordnet:noun.body,4.75,
de,Leiter,meaning_split,agent noun of leiten,ladder,False,animate,gendered-counterpart,4.72,
de,Armen,meaning_split,strong genitive/accusative singular and dative plural of Armer,weak genitive/dative singular and nominative/genitive/dative/accusative plural of Arme,False,inanimate,wordnet-first:noun.communication,4.63,
de,Gang,meaning_split,"motion, movement, progress, way, going","gang (group of criminals, particularly in a North American context)",False,inanimate,wordnet:noun.communication,4.6,
de,Frankfurter,meaning_split,"Frankfurter (native or inhabitant of the city of Frankfurt, state of Hesse, Germany) (usually male)",a Vienna sausage,False,animate,gendered-counterpart;people-category,4.49,
de,Kunde,meaning_split,"customer, patron, client","tidings, news",False,animate,gendered-counterpart;wordnet:noun.person,4.44,
de,Gründung,meaning_split,green manure (fertilizer of plant origin),foundation (act of founding),False,inanimate,wordnet:noun.relation,4.43,
de,Hut,meaning_split,hat,"protection, supervision, guard, ward, keeping, care",False,inanimate,wordnet:noun.artifact,4.39,
de,Mangel,meaning_split,"lack, shortage (the condition of having an insufficient amount of a resource, or none at all)",mangle,False,inanimate,wordnet:noun.state,4.26,
de,Wende,meaning_split,"Sorb, Wend, Lusatian Slav (a member of the native West Slavic-speaking population in parts of Saxony and Brandenburg; male or unspecified sex)",turn (change in temperament or circumstance),False,animate,gendered-counterpart,4.25,
de,Reiter,meaning_split,rider (one who rides a horse),winnowing sieve,False,animate,gendered-counterpart;wordnet:noun.person,4.17,
de,Back,meaning_split,defender; back,forecastle (raised part of the upper deck),False,inanimate,wordnet-first:noun.artifact,4.1,
de,Flur,meaning_split,"hall, hallway, corridor, stairwell","farmland; field or lea, heath",False,inanimate,wordnet:noun.artifact,4.04,Germany
de,Marsch,meaning_split,march,"marsh, marshland, fen",False,inanimate,wordnet:noun.time,4.01,
de,Angel,meaning_split,Angle (member of a historic Germanic tribe),"tackle, fishing rod (angler's tool consisting of hook (Haken), line (Schnur), and rod (Rute))",False,animate,wordnet:noun.person,3.9,
de,Farm,meaning_split,"barque, small boat",farm (see usage notes),False,inanimate,wordnet:noun.artifact,3.86,
de,Disco,meaning_split,disco,"discotheque, nightclub",False,inanimate,wordnet-first:noun.artifact,3.79,
de,Hesse,meaning_split,"Hessian (native or inhabitant of the state of Hesse, Germany) (usually male)",shank (of beef or veal),False,animate,gendered-counterpart;people-category,3.76,
de,Alb,meaning_split,"elf, especially an evil one","mountainous area, upland",False,animate,wordnet:noun.person,3.74,Germanic
de,Spaghetti,meaning_split,wop (person of Italian descent),spaghetti,False,inanimate,wordnet-first:noun.food,3.58,
de,Diamant,meaning_split,diamond (allotrope of carbon),"A small size of type, standardized as 4 point.",False,inanimate,wordnet:noun.possession,3.54,
de,Bursche,meaning_split,"boy, young man",community or lodging of people working (or studying) together,False,animate,gloss;wordnet:noun.person,3.43,
de,Tau,meaning_split,dew,Tao people,True,inanimate,wordnet:noun.substance,3.38,
de,Comedian,meaning_split,comedian,female comedian,False,animate,wordnet:noun.person,3.37,
de,Havanna,meaning_split,Havana tobacco,Havana cigar,False,inanimate,wordnet:noun.artifact,3.35,
de,Guerilla,meaning_split,guerrilla,guerrilla warfare,False,inanimate,wordnet:noun.act,3.2,
de,Laube,meaning_split,bleak (kind of fish),garden house,False,inanimate,wordnet:noun.artifact,3.17,
de,Finne,meaning_split,Finn (person from Finland),big dorsal fin as found in large fish and marine mammals,False,animate,gendered-counterpart;people-category;animal-category,3.16,
de,Bauleiter,meaning_split,"site manager, construction manager (of male or unspecified sex)",ladder for building,False,animate,gendered-counterpart;people-category;wordnet:noun.person,3.15,
de,Schotte,meaning_split,Scot; Scotsman,whey,False,animate,gendered-counterpart;people-category;wordnet:noun.person,3.1,
de,Otter,meaning_split,otter,"viper, adder",False,inanimate,wordnet-first:noun.substance,3.06,
de,Sulz,meaning_split,"wet, mushy snow",tripe,False,inanimate,wordnet-first:noun.food,3.04,
de,Ballerina,meaning_split,ballet flat (type of women's shoe similar to a ballet shoe),ballerina (a female ballet dancer),False,animate,people-category;wordnet:noun.person,3.03,
de,Ahne,meaning_split,forefather (of male or unspecified sex),female ancestor,False,animate,people-category;gloss;wordnet:noun.person,3.02,
de,Hindi,meaning_split,Hindi speaker (male or of unspecified gender),female Hindi speaker,False,animate,wordnet:noun.person,3.01,
de,Abwasch,meaning_split,"washing-up, dishwashing",kitchen sink,False,inanimate,wordnet-first:noun.act,2.93,
de,Trainee,meaning_split,trainee,female trainee,False,animate,wordnet:noun.person,2.89,
de,Pütz,meaning_split,synonym of Brunnen (“well”),synonym of Eimer (“bucket”),False,inanimate,wordnet:noun.communication,2.79,
de,Terz,meaning_split,"stink, fight, trouble (aggressive, quarrelsome behavior; typically as part of protesting or looking for a fight)",A third; an interval of 3 (minor third) or 4 (major third) semitones.,False,inanimate,wordnet:noun.quantity,2.76,
de,Murmel,meaning_split,"mumbling, rambling, murmuring",marble (small glass ball),False,inanimate,wordnet:noun.substance,2.71,
de,Speis,meaning_split,"synonym of Mörtel (“mortar, plaster”)","larder, pantry",False,inanimate,wordnet-first:noun.food,2.65,Austria|Bavaria
de,Gegenpart,meaning_split,opponent in a game or competition,the opposite party in a lawsuit,False,inanimate,wordnet:noun.relation,2.65,
de,Mudder,meaning_split,a player in a MUD,"mother / mamma (as in deine Mudder ""yo mamma"")",False,animate,gloss,2.59,
es,ayuda,free_variation,helper,"help, aid",False,animate,by-personal-gender,5.33,
es,orden,free_variation,"order (arrangement, sequence, organization)",order (command),False,inanimate,wordnet:noun.communication,5.3,
es,policía,free_variation,police officer (a member of a police force),"Civility, polity, public order, police, fineness, neatness, urbanity",False,animate,by-personal-gender,5.28,
es,internet,free_variation,internet,internet,False,inanimate,wordnet-first:noun.artifact,5.18,
es,cabo,free_variation,"end, edge, extremity (furthest or terminal point of something)",corporal (non-commissioned officer army rank with NATO code OR-4),False,animate,by-personal-gender,5.14,
es,arte,free_variation,art,art,False,inanimate,wordnet:noun.artifact,5.13,
es,mar,free_variation,sea,sea,False,inanimate,wordnet:noun.object,5.11,
es,color,free_variation,rouge (cosmetics),"color / colour, hue",False,inanimate,wordnet-first:noun.substance,5.06,
es,modelo,free_variation,model (a successful example to be copied),fashion model,False,animate,by-personal-gender,5.03,
es,radio,free_variation,radius,"radio (industry, signal)",False,inanimate,wordnet:noun.communication,5.03,
es,cámara,free_variation,"cameraman, camera operator (somebody who operates a movie camera or television camera)",room,False,animate,by-personal-gender,5.02,
es,marca,free_variation,marker (player marking a rival),brand (of clothing etc.),False,animate,by-personal-gender,4.89,
es,juez,free_variation,judge,judge,False,animate,gendered-counterpart;by-personal-gender;wordnet:noun.person,4.83,
es,personaje,free_variation,personage,personage,False,animate,wordnet:noun.person,4.79,
es,artista,free_variation,artist,artist,False,animate,people-category;by-personal-gender;wordnet:noun.person,4.72,
es,periodista,free_variation,journalist,journalist,False,animate,people-category;by-personal-gender;wordnet:noun.person,4.7,
es,bebé,free_variation,baby,baby,False,animate,gloss;wordnet:noun.person,4.7,
es,notas,free_variation,show-off,show-off,False,animate,by-personal-gender;wordnet:noun.person,4.67,
es,guardia,free_variation,"custodian, warden (male)","watch, guard, guarding, guard duty, sentry duty",False,animate,wordnet:noun.person,4.66,
es,comandante,free_variation,commander,commander,False,animate,gendered-counterpart;by-personal-gender;wordnet:noun.person,4.63,
es,representante,free_variation,representative,representative,False,animate,by-personal-gender;wordnet:noun.person,4.58,
es,primavera,free_variation,simple soul; simple creature; simple sod,spring (season),False,animate,by-personal-gender,4.57,
es,máquina,free_variation,A person who is outstanding or very good at something.,machine,False,animate,by-personal-gender,4.56,
es,guía,free_variation,guide,guidebook,False,animate,by-personal-gender;wordnet:noun.person,4.56,
es,agente,free_variation,agent,agent,False,animate,by-personal-gender,4.54,
es,poeta,free_variation,poet (person who writes poems),poet (person who writes poems),False,animate,gendered-counterpart;by-personal-gender;wordnet:noun.person,4.53,
es,azúcar,free_variation,sugar,sugar,False,inanimate,wordnet:noun.food,4.46,
es,batería,free_variation,drummer,large and rechargeable battery,False,animate,by-personal-gender,4.42,
es,testigo,free_variation,baton,witness (someone who sees something),False,animate,by-personal-gender;wordnet:noun.person,4.41,
es,piloto,free_variation,pilot,pilot,False,animate,gendered-counterpart;people-category;by-personal-gender;wordnet:noun.person,4.4,
es,soldado,free_variation,soldier,soldier,False,animate,gendered-counterpart;by-personal-gender;wordnet:noun.person,4.38,
es,pelota,free_variation,"people pleaser, toady",ball (a round or ellipsoidal object),False,animate,by-personal-gender,4.37,
es,app,free_variation,app,app,False,uncertain,not-in-wordnet,4.35,
es,espada,free_variation,matador (person whose aim is to kill the bull in a bullfight),"sword (a long bladed weapon with a grip and typically a pommel and crossguard (together forming a hilt), which is designed to cut, stab, slash and/or hack)",False,animate,by-personal-gender,4.33,
es,protagonista,free_variation,"protagonist, star","protagonist, star",False,animate,by-personal-gender;wordnet:noun.person,4.33,
es,guarda,free_variation,"guard, ward, keeper",endpaper,False,animate,by-personal-gender;wordnet:noun.person,4.32,
es,ala,free_variation,winger,wing (of a bird or insect),False,animate,by-personal-gender;wordnet:noun.animal,4.31,
es,sacerdote,free_variation,priest,priest,False,animate,gendered-counterpart;people-category;by-personal-gender;wordnet:noun.person,4.28,
es,guitarra,free_variation,guitarist,guitar,False,animate,by-personal-gender,4.27,
es,fan,free_variation,fan,fan,False,animate,by-personal-gender,4.23,
es,lobo,free_variation,wolf (wild Canis lupus),wolf (wild Canis lupus),False,animate,gendered-counterpart;by-personal-gender;wordnet:noun.animal,4.2,
es,botón,free_variation,"button (clothing, mechanical)",cop,False,animate,by-personal-gender,4.2,
es,portavoz,free_variation,megaphone,"spokesperson, spokesman, spokeswoman",False,animate,by-personal-gender;wordnet:noun.person,4.12,
es,colega,free_variation,colleague,colleague,False,animate,by-personal-gender;wordnet:noun.person,4.1,
es,micro,free_variation,minibus,public bus,False,inanimate,wordnet-first:noun.artifact,4.1,Mexico
es,nobel,free_variation,Nobel Prize,Nobel Prize winner,False,animate,by-personal-gender,4.09,
es,wifi,free_variation,Wi-Fi,Wi-Fi,False,uncertain,not-in-wordnet,4.07,
es,almirante,free_variation,admiral,admiral,False,animate,by-personal-gender;wordnet:noun.person,4.03,
es,intendente,free_variation,"manager, supervisor (a person whose job is to manage a business)","manager, supervisor (a person whose job is to manage a business)",False,animate,gendered-counterpart;by-personal-gender;wordnet:noun.person,4.02,
es,economista,free_variation,economist,economist,False,animate,by-personal-gender;wordnet:noun.person,4.02,
es,demócrata,free_variation,democrat,democrat,False,animate,by-personal-gender;wordnet:noun.person,4.01,
es,concejal,free_variation,member of a council; councilman; councilor,member of a council; councilman; councilor,False,animate,gendered-counterpart;by-personal-gender;gloss;wordnet:noun.person,3.96,
es,maratón,free_variation,marathon,marathon,False,inanimate,wordnet:noun.act,3.96,
es,vice,free_variation,vice (second in command),vice (second in command),False,animate,by-personal-gender,3.96,
es,expresidente,free_variation,ex-president,ex-president,False,animate,gendered-counterpart;by-personal-gender;wordnet:noun.person,3.95,
es,nintendo,free_variation,any Nintendo video game console,any Nintendo video game console,False,inanimate,wordnet-first:noun.artifact,3.95,
es,militante,free_variation,militant,militant,False,animate,by-personal-gender;wordnet:noun.person,3.95,
es,futbolista,free_variation,"footballer (British); football player (Britain), soccer player (US, Canada, Australia)","footballer (British); football player (Britain), soccer player (US, Canada, Australia)",False,animate,by-personal-gender;wordnet:noun.person,3.94,
es,sargento,free_variation,clamp,sergeant,False,animate,gendered-counterpart;by-personal-gender;wordnet:noun.person,3.93,
es,fabricante,free_variation,manufacturer,manufacturer,False,animate,by-personal-gender,3.91,
es,monarca,free_variation,monarch,monarch,False,animate,by-personal-gender;wordnet:noun.person,3.9,
es,libra,free_variation,Libra (someone with the Libra star sign),English or American pound avoirdupois (a unit of mass equivalent to 453.6 g),False,animate,by-personal-gender,3.9,
es,chofer,free_variation,chauffeur,chauffeur,False,animate,by-personal-gender;wordnet:noun.person,3.89,
es,espía,free_variation,spy,spy,False,animate,by-personal-gender;wordnet:noun.person,3.88,
es,chef,free_variation,"chef, head cook","chef, head cook",False,animate,people-category;by-personal-gender;wordnet:noun.person,3.88,
es,camarada,free_variation,"comrade (mate, companion)","comrade (mate, companion)",False,animate,by-personal-gender;wordnet:noun.person,3.88,
es,pariente,free_variation,"relative, relation (member of one's family)","relative, relation (member of one's family)",False,animate,gendered-counterpart;people-category;by-personal-gender;wordnet:noun.person,3.87,
es,botones,free_variation,bellboy,bellboy,False,animate,by-personal-gender;wordnet:noun.person,3.86,
es,intérprete,free_variation,interpreter (one who interprets speech in another language),interpreter (one who interprets speech in another language),False,animate,by-personal-gender;wordnet:noun.person,3.83,
es,atleta,free_variation,athlete (competitor in a sport),athlete (competitor in a sport),False,animate,by-personal-gender;wordnet:noun.person,3.83,
es,comerciante,free_variation,trader,trader,False,animate,by-personal-gender;wordnet:noun.person,3.82,
es,detective,free_variation,detective,detective,False,animate,gendered-counterpart;by-personal-gender;wordnet:noun.person,3.81,
es,analista,free_variation,analyst,analyst,False,animate,by-personal-gender;wordnet:noun.person,3.8,
es,premier,free_variation,premier (head of government),premier (head of government),False,animate,by-personal-gender;wordnet:noun.person,3.79,
es,turista,free_variation,tourist,tourist,False,animate,by-personal-gender;wordnet:noun.person,3.78,
es,bocas,free_variation,synonym of bocazas,synonym of bocazas,False,animate,by-personal-gender,3.78,Spain
es,single,free_variation,single (song released),"single, single person",False,animate,by-personal-gender,3.77,
es,mártir,free_variation,martyr,martyr,False,animate,by-personal-gender;wordnet:noun.person,3.77,
es,vip,free_variation,VIP,VIP,False,animate,by-personal-gender;wordnet:noun.person,3.76,
es,taxista,free_variation,taxi driver,taxi driver,False,animate,people-category;by-personal-gender;wordnet:noun.person,3.76,
es,cónsul,free_variation,consul (official residing in major foreign towns to represent and protect the interests of the merchants and citizens of their country),consul (official residing in major foreign towns to represent and protect the interests of the merchants and citizens of their country),False,animate,people-category;by-personal-gender;wordnet:noun.person,3.75,
es,inca,free_variation,Inca,Inca,False,animate,by-personal-gender;wordnet:noun.person,3.75,
es,deportista,free_variation,sportsperson,sportsperson,False,animate,by-personal-gender,3.74,
es,escolta,free_variation,bodyguard,escort (body of armed men to attend a person),False,animate,by-personal-gender;wordnet:noun.person,3.73,
es,psiquiatra,free_variation,psychiatrist,psychiatrist,False,animate,people-category;by-personal-gender;wordnet:noun.person,3.73,
es,novelista,free_variation,novelist (author of novels),novelist (author of novels),False,animate,by-personal-gender;wordnet:noun.person,3.72,
es,ordenanza,free_variation,orderly,ordinance,False,animate,people-category;by-personal-gender;wordnet:noun.person,3.72,
es,cineasta,free_variation,"filmmaker, moviemaker (a producer or director of films/movies)","filmmaker, moviemaker (a producer or director of films/movies)",False,animate,by-personal-gender;wordnet:noun.person,3.7,
es,royal,free_variation,royal (member of the British royal family),royal (member of the British royal family),False,animate,by-personal-gender,3.69,
es,tablet,free_variation,tablet,tablet,False,inanimate,wordnet:noun.artifact,3.69,
es,dentista,free_variation,dentist,dentist,False,animate,people-category;by-personal-gender;wordnet:noun.person,3.68,
es,congresista,free_variation,congressperson,congressperson,False,animate,by-personal-gender,3.66,
es,wiki,free_variation,wiki,wiki,False,uncertain,not-in-wordnet,3.66,
es,corresponsal,free_variation,correspondent (a journalist who sends reports from a distant location),correspondent (a journalist who sends reports from a distant location),False,animate,people-category;by-personal-gender;wordnet:noun.person,3.64,
es,mir,free_variation,resident (physician in training),resident (physician in training),False,animate,by-personal-gender;gloss;wordnet:noun.person,3.63,Spain
es,descendiente,free_variation,descendant,descendant,False,animate,by-personal-gender;wordnet:noun.person,3.62,
es,cannabis,free_variation,cannabis,cannabis,False,inanimate,wordnet-first:noun.plant,3.62,
es,falte,free_variation,pedlar,pedlar,False,animate,by-personal-gender;wordnet:noun.person,3.62,South-America
es,vodka,free_variation,vodka,vodka,False,inanimate,wordnet-first:noun.food,3.62,
es,performance,free_variation,performance art,performance art,False,inanimate,wordnet:noun.artifact,3.61,
es,sim,free_variation,Sim (a character in the video game The Sims),Sim (a character in the video game The Sims),False,animate,by-personal-gender,3.61,
es,lente,free_variation,lens,lens,False,inanimate,wordnet:noun.artifact,3.61,
es,humanista,free_variation,humanist,humanist,False,animate,by-personal-gender;wordnet:noun.person,3.58,
es,cronista,free_variation,chronicler,chronicler,False,animate,by-personal-gender;wordnet:noun.person,3.57,
es,laptop,free_variation,laptop,laptop,False,inanimate,wordnet-first:noun.artifact,3.56,Latin-America
es,informante,free_variation,"informant, telltale","informant, telltale",False,animate,people-category;by-personal-gender;wordnet:noun.person,3.55,
es,contribuyente,free_variation,contributor,contributor,False,animate,by-personal-gender;wordnet:noun.person,3.55,
es,guitarrista,free_variation,guitarist,guitarist,False,animate,by-personal-gender;wordnet:noun.person,3.54,
es,comentarista,free_variation,commentator (person who comments professionally),commentator (person who comments professionally),False,animate,by-personal-gender;wordnet:noun.person,3.54,
es,contratista,free_variation,contractor,contractor,False,animate,by-personal-gender;wordnet:noun.person,3.54,
es,indie,free_variation,indie (style),indie (person who follows the indie style),False,animate,by-personal-gender,3.54,
es,solista,free_variation,soloist,soloist,False,animate,by-personal-gender;wordnet:noun.person,3.53,
es,regente,free_variation,regent (one who rules in place of the monarch),regent (one who rules in place of the monarch),False,animate,by-personal-gender;wordnet:noun.person,3.53,
es,guionista,free_variation,screenwriter,screenwriter,False,animate,people-category;by-personal-gender;wordnet:noun.person,3.51,
es,pianista,free_variation,pianist,pianist,False,animate,by-personal-gender;wordnet:noun.person,3.51,
es,demandante,free_variation,plaintiff,plaintiff,False,animate,people-category;by-personal-gender;wordnet:noun.person,3.51,
es,compatriota,free_variation,compatriot,compatriot,False,animate,people-category;by-personal-gender;wordnet:noun.person,3.51,
es,jinete,free_variation,"horseman, horsewoman, rider (someone who rides a horse)","horseman, horsewoman, rider (someone who rides a horse)",False,animate,animal-category;by-personal-gender;wordnet:noun.person,3.49,
es,guardaespaldas,free_variation,bodyguard,bodyguard,False,animate,by-personal-gender;wordnet:noun.person,3.49,
es,cana,free_variation,police officer,white or gray hair,False,animate,by-personal-gender,3.49,
es,finalista,free_variation,finalist,finalist,False,animate,by-personal-gender;wordnet:noun.person,3.48,
es,terapeuta,free_variation,therapist,therapist,False,animate,by-personal-gender;wordnet:noun.person,3.48,
es,accionista,free_variation,shareholder,shareholder,False,animate,by-personal-gender;wordnet:noun.person,3.46,
es,managua,free_variation,"Managuan (native or inhabitant of the city of Managua, capital of Nicaragua)","Managuan (native or inhabitant of the city of Managua, capital of Nicaragua)",False,animate,people-category;by-personal-gender,3.46,
es,marine,free_variation,marine (soldier of USA or UK),marine (soldier of USA or UK),False,animate,by-personal-gender;wordnet:noun.person,3.46,
es,sastre,free_variation,"tailor (person who makes, repairs, or alters clothes professionally)","tailor (person who makes, repairs, or alters clothes professionally)",False,animate,gendered-counterpart;people-category;by-personal-gender;wordnet:noun.person,3.45,
es,psicópata,free_variation,psychopath,psychopath,False,animate,by-personal-gender;wordnet:noun.person,3.45,
es,apache,free_variation,Apache,Apache,False,animate,by-personal-gender;wordnet:noun.person,3.45,
es,cadete,free_variation,cadet,cadet,False,animate,by-personal-gender;wordnet:noun.person,3.44,
es,cónyuge,free_variation,"spouse, consort","spouse, consort",False,animate,people-category;by-personal-gender;wordnet:noun.person,3.44,
es,sartén,free_variation,frying pan,frying pan,False,inanimate,wordnet-first:noun.artifact,3.43,
es,humorista,free_variation,"humorist, comedian, comic","humorist, comedian, comic",False,animate,by-personal-gender;wordnet:noun.person,3.41,
es,trompeta,free_variation,trumpeter,trumpet,False,animate,by-personal-gender,3.41,
es,alférez,free_variation,"second lieutenant, subaltern, ensign","second lieutenant, subaltern, ensign",False,animate,by-personal-gender;wordnet:noun.person,3.41,
es,rehén,free_variation,hostage,hostage,False,animate,by-personal-gender;wordnet:noun.person,3.4,
es,fiera,free_variation,fiend; nut,"wild animal, beast",False,animate,by-personal-gender,3.4,
es,prepa,free_variation,a first-year student at a university; a freshman or fresher,a first-year student at a university; a freshman or fresher,False,animate,by-personal-gender,3.39,Puerto-Rico
es,jurista,free_variation,"jurist, lawyer","jurist, lawyer",False,animate,people-category;by-personal-gender;wordnet:noun.person,3.39,
es,columnista,free_variation,columnist,columnist,False,animate,by-personal-gender;wordnet:noun.person,3.39,
es,ratio,free_variation,ratio,ratio,False,inanimate,wordnet:noun.relation,3.39,
es,astronauta,free_variation,"astronaut, spaceman","astronaut, spaceman",False,animate,by-personal-gender;wordnet:noun.person,3.38,
es,coleccionista,free_variation,collector,collector,False,animate,by-personal-gender;wordnet:noun.person,3.36,
es,canalla,free_variation,"swine, rascal","rabble, riff-raff, canaille",False,animate,by-personal-gender,3.36,
es,jedi,free_variation,Jedi,Jedi,False,animate,by-personal-gender,3.35,
es,estadista,free_variation,"statesman, stateswoman","statesman, stateswoman",False,animate,by-personal-gender;wordnet:noun.person,3.35,
es,publicista,free_variation,publicist,publicist,False,animate,by-personal-gender;wordnet:noun.person,3.35,
es,vocalista,free_variation,vocalist (singer in a band),vocalist (singer in a band),False,animate,by-personal-gender;wordnet:noun.person,3.34,
es,scout,free_variation,scout,scout,False,animate,by-personal-gender;wordnet:noun.person,3.34,
es,molotov,free_variation,synonym of cóctel molotov,synonym of cóctel molotov,False,inanimate,wordnet:noun.communication,3.34,
es,albañil,free_variation,"mason, bricklayer","mason, bricklayer",False,animate,gendered-counterpart;by-personal-gender;wordnet:noun.person,3.34,
es,remake,free_variation,remake,remake,False,inanimate,wordnet-first:noun.artifact,3.33,
es,bermudas,free_variation,Bermudas (shorts),Bermudas (shorts),False,inanimate,wordnet-first:noun.location,3.32,
es,ponente,free_variation,rapporteur,rapporteur,False,animate,by-personal-gender;wordnet:noun.person,3.31,
es,estratega,free_variation,strategist,strategist,False,animate,by-personal-gender;wordnet:noun.person,3.3,
es,practicante,free_variation,"practitioner, practiser","practitioner, practiser",False,animate,gendered-counterpart;by-personal-gender;gloss;wordnet:noun.person,3.3,
es,hippie,free_variation,hippie,hippie,False,animate,people-category;by-personal-gender;wordnet:noun.person,3.3,
es,tenista,free_variation,tennis player,tennis player,False,animate,by-personal-gender;wordnet:noun.person,3.29,
es,mimo,free_variation,"caress, cuddle","mime, mime artist (an actor or actress who practices mime)",False,animate,by-personal-gender,3.29,
es,mayorista,free_variation,"wholesaler, wholesale dealer","wholesaler, wholesale dealer",False,animate,by-personal-gender;wordnet:noun.person,3.28,
es,merengue,free_variation,merengue (a type of music common in the Caribbean),"a person connected with Real Madrid, as a player, fan, coach, etc.",False,animate,by-personal-gender,3.28,
es,garante,free_variation,guarantor,guarantor,False,animate,by-personal-gender;wordnet:noun.person,3.28,
es,inversionista,free_variation,investor,investor,False,animate,by-personal-gender;wordnet:noun.person,3.28,
es,alcaide,free_variation,commander of the defense of a castle,commander of the defense of a castle,False,animate,by-personal-gender;wordnet:noun.person,3.27,
es,gamer,free_variation,gamer,gamer,False,animate,people-category;by-personal-gender,3.27,
es,orellana,free_variation,eavesdropper,eavesdropper,False,animate,by-personal-gender;wordnet:noun.person,3.27,
es,narcotraficante,free_variation,drug trafficker,drug trafficker,False,animate,by-personal-gender;wordnet:noun.person,3.27,
es,denunciante,free_variation,denouncer,denouncer,False,animate,by-personal-gender,3.26,
es,tilde,free_variation,diacritic,diacritic,False,inanimate,wordnet-first:noun.communication,3.26,Uruguay
es,script,free_variation,script (“document containing dialogue and action”),script supervisor,False,animate,by-personal-gender;wordnet:noun.person,3.26,
es,sirviente,free_variation,servant,servant,False,animate,gendered-counterpart;people-category;by-personal-gender;gloss;wordnet:noun.person,3.26,
es,soprano,free_variation,soprano (pitch),soprano (singer),False,animate,by-personal-gender;wordnet:noun.person,3.25,
es,zorrilla,free_variation,"striped polecat, zorille, zoril","striped polecat, zorille, zoril",False,animate,by-personal-gender;wordnet:noun.animal,3.24,
es,esperma,free_variation,sperm (cell),sperm (cell),False,inanimate,wordnet-first:noun.body,3.23,
es,zombi,free_variation,zombie,zombie,False,animate,people-category;by-personal-gender;wordnet:noun.person,3.23,
es,recluta,free_variation,recruit,recruitment,False,animate,by-personal-gender,3.22,
es,travesti,free_variation,"transvestite, cross-dresser",trans woman,False,animate,by-personal-gender;wordnet:noun.person,3.22,
es,jeta,free_variation,"face, mush, mug, scoundrel (impudent person)",snout,False,animate,by-personal-gender;wordnet:noun.animal,3.22,
es,runner,free_variation,runner (person who runs),runner (person who runs),False,animate,by-personal-gender;wordnet:noun.person,3.2,
es,enzima,free_variation,enzyme,enzyme,False,inanimate,wordnet:noun.substance,3.2,
es,emo,free_variation,emo (genre),emo (person),False,animate,by-personal-gender,3.2,
es,bolita,free_variation,Bolivian,marble (small spherical ball used as a toy),False,animate,by-personal-gender,3.19,
es,contrincante,free_variation,opponent,opponent,False,animate,by-personal-gender;wordnet:noun.person,3.19,
es,pus,free_variation,pus,pus,False,inanimate,wordnet-first:noun.time,3.19,
es,remitente,free_variation,sender (someone who sends),sender (someone who sends),False,animate,by-personal-gender;wordnet:noun.person,3.19,
es,confidente,free_variation,confidant,confidant,False,animate,by-personal-gender;wordnet:noun.person,3.19,
es,sionista,free_variation,Zionist,Zionist,False,animate,by-personal-gender;wordnet:noun.person,3.18,
es,geek,free_variation,geek,geek,False,animate,by-personal-gender;wordnet:noun.person,3.18,
es,electricista,free_variation,electrician,electrician,False,animate,people-category;by-personal-gender;wordnet:noun.person,3.17,
es,ava,free_variation,Ava (denomination of Guarani),Ava (denomination of Guarani),False,animate,by-personal-gender,3.17,
es,boga,free_variation,rower,any member of the species Leporinus obtusidens of ray-finned fish (characin),False,animate,animal-category;by-personal-gender;wordnet:noun.person,3.16,
es,baterista,free_variation,drummer,drummer,False,animate,by-personal-gender;wordnet:noun.person,3.16,
es,recepcionista,free_variation,receptionist,receptionist,False,animate,people-category;by-personal-gender;wordnet:noun.person,3.16,
es,delivery,free_variation,home delivery,deliveryperson,False,animate,by-personal-gender,3.16,Puerto-Rico
es,ensayista,free_variation,essayist,essayist,False,animate,people-category;by-personal-gender;wordnet:noun.person,3.16,
es,conserje,free_variation,concierge,concierge,False,animate,by-personal-gender;wordnet:noun.person,3.16,
es,edil,free_variation,formal title for a mayor,formal title for a mayor,False,animate,by-personal-gender;wordnet:noun.person,3.15,
es,terrateniente,free_variation,landowner,landowner,False,animate,by-personal-gender;wordnet:noun.person,3.14,
es,lingüista,free_variation,linguist,linguist,False,animate,by-personal-gender;wordnet:noun.person,3.13,
es,artífice,free_variation,"craftsman, artificer","craftsman, artificer",False,animate,people-category;by-personal-gender;wordnet:noun.person,3.13,
es,navegante,free_variation,navigator,navigator,False,animate,by-personal-gender;wordnet:noun.person,3.13,
es,canguro,free_variation,kangaroo,babysitter,False,animate,gendered-counterpart;by-personal-gender;wordnet:noun.animal,3.12,
es,viagra,free_variation,Viagra,Viagra,False,inanimate,wordnet-first:noun.artifact,3.12,
es,violinista,free_variation,violinist,violinist,False,animate,by-personal-gender;wordnet:noun.person,3.12,
es,plebe,free_variation,"kid, child","plebeians, common people",False,animate,by-personal-gender,3.12,
es,pediatra,free_variation,pediatrician,pediatrician,False,animate,people-category;by-personal-gender;wordnet:noun.person,3.11,
es,maquinista,free_variation,"engineer (Canada and the US), engine driver (Britain), train driver","engineer (Canada and the US), engine driver (Britain), train driver",False,animate,by-personal-gender;wordnet:noun.person,3.1,
es,vigía,free_variation,"lookout, watchtower (a vantage point with a view of the surrounding area)","lookout (a person on watch for approaching danger, an enemy, etc.)",False,animate,by-personal-gender;wordnet:noun.person,3.09,
es,erasmus,free_variation,a period of study on the Erasmus programme,an Erasmus student,False,animate,by-personal-gender;wordnet:noun.person,3.09,
es,motociclista,free_variation,"motorcyclist, biker","motorcyclist, biker",False,animate,by-personal-gender;wordnet:noun.person,3.08,
es,prestamista,free_variation,moneylender,moneylender,False,animate,by-personal-gender;wordnet:noun.person,3.08,
es,guagua,free_variation,"baby, infant",a trivial thing,False,animate,by-personal-gender,3.08,
es,mecenas,free_variation,"patron, sponsor","patron, sponsor",False,animate,by-personal-gender;wordnet:noun.person,3.08,
es,armazón,free_variation,"frame, framework","frame, framework",False,inanimate,wordnet:noun.artifact,3.08,
es,estilista,free_variation,distinguished writer,distinguished writer,False,animate,by-personal-gender;wordnet:noun.person,3.07,
es,oligarca,free_variation,oligarch (a member of an oligarchy),oligarch (a member of an oligarchy),False,animate,by-personal-gender;wordnet:noun.person,3.06,
es,bolchevique,free_variation,Bolshevik,Bolshevik,False,animate,by-personal-gender;wordnet:noun.person,3.06,
es,cabecilla,free_variation,"leader, boss","leader, boss",False,animate,by-personal-gender;wordnet:noun.person,3.06,
es,paria,free_variation,"pariah, outcast","pariah, outcast",False,animate,people-category;by-personal-gender;wordnet:noun.person,3.06,
es,nutricionista,free_variation,nutritionist,nutritionist,False,animate,people-category;by-personal-gender;wordnet:noun.person,3.05,
es,medallista,free_variation,medalist,medalist,False,animate,by-personal-gender;wordnet:noun.person,3.05,
es,combi,free_variation,minivan,minivan,False,inanimate,wordnet-first:noun.artifact,3.05,Latin-America
es,centrocampista,free_variation,"midfielder, midfield player","midfielder, midfield player",False,animate,by-personal-gender,3.05,
es,masajista,free_variation,"massagist, masseur, masseuse f","massagist, masseur, masseuse f",False,animate,people-category;by-personal-gender,3.04,
es,psicoanalista,free_variation,psychoanalyst,psychoanalyst,False,animate,by-personal-gender;wordnet:noun.person,3.04,
es,mediocampista,free_variation,midfielder,midfielder,False,animate,by-personal-gender,3.04,
es,consorte,free_variation,"consort, spouse","consort, spouse",False,animate,by-personal-gender;wordnet:noun.person,3.03,
es,centralista,free_variation,centralist,centralist,False,animate,by-personal-gender,3.02,
es,scooter,free_variation,scooter (vehicle),scooter (vehicle),False,inanimate,wordnet-first:noun.artifact,3.02,
es,subteniente,free_variation,sublieutenant,sublieutenant,False,animate,by-personal-gender;wordnet:noun.person,3.02,
es,hipster,free_variation,hipster,hipster,False,animate,by-personal-gender;wordnet:noun.person,3.01,
es,yihadista,free_variation,jihadist,jihadist,False,animate,by-personal-gender;wordnet:noun.person,3.01,
es,gimnasta,free_variation,gymnast,gymnast,False,animate,by-personal-gender;wordnet:noun.person,3.0,
es,islamista,free_variation,Islamist,Islamist,False,animate,by-personal-gender;wordnet:noun.person,2.99,
es,vudú,free_variation,voodoo,voodoo (person),False,animate,by-personal-gender,2.99,
es,aristócrata,free_variation,aristocrat,aristocrat,False,animate,by-personal-gender;wordnet:noun.person,2.98,
es,clarinete,free_variation,clarinet,clarinetist,False,animate,by-personal-gender,2.98,
es,paulista,free_variation,"native or inhabitant of the city of São Paulo, São Paulo state, Brazil or the state of São Paulo, Brazil","native or inhabitant of the city of São Paulo, São Paulo state, Brazil or the state of São Paulo, Brazil",False,animate,people-category;by-personal-gender;gloss;wordnet:noun.person,2.98,
es,fellow,free_variation,fellow,fellow,False,animate,by-personal-gender;wordnet:noun.person,2.97,
es,asaltante,free_variation,"raider, burglar","raider, burglar",False,animate,by-personal-gender;wordnet:noun.person,2.97,
es,exorcista,free_variation,exorcist,exorcist,False,animate,by-personal-gender;wordnet:noun.person,2.97,
es,burócrata,free_variation,bureaucrat,bureaucrat,False,animate,by-personal-gender;wordnet:noun.person,2.96,
es,déspota,free_variation,despot,despot,False,animate,people-category;by-personal-gender;wordnet:noun.person,2.96,
es,conferencista,free_variation,lecturer,lecturer,False,animate,by-personal-gender;wordnet:noun.person,2.95,Latin-America
es,zumba,free_variation,Zumba,"bashing, beating",False,uncertain,not-in-wordnet,2.94,
es,mánager,free_variation,manager,manager,False,animate,by-personal-gender;wordnet:noun.person,2.94,
es,articulista,free_variation,columnist (of a newspaper),columnist (of a newspaper),False,animate,by-personal-gender;wordnet:noun.person,2.94,
es,condestable,free_variation,constable (rank),constable (rank),False,animate,by-personal-gender;wordnet:noun.person,2.93,
es,exalcalde,free_variation,ex-mayor,ex-mayor,False,animate,gendered-counterpart;by-personal-gender;wordnet:noun.person,2.93,
es,trepa,free_variation,social climber,social climber,False,animate,by-personal-gender;wordnet:noun.person,2.92,
es,exjefe,free_variation,former boss,former boss,False,animate,gendered-counterpart;by-personal-gender;wordnet:noun.person,2.92,
es,gorrión,free_variation,sparrow,sparrow,False,animate,gendered-counterpart;animal-category;by-personal-gender;wordnet:noun.animal,2.92,
es,conferenciante,free_variation,"lecturer, someone who delivers a lecture","lecturer, someone who delivers a lecture",False,animate,by-personal-gender;wordnet:noun.person,2.9,
es,caricaturista,free_variation,caricaturist,caricaturist,False,animate,by-personal-gender;wordnet:noun.person,2.89,
es,aneurisma,free_variation,aneurysm,aneurysm,False,inanimate,wordnet-first:noun.state,2.89,
es,guardameta,free_variation,goalkeeper (player that protects a goal),goalkeeper (player that protects a goal),False,animate,by-personal-gender;wordnet:noun.person,2.89,
es,barman,free_variation,"barman, bartender","barman, bartender",False,animate,by-personal-gender;wordnet:noun.person,2.89,
es,maniquí,free_variation,"mannequin, dummy (life-size model of the human body)",mannequin (person who models clothes),False,animate,by-personal-gender;wordnet:noun.person,2.89,
es,firmante,free_variation,signatory,signatory,False,animate,by-personal-gender;wordnet:noun.person,2.88,
es,machi,free_variation,machi (Mapuche traditional healer),machi (Mapuche traditional healer),False,animate,people-category,2.88,
es,manifestante,free_variation,"protester, demonstrator","protester, demonstrator",False,animate,by-personal-gender;wordnet:noun.person,2.87,
es,yakuza,free_variation,yakuza (member of that crime gang),yakuza (Japanese organized crime gang),False,animate,people-category;by-personal-gender;wordnet:noun.person,2.87,
es,tonga,free_variation,a member of the Tonga people of southern Africa,coating (thin outer layer),False,animate,by-personal-gender,2.87,
es,transeúnte,free_variation,"transient, nonresident","transient, nonresident",False,animate,by-personal-gender;wordnet:noun.person,2.87,
es,alquimista,free_variation,alchemist,alchemist,False,animate,by-personal-gender;wordnet:noun.person,2.87,
es,ariete,free_variation,battering ram,striker,False,animate,by-personal-gender,2.86,
es,pederasta,free_variation,"pederast (man), korephile (woman)","pederast (man), korephile (woman)",False,animate,by-personal-gender;wordnet:noun.person,2.85,
es,agote,free_variation,A Cagot,A Cagot,False,animate,people-category;by-personal-gender,2.85,
es,pívot,free_variation,"center (US, CA), centre (UK) (the player, generally the tallest, who plays closest to the basket)","center (US, CA), centre (UK) (the player, generally the tallest, who plays closest to the basket)",False,animate,by-personal-gender,2.84,
es,pichi,free_variation,pinafore,"pee, piss, urine",False,inanimate,wordnet:noun.artifact,2.84,
es,modista,free_variation,"a tailor, fashion designer, or milliner","a tailor, fashion designer, or milliner",False,animate,people-category;by-personal-gender;wordnet:noun.person,2.84,
es,trol,free_variation,troll,troll,False,animate,by-personal-gender;wordnet:noun.person,2.84,
es,guardarropa,free_variation,"cloakroom; (US) checkroom, coatroom, coat check (a room intended for holding guests' cloaks and other heavy outerwear, as at a theater or night club)",cloakroom attendant,False,animate,by-personal-gender,2.83,
es,calafate,free_variation,caulker,caulker,False,animate,by-personal-gender,2.83,
es,paracaidista,free_variation,"parachutist, skydiver","parachutist, skydiver",False,animate,by-personal-gender;wordnet:noun.person,2.83,
es,tripulante,free_variation,crewmember,crewmember,False,animate,by-personal-gender,2.83,
es,panelista,free_variation,panelist,panelist,False,animate,by-personal-gender;wordnet:noun.person,2.82,Latin-America
es,rave,free_variation,rave (party),rave (party),False,inanimate,wordnet-first:noun.event,2.81,
es,asambleísta,free_variation,member of an assembly,member of an assembly,False,animate,by-personal-gender;gloss;wordnet:noun.person,2.81,
es,linde,free_variation,boundary,boundary,False,inanimate,wordnet:noun.location,2.81,
es,inge,free_variation,engineer,engineer,False,animate,by-personal-gender;wordnet:noun.person,2.81,
es,oficinista,free_variation,office worker,office worker,False,animate,by-personal-gender;wordnet:noun.person,2.8,
es,influencer,free_variation,influencer,influencer,False,animate,by-personal-gender,2.8,
es,chita,free_variation,cheetah (Acinonyx jubatus),cheetah (Acinonyx jubatus),False,animate,animal-category;wordnet:noun.animal,2.8,
es,caniche,free_variation,poodle,poodle,False,animate,animal-category;wordnet:noun.animal,2.8,
es,estafeta,free_variation,courier,courier,False,animate,people-category;by-personal-gender;wordnet:noun.person,2.8,Latin-America
es,curul,free_variation,seat (membership in a governing body),seat (membership in a governing body),False,animate,by-personal-gender,2.8,Latin-America
es,contrabandista,free_variation,"smuggler, contrabandist, bootlegger","smuggler, contrabandist, bootlegger",False,animate,by-personal-gender;wordnet:noun.person,2.79,
es,flautista,free_variation,flautist,flautist,False,animate,by-personal-gender;wordnet:noun.person,2.79,
es,superstar,free_variation,superstar,superstar,False,animate,by-personal-gender;wordnet:noun.person,2.78,
es,postulante,free_variation,candidate,candidate,False,animate,by-personal-gender;wordnet:noun.person,2.78,
es,médium,free_variation,medium (a person who claims to be able to communicate with the dead),medium (a person who claims to be able to communicate with the dead),False,animate,by-personal-gender,2.78,
es,propagandista,free_variation,propagandist,propagandist,False,animate,people-category;by-personal-gender;wordnet:noun.person,2.78,
es,gendarme,free_variation,policeperson (armed),policeperson (armed),False,animate,by-personal-gender,2.78,
es,courier,free_variation,courier,courier,False,animate,by-personal-gender;wordnet:noun.person,2.77,
es,pivote,free_variation,"pivot (a thing on which something turns; specifically a metal pointed pin or short shaft in machinery, such as the end of an axle or spindle)","center (US, CA), centre (UK) (the player, generally the tallest, who plays closest to the basket)",False,animate,by-personal-gender;wordnet:noun.person,2.77,
es,pitón,free_variation,small horn,python (snake),False,animate,animal-category;wordnet:noun.animal,2.77,
es,militarista,free_variation,militarist,militarist,False,animate,by-personal-gender;wordnet:noun.person,2.76,
es,organista,free_variation,organist,organist,False,animate,by-personal-gender;wordnet:noun.person,2.76,
es,cazafantasmas,free_variation,ghosthunter,ghosthunter,False,animate,by-personal-gender,2.75,
es,motorista,free_variation,"biker, motorcyclist","biker, motorcyclist",False,animate,by-personal-gender,2.75,
es,celebrity,free_variation,celebrity,celebrity,False,animate,by-personal-gender;wordnet:noun.person,2.75,
es,xeneize,free_variation,"a fan, player, or someone involved with Boca Juniors, a team from Buenos Aires","a fan, player, or someone involved with Boca Juniors, a team from Buenos Aires",False,animate,by-personal-gender,2.75,
es,testaferro,free_variation,"front man, straw man, figurehead","front man, straw man, figurehead",False,animate,by-personal-gender;wordnet:noun.person,2.74,
es,segur,free_variation,"a small axe similar to or also fulfilling the function of an adze, a scythe, a fascis, or even a spokeshave","a small axe similar to or also fulfilling the function of an adze, a scythe, a fascis, or even a spokeshave",False,inanimate,wordnet:noun.relation,2.74,
es,expareja,free_variation,"ex, ex-boyfriend/ex-girlfriend, ex-partner","ex, ex-boyfriend/ex-girlfriend, ex-partner",False,animate,by-personal-gender;wordnet:noun.person,2.73,
es,personalista,free_variation,personalist,personalist,False,animate,by-personal-gender,2.73,
es,proxeneta,free_variation,pimp (prostitution solicitor),pimp (prostitution solicitor),False,animate,by-personal-gender;wordnet:noun.person,2.73,
es,documentalista,free_variation,documentalist,documentalist,False,animate,people-category;by-personal-gender,2.73,
es,golfista,free_variation,golfer,golfer,False,animate,by-personal-gender;wordnet:noun.person,2.71,
es,cofrade,free_variation,brother (member of a guild or brotherhood),brother (member of a guild or brotherhood),False,animate,by-personal-gender;gloss;wordnet:noun.person,2.71,
es,automovilista,free_variation,car driver,car driver,False,animate,by-personal-gender;wordnet:noun.person,2.71,
es,impala,free_variation,impala,impala,False,animate,animal-category;by-personal-gender;wordnet:noun.animal,2.69,
es,bully,free_variation,bully,bully,False,animate,by-personal-gender;wordnet:noun.person,2.69,
es,pensionista,free_variation,pensioner,pensioner,False,animate,by-personal-gender;wordnet:noun.person,2.69,
es,surfista,free_variation,surfer,surfer,False,animate,by-personal-gender;wordnet:noun.person,2.68,
es,stripper,free_variation,stripper (one who removes one’s clothes as entertainment),stripper (one who removes one’s clothes as entertainment),False,animate,by-personal-gender,2.68,
es,aguafiestas,free_variation,"party pooper, wet blanket, spoilsport, killjoy","party pooper, wet blanket, spoilsport, killjoy",False,animate,people-category;by-personal-gender;wordnet:noun.person,2.68,
es,fisioterapeuta,free_variation,physiotherapist,physiotherapist,False,animate,by-personal-gender;wordnet:noun.person,2.68,
es,cuate,free_variation,twin (fraternal),twin (fraternal),False,animate,gendered-counterpart;by-personal-gender;wordnet:noun.person,2.68,Mexico
es,cuentista,free_variation,storyteller,storyteller,False,animate,by-personal-gender;wordnet:noun.person,2.67,
es,unionista,free_variation,unionist,unionist,False,animate,by-personal-gender;wordnet:noun.person,2.67,
es,speaker,free_variation,speaker (in parliament),speaker (in parliament),False,animate,by-personal-gender;wordnet:noun.person,2.67,
es,centroderecha,free_variation,center-right,center-right,False,uncertain,not-in-wordnet,2.67,
es,urbanista,free_variation,"urban planner, town planner","urban planner, town planner",False,animate,people-category;by-personal-gender;wordnet:noun.person,2.66,
es,comensal,free_variation,"messmate, commensal, fellow diner, dining companion","messmate, commensal, fellow diner, dining companion",False,animate,by-personal-gender;wordnet:noun.person,2.66,
es,subcomandante,free_variation,subcommander,subcommander,False,animate,by-personal-gender,2.66,
es,querellante,free_variation,plaintiff,plaintiff,False,animate,by-personal-gender;wordnet:noun.person,2.65,
es,webmaster,free_variation,webmaster,webmaster,False,animate,people-category;by-personal-gender;wordnet:noun.person,2.64,
es,tuareg,free_variation,Tuareg,Tuareg,False,animate,by-personal-gender;wordnet:noun.person,2.64,
es,supermodelo,free_variation,supermodel,supermodel,False,animate,by-personal-gender;wordnet:noun.person,2.64,
es,corista,free_variation,chorister,girl in a chorus line,False,animate,by-personal-gender;wordnet:noun.person,2.64,
es,senpai,free_variation,senpai,senpai,False,animate,by-personal-gender,2.64,
es,nikkei,free_variation,person of Japanese descent,person of Japanese descent,False,animate,by-personal-gender;gloss,2.63,
es,paisajista,free_variation,landscaper,landscaper,False,animate,by-personal-gender;wordnet:noun.person,2.63,
es,centroizquierda,free_variation,center-left,center-left,False,uncertain,not-in-wordnet,2.62,
es,pickup,free_variation,pickup (vehicle),pickup (vehicle),False,inanimate,wordnet:noun.artifact,2.61,
es,trompetista,free_variation,trumpeter,trumpeter,False,animate,by-personal-gender;wordnet:noun.person,2.61,
es,obstetra,free_variation,obstetrician (physician who specialises in childbirth),obstetrician (physician who specialises in childbirth),False,animate,by-personal-gender;wordnet:noun.person,2.61,
es,vicecanciller,free_variation,vice-chancellor,vice-chancellor,False,animate,by-personal-gender,2.61,
es,chikungunya,free_variation,chikungunya,chikungunya,False,animate,by-personal-gender,2.61,
es,velocista,free_variation,sprinter (one that sprints),sprinter (one that sprints),False,animate,people-category;by-personal-gender;wordnet:noun.person,2.59,
es,televidente,free_variation,television viewer,television viewer,False,animate,by-personal-gender;wordnet:noun.person,2.59,
es,albacea,free_variation,"testamentary executor, administrator","testamentary executor, administrator",False,animate,by-personal-gender;wordnet:noun.person,2.59,
es,cazatalentos,free_variation,"headhunter, recruiter","headhunter, recruiter",False,animate,by-personal-gender;wordnet:noun.person,2.59,
es,oculista,free_variation,optician,optician,False,animate,by-personal-gender;wordnet:noun.person,2.58,
es,ombudsman,free_variation,ombudsman,ombudsman,False,animate,by-personal-gender;wordnet:noun.person,2.58,
es,maquis,free_variation,maquis (Resistance during the Second World War),maquis (Resistance during the Second World War),False,animate,by-personal-gender;wordnet:noun.person,2.58,
es,millennial,free_variation,millennial,millennial,False,animate,by-personal-gender,2.58,
es,normalista,free_variation,student teacher,student teacher,False,animate,by-personal-gender;wordnet:noun.person,2.58,
es,vicealmirante,free_variation,vice admiral,vice admiral,False,animate,people-category;by-personal-gender;wordnet:noun.person,2.57,
es,plasta,free_variation,annoying or stupid person,"lump, soft mass of matter (usually soft, thick and sticky)",False,animate,by-personal-gender,2.57,
es,negociante,free_variation,shopkeeper,shopkeeper,False,animate,by-personal-gender;wordnet:noun.person,2.57,
es,colorista,free_variation,colourist,colourist,False,animate,by-personal-gender,2.57,
es,alevín,free_variation,"fry, alevin (young fish)","youngster, junior",False,animate,animal-category;by-personal-gender;wordnet:noun.person,2.57,
es,biblio,free_variation,Wikimedia jargon clipping of bibliotecario,Wikimedia jargon clipping of bibliotecario,False,animate,by-personal-gender,2.56,
es,penalista,free_variation,expert in criminal law,expert in criminal law,False,animate,by-personal-gender;gloss,2.56,
es,apóstata,free_variation,apostate (person who renounces a faith),apostate (person who renounces a faith),False,animate,people-category;by-personal-gender;wordnet:noun.person,2.56,
es,lehendakari,free_variation,synonym of lendakari,synonym of lendakari,False,animate,by-personal-gender,2.56,
es,intimista,free_variation,intimist,intimist,False,animate,by-personal-gender,2.56,
es,outsider,free_variation,outsider,outsider,False,animate,by-personal-gender;wordnet:noun.person,2.55,
es,proponente,free_variation,proponent,proponent,False,animate,by-personal-gender;wordnet:noun.person,2.55,
es,luminaria,free_variation,"luminary, star, celebrity",vigil fire,False,animate,by-personal-gender,2.55,
es,exfutbolista,free_variation,former football player,former football player,False,animate,by-personal-gender;wordnet:noun.person,2.55,
es,tratante,free_variation,animal trader,animal trader,False,animate,by-personal-gender;gloss;wordnet:noun.person,2.55,
es,financista,free_variation,financial adviser,financial adviser,False,animate,by-personal-gender;wordnet:noun.person,2.55,
es,sabelotodo,free_variation,know-it-all,know-it-all,False,animate,by-personal-gender;wordnet:noun.person,2.54,
es,conservacionista,free_variation,conservationist,conservationist,False,animate,by-personal-gender;wordnet:noun.person,2.54,
es,nigromante,free_variation,necromancer,necromancer,False,animate,by-personal-gender;wordnet:noun.person,2.54,
es,ascendiente,free_variation,ascendancy,ascendancy,False,animate,by-personal-gender,2.54,
es,saxofonista,free_variation,saxophonist,saxophonist,False,animate,by-personal-gender;wordnet:noun.person,2.53,
es,anestesista,free_variation,anaesthetist,anaesthetist,False,animate,by-personal-gender;wordnet:noun.person,2.53,
es,florista,free_variation,florist,florist,False,animate,people-category;by-personal-gender;wordnet:noun.person,2.53,
es,adquirente,free_variation,"acquisitor, acquirer, purchaser, buyer","acquisitor, acquirer, purchaser, buyer",False,animate,by-personal-gender,2.53,
es,ilusionista,free_variation,illusionist,illusionist,False,animate,people-category;by-personal-gender;wordnet:noun.person,2.52,
es,acróbata,free_variation,acrobat,acrobat,False,animate,by-personal-gender;wordnet:noun.person,2.52,
es,neko,free_variation,catgirl,catgirl,False,uncertain,not-in-wordnet,2.52,
es,socorrista,free_variation,lifeguard,lifeguard,False,animate,by-personal-gender;wordnet:noun.person,2.52,
es,expansionista,free_variation,expansionist,expansionist,False,animate,by-personal-gender,2.52,
es,beisbolista,free_variation,"baseball player, baseballer","baseball player, baseballer",False,animate,by-personal-gender;wordnet:noun.person,2.51,
es,comisionista,free_variation,commissioner,commissioner,False,animate,by-personal-gender;wordnet:noun.person,2.51,
es,quiche,free_variation,quiche (pie made from eggs),quiche (pie made from eggs),False,animate,wordnet:noun.person,2.5,
es,fanfarria,free_variation,braggart,fanfare,False,animate,by-personal-gender,2.5,
es,colaboracionista,free_variation,collaborator (one who cooperates traitorously with an enemy),collaborator (one who cooperates traitorously with an enemy),False,animate,by-personal-gender;wordnet:noun.person,2.5,
es,parte,meaning_split,message; report; dispatch,part; section; portion; share; piece; bit; cut; proportion,False,inanimate,wordnet:noun.relation,6.0,
es,frente,meaning_split,front,"forehead, brow",False,inanimate,wordnet:noun.body,5.41,
es,mano,meaning_split,"buddy, friend, bro, homie",hand,False,animate,gendered-counterpart,5.38,
es,cabeza,meaning_split,"guy, dude, man",head,False,inanimate,wordnet:noun.body,5.34,
es,defensa,meaning_split,back,defense,False,inanimate,wordnet:noun.act,5.06,
es,busca,meaning_split,pager (a wireless telecommunications device that receives text or voice messages),search (an attempt to find something),False,inanimate,wordnet:noun.act,5.05,
es,corte,meaning_split,cut (the act of cutting),"court (the hall, chamber, or place, where justice is administered)",False,inanimate,wordnet:noun.possession,5.04,
es,papa,meaning_split,pope (an honorary title of the Roman Catholic bishop of Rome),potato,False,animate,wordnet:noun.person,4.81,
es,disco,meaning_split,"disc, disk","club, discotheque",False,inanimate,wordnet:noun.group,4.69,
es,escucha,meaning_split,scout,listening,False,inanimate,wordnet-first:noun.act,4.58,
es,haz,meaning_split,bundle,face,False,inanimate,wordnet:noun.group,4.56,
es,margen,meaning_split,"margin, edge",river bank,False,inanimate,wordnet:noun.shape,4.47,
es,corona,meaning_split,"coronavirus, corona, rona",crown,False,inanimate,wordnet:noun.communication,4.47,
es,cura,meaning_split,priest; curate,cure (something that restores good health),False,inanimate,wordnet:noun.artifact,4.46,
es,rueda,meaning_split,a Rueda wine,"wheel (a circular device capable of rotating on its axis, facilitating movement or transportation or performing labour in machines)",False,inanimate,wordnet:noun.artifact,4.37,
es,manga,meaning_split,manga (comic originating in Japan),sleeve,False,inanimate,wordnet:noun.artifact,4.36,
es,tira,meaning_split,cop,"tie, ribbon",False,inanimate,wordnet:noun.artifact,4.34,
es,pez,meaning_split,fish (especially if alive or not intended for consumption),"pitch, tar",False,animate,animal-category;gloss;wordnet:noun.animal,4.19,
es,barba,meaning_split,"beardy, bearded man",beard,False,inanimate,wordnet:noun.body,4.14,
es,press,meaning_split,exercise press,news press,False,inanimate,wordnet:noun.state,4.14,
es,coma,meaning_split,coma (deep sleep),comma (punctuation mark),False,inanimate,wordnet-first:noun.communication,4.12,
es,conserva,meaning_split,A conservative,conserve,False,inanimate,wordnet-first:noun.food,4.08,
es,cólera,meaning_split,cholera,anger,False,inanimate,wordnet:noun.feeling,3.8,
es,pampa,meaning_split,language spoken in the pampas,pampas (plains of South America south of the Amazon),False,inanimate,wordnet-first:noun.location,3.74,
es,cometa,meaning_split,comet,kite (flying toy),False,inanimate,wordnet:noun.object,3.72,
es,lama,meaning_split,lama (master of Tibetan Buddhism),"slime, mud",False,inanimate,wordnet-first:noun.substance,3.55,
es,bata,meaning_split,child,"dressing gown, robe",False,inanimate,wordnet:noun.artifact,3.51,
es,tala,meaning_split,"tala (Celtis tala, a South American tree)","felling, cutting down",False,uncertain,not-in-wordnet,3.45,
es,tri,meaning_split,the Mexican national football team,the Ecuador national football team,False,inanimate,wordnet:noun.group,3.43,
es,cava,meaning_split,sparkling wine,dig,False,inanimate,wordnet-first:noun.location,3.38,
es,calavera,meaning_split,"libertine, playboy, party animal",skull,False,inanimate,wordnet:noun.body,3.35,
es,caché,meaning_split,"cachet, elegance, pompousness",cache (a fast temporary storage where recently or frequently used information is stored to avoid having to reload it from a slower storage medium),False,inanimate,wordnet-first:noun.communication,3.33,
es,chisme,meaning_split,gossip,bedbug,False,inanimate,wordnet:noun.communication,3.32,
es,trompa,meaning_split,"boss, protector","snout (long, projecting nose, mouth and jaw of a beast)",False,animate,wordnet:noun.animal,3.24,
es,tanga,meaning_split,"G-string, thong",southern lapwing,False,inanimate,wordnet-first:noun.artifact,3.24,Latin-America|Spain
es,cascabel,meaning_split,"jingle bell, sleigh bell",rattlesnake,False,inanimate,wordnet:noun.artifact,3.15,
es,maga,meaning_split,"Thespesia grandiflora, a tree native to Puerto Rico also planted elsewhere for its fairness and the working properties of its wood","female magician, female conjurer",False,animate,gloss;wordnet:noun.person,3.14,
es,mariquita,meaning_split,"queer, faggot (US), poof (UK)","ladybird (Commonwealth exc. Canada), ladybug (US, Canada)",False,animate,animal-category;wordnet:noun.animal,3.07,
es,tau,meaning_split,taw (22nd and last letter of the Hebrew alphabet),"tau; the Greek letter Τ, τ",False,inanimate,wordnet-first:noun.communication,3.04,
es,soma,meaning_split,soma,a kind of thick flour,False,inanimate,wordnet-first:noun.plant,2.94,
es,runa,meaning_split,man,rune,False,inanimate,wordnet-first:noun.communication,2.89,
es,gradiente,meaning_split,"gradient (the rate at which a physical quantity increases or decreases relative to change in a given variable, especially distance)","slope, incline, gradient",False,inanimate,wordnet:noun.relation,2.87,
es,limo,meaning_split,"mud, slime, silt",limousine,False,inanimate,wordnet:noun.substance,2.84,
es,montante,meaning_split,a two-handed sword,wall stud,False,inanimate,wordnet:noun.artifact,2.7,
es,giga,meaning_split,gigabyte,jig,False,inanimate,wordnet-first:noun.communication,2.57,
es,moma,meaning_split,Moma (language),Montagu's blenny (Coryphoblennius galerita),False,animate,wordnet:noun.animal,2.55,
es,feta,meaning_split,Feta cheese,"A thin slice of food, mainly cheese, cold cuts, or bread",False,inanimate,wordnet:noun.food,2.52,
