row,concept_en,de_lemma,es_lemma,flag
7.0,procession,Zug,procesión,PI review 2026-10-08 (drop)
8.0,balance,Saldo,balanza,PI review 2026-10-08 (drop)
9.0,temple,Tempel,sien,PI review 2026-10-08 (drop)
13.0,use,Verwendung,aprovechamiento,PI review 2026-10-08 (drop)
18.0,medicine,Medizin,medicamento,PI review 2026-10-08 (drop)
21.0,lesson,Unterricht,lección,PI review 2026-10-08 (drop)
22.0,resignation,Rücktritt,dimisión,PI review 2026-10-08 (drop)
25.0,desire,Lust,afán,PI review 2026-10-08 (drop)
33.0,relief,Erleichterung,relieve,PI review 2026-10-08 (drop)
38.0,flat,Scholle,apartamento,PI review 2026-10-08 (drop)
42.0,dip,Senkung,chapuzón,PI review 2026-10-08 (drop)
44.0,minute,Niederschrift,minuto,PI review 2026-10-08 (drop)
46.0,shelter,Unterschlupf,marquesina,PI review 2026-10-08 (drop)
51.0,tract,Trakt,extensión,PI review 2026-10-08 (drop)
53.0,link,Verknüpfung,nexo,PI review 2026-10-08 (drop)
54.0,clove,Zehe,clavero,PI review 2026-10-08 (drop)
57.0,training,Ausbildung,entrenamiento,PI review 2026-10-08 (drop)
65.0,chest,Brust,baúl,PI review 2026-10-08 (drop)
68.0,loft,Empore,desván,PI review 2026-10-08 (drop)
76.0,settlement,Siedlung,asentamiento,PI review 2026-10-08 (drop)
82.0,quotation,Aktienkurs,citación,PI review 2026-10-08 (drop)
83.0,band,Frequenzbereich,banda,PI review 2026-10-08 (drop)
89.0,equipment,Ausstattung,equipamiento,PI review 2026-10-08 (drop)
92.0,coating,Beschichtung,revestimiento,PI review 2026-10-08 (drop)
99.0,order,Reihenfolge,mandamiento,PI review 2026-10-08 (drop)
109.0,fraud,Betrügerin,fraude,PI review 2026-10-08 (drop)
123.0,bow,Verbeugung,arco,PI review 2026-10-08 (drop)
143.0,discharge,Entlastung,licenciamiento,PI review 2026-10-08 (drop)
211.0,crap,Kack,porquería,PI review 2026-10-08 (drop)
213.0,stretch,Teilstrecke,estiramiento,PI review 2026-10-08 (drop)
218.0,baton,Schlagstock,batuta,PI review 2026-10-08 (drop)
224.0,pot,Topf,olla,PI review 2026-10-08 (drop)
226.0,capital,Hauptstadt,capitel,PI review 2026-10-08 (drop)
234.0,volume,Lautstärke,volumen,PI review 2026-10-08 (drop)
235.0,corner,Ecke,rincón,PI review 2026-10-08 (drop)
240.0,plot,Handlung,terruño,PI review 2026-10-08 (drop)
249.0,spring,Frühling,fuente,PI review 2026-10-08 (drop)
250.0,monitoring,Beobachtung,seguimiento,PI review 2026-10-08 (drop)
254.0,clock,Turmuhr,reloj,PI review 2026-10-08 (drop)
268.0,cohesion,Zusammenhalt,cohesión,PI review 2026-10-08 (drop)
318.0,load,Belastung,cargamento,PI review 2026-10-08 (drop)
323.0,scooter,Motorroller,patineta,PI review 2026-10-08 (drop)
327.0,audience,Audienz,auditorio,PI review 2026-10-08 (drop)
331.0,property,Liegenschaft,inmueble,PI review 2026-10-08 (drop)
336.0,home,Heimat,hogar,PI review 2026-10-08 (drop)
341.0,litter,Unrat,camada,PI review 2026-10-08 (drop)
343.0,basis,Hauptbestandteil,fundamentación,PI review 2026-10-08 (drop)
363.0,fringe,Einfassung,flequillo,PI review 2026-10-08 (drop)
376.0,drill,Bohrmaschine,simulacro,PI review 2026-10-08 (drop)
381.0,slipper,Pantoffel,chancla,PI review 2026-10-08 (drop)
391.0,enrollment,Eintragung,alistamiento,PI review 2026-10-08 (drop)
,lip,Lippe,labio,Spanish noun in Phase 2 training (leak)
,sketch,Skizze,croquis,Spanish noun in Phase 2 training (leak)
,cucumber,Gurke,pepino,Spanish noun in Phase 2 training (leak)
,spleen,Milz,bazo,Spanish noun in Phase 2 training (leak)
,catwalk,Laufsteg,pasarela,Spanish noun in Phase 2 training (leak)
,yacht,Jacht,yate,Spanish noun in Phase 2 training (leak)
,larynx,Kehlkopf,laringe,Spanish noun in Phase 2 training (leak)
,apse,Apsis,ábside,Spanish noun in Phase 2 training (leak)
,honeycomb,Wabe,panal,Spanish noun in Phase 2 training (leak)
,group,Gruppe,grupo,Spanish noun in Phase 2 training (leak)
,sale,Verkauf,venta,Spanish noun in Phase 2 training (leak)
,traffic light,Ampel,semáforo,Spanish noun in Phase 2 training (leak)
,decency,Anstand,decencia,Spanish noun in Phase 2 training (leak)
,consent,Einwilligung,consentimiento,Spanish noun in Phase 2 training (leak)
,icon,Ikone,icono,Spanish noun in Phase 2 training (leak)
,isolation,Isolierung,aislamiento,Spanish noun in Phase 2 training (leak)
,trust,Treuhand,fideicomiso,Spanish noun in Phase 2 training (leak)
,cover-up,Vertuschung,encubrimiento,Spanish noun in Phase 2 training (leak)
,syntax,Satzbau,sintaxis,Spanish noun in Phase 2 training (leak)
,key,Schlüssel,llave,Spanish noun in Phase 2 training (leak)
,grill,Grill,parrilla,Spanish noun in Phase 2 training (leak)
,curtain,Vorhang,cortina,Spanish noun in Phase 2 training (leak)
,handle,Henkel,manija,Spanish noun in Phase 2 training (leak)
,apron,Schürze,delantal,Spanish noun in Phase 2 training (leak)
,coating,Beschichtung,revestimiento,Spanish noun in Phase 2 training (leak)
,kind,Art,género,Spanish noun in Phase 2 training (leak)
,death,Tod,muerte,Spanish noun in Phase 2 training (leak)
,practice,Praxis,adiestramiento,Spanish noun in Phase 2 training (leak)
,keel,Kiel,quilla,Spanish noun in Phase 2 training (leak)
,stay,Aufenthalt,estancia,Spanish noun in Phase 2 training (leak)
,neighbourhood,Nachbarschaft,barrio,Spanish noun in Phase 2 training (leak)
,establishment,Errichtung,establecimiento,Spanish noun in Phase 2 training (leak)
,flow,Flut,flujo,Spanish noun in Phase 2 training (leak)
,flank,Flanke,flanco,Spanish noun in Phase 2 training (leak)
,disease,Seuche,morbo,Spanish noun in Phase 2 training (leak)
,procedure,Prozedur,procedimiento,Spanish noun in Phase 2 training (leak)
,lawn,Rasenfläche,césped,Spanish noun in Phase 2 training (leak)
,railway,Eisenbahn,ferrocarril,animacy/group rules (v2): group (wordnet)
,army,Armee,ejército,animacy/group rules (v2): animate (gloss); group (wordnet)
,troop,Trupp,tropa,animacy/group rules (v2): animate (gloss); group (wordnet)
,audience,Audienz,auditorio,animacy/group rules (v2): group (wordnet)
,entourage,Gefolgschaft,séquito,animacy/group rules (v2): group (wordnet)
,underclass,Unterschicht,lumpen,"animacy/group rules (v2): animate (wordnet, 1st sense)"
,guild,Innung,gremio,animacy/group rules (v2): group (wordnet)
,litter,Unrat,camada,animacy/group rules (v2): group (wordnet)
,theocracy,Gottesstaat,teocracia,animacy/group rules (v2): group (wordnet)
,department,Abteilung,departamento,animacy/group rules (v2): group (wordnet)
,faction,Fraktion,bando,animacy/group rules (v2): group (wordnet)
,nursery school,Kindergarten,guardería,animacy/group rules (v2): group (wordnet)
,alignment,Ausrichtung,alineamiento,animacy/group rules (v2): group (wordnet)
,settlement,Siedlung,asentamiento,animacy/group rules (v2): group (wordnet)
,union,Zusammenschluss,unión,animacy/group rules (v2): group (wordnet)
,rally,Kundgebung,mitin,animacy/group rules (v2): group (wordnet)
,synod,Synode,sínodo,animacy/group rules (v2): group (wordnet)
,crossroads,Kreuzweg,encrucijada,animacy/group rules (v2): group (wordnet)
,band,Frequenzbereich,banda,animacy/group rules (v2): group (wordnet)
,bastion,Bastei,bastión,animacy/group rules (v2): group (wordnet)
,superpower,Supermacht,superpoder,animacy/group rules (v2): group (wordnet)
,fraud,Betrügerin,fraude,animacy/group rules (v2): German -in female form
,diaper,Windel,pañal,"sex-associated concept (training-set rule): de wordnet:garment.n.01, es wordnet:garment.n.01"
,miniskirt,Minirock,minifalda,"sex-associated concept (training-set rule): de wordnet:garment.n.01, es wordnet:garment.n.01"
,stone,Stein,piedra,English overlap: a word is also an unrelated English word (drop)
,mountain,Berg,montaña,English overlap: a word is also an unrelated English word (drop)
,castle,Burg,castillo,English overlap: a word is also an unrelated English word (drop)
,scenery,Aussicht,panorama,English overlap: a word is also an unrelated English word (drop)
,workshop,Werkstatt,taller,English overlap: a word is also an unrelated English word (drop)
,cathedral,Dom,catedral,English cognate (KEPT in primary; pre-registered sensitivity analysis without; PI 2026-10-08)
,rock,Felsen,peña,English overlap: a word is also an unrelated English word (drop)
,grill,Grill,parrilla,English cognate (KEPT in primary; pre-registered sensitivity analysis without; PI 2026-10-08)
,armament,Rüstung,armamento,English cognate (KEPT in primary; pre-registered sensitivity analysis without; PI 2026-10-08)
,restaurant,Gaststätte,restaurante,English cognate (KEPT in primary; pre-registered sensitivity analysis without; PI 2026-10-08)
,violin,Violine,violín,English overlap: both words are the English word (ambiguous as bare nouns; drop)
,circuit,Schaltung,circuito,English cognate (KEPT in primary; pre-registered sensitivity analysis without; PI 2026-10-08)
,underpants,Unterhose,calzón,"sex-associated concept (training-set rule): de wordnet:garment.n.01, es wordnet:garment.n.01"
,veranda,Veranda,porche,English cognate (KEPT in primary; pre-registered sensitivity analysis without; PI 2026-10-08)
,pulpit,Kanzel,púlpito,English cognate (KEPT in primary; pre-registered sensitivity analysis without; PI 2026-10-08)
,portfolio,Mappe,portafolio,English cognate (KEPT in primary; pre-registered sensitivity analysis without; PI 2026-10-08)
,deposit,Anzahlung,depósito,English cognate (KEPT in primary; pre-registered sensitivity analysis without; PI 2026-10-08)
,trombone,Posaune,trombón,English cognate (KEPT in primary; pre-registered sensitivity analysis without; PI 2026-10-08)
,melon,Melone,melón,English overlap: both words are the English word (ambiguous as bare nouns; drop)
,machete,Machete,machete,English overlap: both words are the English word (ambiguous as bare nouns; drop)
,clitoris,Klitoris,clítoris,English cognate (KEPT in primary; pre-registered sensitivity analysis without; PI 2026-10-08)
,clitoris,Klitoris,clítoris,"sex-associated concept (training-set rule): de gloss, es gloss"
,swimming pool,Swimmingpool,piscina,English cognate (KEPT in primary; pre-registered sensitivity analysis without; PI 2026-10-08)
,pancreas,Bauchspeicheldrüse,páncreas,English cognate (KEPT in primary; pre-registered sensitivity analysis without; PI 2026-10-08)
,amino acid,Aminosäure,aminoácido,English cognate (KEPT in primary; pre-registered sensitivity analysis without; PI 2026-10-08)
,infusion,Aufguss,infusión,English cognate (KEPT in primary; pre-registered sensitivity analysis without; PI 2026-10-08)
,valerian,Baldrian,valeriana,English cognate (KEPT in primary; pre-registered sensitivity analysis without; PI 2026-10-08)
,breast,Memme,seno,"sex-associated concept (training-set rule): de gloss, es gloss"
,calcite,Calcit,calcita,English cognate (KEPT in primary; pre-registered sensitivity analysis without; PI 2026-10-08)
,pin,Stecknadel,alfiler,"sex-associated concept (training-set rule): de wordnet:jewelry.n.01, es wordnet:jewelry.n.01"
,world,Welt,mundo,English overlap: a word is also an unrelated English word (drop)
,kind,Art,género,English overlap: a word is also an unrelated English word (drop)
,fear,Angst,miedo,English overlap: a word is also an unrelated English word (drop)
,death,Tod,muerte,English overlap: a word is also an unrelated English word (drop)
,contribution,Beitrag,contribución,English cognate (KEPT in primary; pre-registered sensitivity analysis without; PI 2026-10-08)
,procession,Zug,procesión,English cognate (KEPT in primary; pre-registered sensitivity analysis without; PI 2026-10-08)
,desire,Lust,afán,English overlap: a word is also an unrelated English word (drop)
,protection,Schutz,protección,English cognate (KEPT in primary; pre-registered sensitivity analysis without; PI 2026-10-08)
,exclusion,Abschluss,exclusión,English cognate (KEPT in primary; pre-registered sensitivity analysis without; PI 2026-10-08)
,impression,Eindruck,impresión,English cognate (KEPT in primary; pre-registered sensitivity analysis without; PI 2026-10-08)
,letter,Brief,carta,English overlap: a word is also an unrelated English word (drop)
,mood,Stimmung,humor,English overlap: a word is also an unrelated English word (drop)
,analysis,Analyse,análisis,English overlap: a word is also an unrelated English word (drop)
,construction,Aufbau,construcción,English cognate (KEPT in primary; pre-registered sensitivity analysis without; PI 2026-10-08)
,department,Abteilung,departamento,English cognate (KEPT in primary; pre-registered sensitivity analysis without; PI 2026-10-08)
,expression,Ausdruck,expresión,English cognate (KEPT in primary; pre-registered sensitivity analysis without; PI 2026-10-08)
,notification,Bescheid,notificación,English cognate (KEPT in primary; pre-registered sensitivity analysis without; PI 2026-10-08)
,expansion,Ausbau,expansión,English cognate (KEPT in primary; pre-registered sensitivity analysis without; PI 2026-10-08)
,indication,Anhalt,indicación,English cognate (KEPT in primary; pre-registered sensitivity analysis without; PI 2026-10-08)
,nursery school,Kindergarten,guardería,English overlap: a word is also an unrelated English word (drop)
,compensation,Ausgleich,compensación,English cognate (KEPT in primary; pre-registered sensitivity analysis without; PI 2026-10-08)
,excursion,Ausflug,excursión,English cognate (KEPT in primary; pre-registered sensitivity analysis without; PI 2026-10-08)
,anger,Zorn,ira,English overlap: a word is also an unrelated English word (drop)
,romanticism,Romantik,romanticismo,English cognate (KEPT in primary; pre-registered sensitivity analysis without; PI 2026-10-08)
,conservation,Naturschutz,conservación,English cognate (KEPT in primary; pre-registered sensitivity analysis without; PI 2026-10-08)
,demolition,Abbruch,demolición,English cognate (KEPT in primary; pre-registered sensitivity analysis without; PI 2026-10-08)
,section,Sektion,sector,English overlap: a word is also an unrelated English word (drop)
,relief,Erleichterung,relieve,English overlap: a word is also an unrelated English word (drop)
,frustration,Frust,frustración,English cognate (KEPT in primary; pre-registered sensitivity analysis without; PI 2026-10-08)
,union,Zusammenschluss,unión,English cognate (KEPT in primary; pre-registered sensitivity analysis without; PI 2026-10-08)
,reconstruction,Wiederaufbau,reconstrucción,English cognate (KEPT in primary; pre-registered sensitivity analysis without; PI 2026-10-08)
,cohesion,Zusammenhalt,cohesión,English cognate (KEPT in primary; pre-registered sensitivity analysis without; PI 2026-10-08)
,flank,Flanke,flanco,English cognate (KEPT in primary; pre-registered sensitivity analysis without; PI 2026-10-08)
,espionage,Spionage,espionaje,English cognate (KEPT in primary; pre-registered sensitivity analysis without; PI 2026-10-08)
,volume,Lautstärke,volumen,English cognate (KEPT in primary; pre-registered sensitivity analysis without; PI 2026-10-08)
,niche,Nische,nicho,English cognate (KEPT in primary; pre-registered sensitivity analysis without; PI 2026-10-08)
,omission,Wegfall,omisión,English cognate (KEPT in primary; pre-registered sensitivity analysis without; PI 2026-10-08)
,graduation,Schulabschluss,graduación,English cognate (KEPT in primary; pre-registered sensitivity analysis without; PI 2026-10-08)
,dividend,Dividende,dividendo,English overlap: both words are the English word (ambiguous as bare nouns; drop)
,emission,Ausstoß,emisión,English cognate (KEPT in primary; pre-registered sensitivity analysis without; PI 2026-10-08)
,referendum,Volksabstimmung,referéndum,English cognate (KEPT in primary; pre-registered sensitivity analysis without; PI 2026-10-08)
,homage,Hommage,homenaje,English cognate (KEPT in primary; pre-registered sensitivity analysis without; PI 2026-10-08)
,talent,Begabung,talento,English cognate (KEPT in primary; pre-registered sensitivity analysis without; PI 2026-10-08)
,motto,Devise,lema,English overlap: a word is also an unrelated English word (drop)
,synod,Synode,sínodo,English cognate (KEPT in primary; pre-registered sensitivity analysis without; PI 2026-10-08)
,interval,Zeitspanne,intervalo,English cognate (KEPT in primary; pre-registered sensitivity analysis without; PI 2026-10-08)
,invasion,Einmarsch,invasión,English cognate (KEPT in primary; pre-registered sensitivity analysis without; PI 2026-10-08)
,menu,Speisekarte,menú,English cognate (KEPT in primary; pre-registered sensitivity analysis without; PI 2026-10-08)
,port,Hafenstadt,puerto,English overlap: a word is also an unrelated English word (drop)
,life,Lebensweg,vida,English overlap: a word is also an unrelated English word (drop)
,horticulture,Gartenbau,horticultura,English cognate (KEPT in primary; pre-registered sensitivity analysis without; PI 2026-10-08)
,revocation,Widerruf,revocación,English cognate (KEPT in primary; pre-registered sensitivity analysis without; PI 2026-10-08)
,idyll,Idylle,idilio,English cognate (KEPT in primary; pre-registered sensitivity analysis without; PI 2026-10-08)
,stagnation,Stagnation,estancamiento,English cognate (KEPT in primary; pre-registered sensitivity analysis without; PI 2026-10-08)
,intervention,Übergriff,intervención,English cognate (KEPT in primary; pre-registered sensitivity analysis without; PI 2026-10-08)
,tumult,Randale,tumulto,English cognate (KEPT in primary; pre-registered sensitivity analysis without; PI 2026-10-08)
,acne,Akne,acné,English cognate (KEPT in primary; pre-registered sensitivity analysis without; PI 2026-10-08)
,hibernation,Winterschlaf,hibernación,English cognate (KEPT in primary; pre-registered sensitivity analysis without; PI 2026-10-08)
,hypertension,Bluthochdruck,hipertensión,English cognate (KEPT in primary; pre-registered sensitivity analysis without; PI 2026-10-08)
,superstition,Aberglaube,superstición,English cognate (KEPT in primary; pre-registered sensitivity analysis without; PI 2026-10-08)
,cancer,Krebserkrankung,cáncer,English cognate (KEPT in primary; pre-registered sensitivity analysis without; PI 2026-10-08)
,slogan,Losung,eslogan,English cognate (KEPT in primary; pre-registered sensitivity analysis without; PI 2026-10-08)
,nepotism,Vetternwirtschaft,nepotismo,English cognate (KEPT in primary; pre-registered sensitivity analysis without; PI 2026-10-08)
,intersection,Schnittpunkt,intersección,English cognate (KEPT in primary; pre-registered sensitivity analysis without; PI 2026-10-08)
,exclamation,Ausruf,exclamación,English cognate (KEPT in primary; pre-registered sensitivity analysis without; PI 2026-10-08)
,memorandum,Denkschrift,memorándum,English cognate (KEPT in primary; pre-registered sensitivity analysis without; PI 2026-10-08)
,hemisphere,Hemisphäre,hemisferio,English cognate (KEPT in primary; pre-registered sensitivity analysis without; PI 2026-10-08)
,band,Frequenzbereich,banda,English overlap: a word is also an unrelated English word (drop)
,bastion,Bastei,bastión,English cognate (KEPT in primary; pre-registered sensitivity analysis without; PI 2026-10-08)
,paranoia,Verfolgungswahn,paranoia,English cognate (KEPT in primary; pre-registered sensitivity analysis without; PI 2026-10-08)
,latitude,Breitengrad,latitud,English cognate (KEPT in primary; pre-registered sensitivity analysis without; PI 2026-10-08)
,triad,Dreiklang,tríada,English cognate (KEPT in primary; pre-registered sensitivity analysis without; PI 2026-10-08)
,superpower,Supermacht,superpoder,English cognate (KEPT in primary; pre-registered sensitivity analysis without; PI 2026-10-08)
,gonorrhea,Tripper,gonorrea,English cognate (KEPT in primary; pre-registered sensitivity analysis without; PI 2026-10-08)
,fraud,Betrügerin,fraude,English cognate (KEPT in primary; pre-registered sensitivity analysis without; PI 2026-10-08)
,fraud,Betrügerin,fraude,"sex-associated concept (training-set rule): de gloss, es -"
