layer,verbs_before,verbs_before_auc,verbs_after,verbs_after_auc,nonce_before,nonce_after,nonce_after_auc,nonce_after_random,nonce_cv_none,nonce_cv_none_auc,nouns_none,nouns_none_auc,nonce_cv_verb,nonce_cv_verb_auc,nouns_verb,nouns_verb_auc,nonce_cv_pooled,nonce_cv_pooled_auc,nouns_pooled,nouns_pooled_auc,nonce_cv_rank2,nonce_cv_rank2_auc,nouns_rank2,nouns_rank2_auc,nonce_cv_nonceonly,nonce_cv_nonceonly_auc,nouns_nonceonly,nouns_nonceonly_auc,nonce_after_near_chance
0,1.0,1.0,0.64,0.6781404958677686,1.0,0.9466666666666667,0.9924,1.0,1.0,1.0,0.9966666666666667,1.0,0.9466666666666667,0.9911111111111112,0.8166666666666668,0.9008888888888891,0.8933333333333333,0.9551111111111112,0.8566666666666667,0.9273333333333333,0.8799999999999999,0.8415555555555555,0.8166666666666668,0.888888888888889,0.8633333333333333,0.8053333333333332,0.9666666666666666,0.992,False
1,1.0,1.0,0.6639393939393938,0.6884573002754821,1.0,1.0,1.0,1.0,1.0,1.0,1.0,1.0,0.9966666666666667,1.0,0.9266666666666667,0.9824444444444446,0.9733333333333333,0.9951111111111111,0.9099999999999998,0.9662222222222223,0.75,0.7875555555555556,0.9133333333333334,0.9655555555555555,0.7333333333333333,0.7771111111111111,0.99,0.998,False
2,1.0,1.0,0.6807575757575759,0.69071854912764,1.0,0.9966666666666667,1.0,1.0,1.0,1.0,1.0,1.0,1.0,1.0,0.9100000000000001,0.9762222222222222,0.97,0.9951111111111111,0.86,0.9388888888888889,0.7300000000000001,0.7948888888888889,0.8633333333333333,0.9393333333333332,0.72,0.7913333333333333,0.96,0.9951111111111111,False
3,1.0,1.0,0.6422727272727273,0.6874380165289257,1.0,0.9933333333333333,1.0,1.0,1.0,1.0,1.0,1.0,1.0,1.0,0.9366666666666668,0.9806666666666667,0.9733333333333334,0.9957777777777779,0.8633333333333333,0.9437777777777778,0.7366666666666667,0.8037777777777778,0.8633333333333333,0.9457777777777778,0.73,0.8066666666666666,0.9666666666666666,0.9953333333333333,False
4,1.0,1.0,0.6304545454545455,0.6826882460973371,1.0,0.9966666666666667,1.0,1.0,1.0,1.0,1.0,1.0,0.9966666666666667,1.0,0.9933333333333334,1.0,0.9933333333333334,0.9997777777777778,0.9666666666666666,0.9962222222222223,0.7366666666666666,0.8111111111111111,0.9466666666666667,0.9882222222222223,0.7300000000000001,0.8099999999999999,0.9800000000000001,0.9984444444444444,False
5,1.0,1.0,0.6586363636363636,0.7109687786960512,1.0,1.0,1.0,1.0,1.0,1.0,1.0,1.0,1.0,1.0,1.0,1.0,0.9933333333333334,0.9997777777777778,0.97,0.9959999999999999,0.7266666666666667,0.7811111111111112,0.9433333333333334,0.9897777777777778,0.7133333333333333,0.7684444444444445,0.9833333333333334,0.9964444444444445,False
6,1.0,1.0,0.7010606060606059,0.7438911845730027,1.0,1.0,1.0,1.0,1.0,1.0,1.0,1.0,1.0,1.0,1.0,1.0,0.9966666666666667,1.0,0.99,0.9997777777777778,0.7466666666666667,0.8304444444444445,0.97,0.9948888888888889,0.7433333333333334,0.8273333333333334,0.9866666666666667,0.9995555555555555,False
7,0.9983333333333334,0.9999444444444444,0.7006060606060606,0.7592217630853995,1.0,0.9966666666666667,1.0,1.0,1.0,1.0,0.9966666666666667,1.0,0.9966666666666667,1.0,0.9966666666666667,1.0,0.9966666666666667,0.9951111111111111,0.99,0.9997777777777778,0.7699999999999999,0.8428888888888888,0.9766666666666668,0.9982222222222223,0.7733333333333334,0.8375555555555556,0.9800000000000001,0.9995555555555555,False
8,0.9983333333333334,0.9999444444444444,0.6775757575757575,0.7386271808999082,1.0,1.0,1.0,1.0,1.0,1.0,0.99,1.0,0.9966666666666667,1.0,0.9966666666666667,0.9997777777777778,0.9966666666666667,0.9988888888888889,0.9933333333333334,0.9997777777777778,0.7766666666666667,0.8524444444444444,0.9733333333333333,0.9982222222222223,0.7966666666666666,0.8575555555555555,0.9733333333333334,0.9986666666666668,False
9,1.0,1.0,0.6856060606060606,0.7403076216712579,1.0,0.9966666666666667,1.0,1.0,1.0,1.0,0.9966666666666667,1.0,0.9966666666666667,1.0,0.99,0.9997777777777778,0.9966666666666667,0.9962222222222223,0.9866666666666667,0.9995555555555555,0.8,0.8846666666666666,0.9700000000000001,0.9973333333333333,0.82,0.8844444444444445,0.9733333333333334,0.9971111111111112,False
10,1.0,1.0,0.6925757575757576,0.743799357208448,1.0,0.9966666666666667,0.9999111111111111,1.0,1.0,1.0,0.99,0.9997777777777778,0.9966666666666667,0.9995555555555555,0.9933333333333334,0.9993333333333332,0.9933333333333334,0.9942222222222222,0.99,0.9991111111111112,0.8400000000000001,0.9153333333333334,0.9666666666666668,0.9946666666666667,0.8566666666666667,0.9202222222222222,0.9800000000000001,0.9975555555555555,False
11,0.9966666666666667,0.9999444444444444,0.6572727272727272,0.7315771349862259,1.0,0.9966666666666667,0.9999555555555555,1.0,1.0,1.0,0.99,1.0,0.9966666666666667,0.9995555555555555,0.9866666666666667,0.9993333333333332,0.9933333333333334,0.9946666666666667,0.9800000000000001,0.998,0.8666666666666666,0.9308888888888889,0.9433333333333334,0.9913333333333334,0.8666666666666668,0.9306666666666666,0.96,0.9951111111111111,False
12,0.991638418079096,0.9997777777777778,0.6757575757575758,0.7331382001836547,0.9966666666666667,0.9966666666666667,1.0,0.9986666666666666,1.0,1.0,0.99,0.9986666666666666,0.9966666666666667,0.9997777777777778,0.9866666666666667,0.9997777777777778,0.99,0.9977777777777778,0.9833333333333334,0.998,0.8400000000000001,0.9108888888888889,0.9399999999999998,0.9908888888888889,0.8233333333333333,0.9135555555555556,0.9433333333333334,0.9913333333333334,False
13,0.9933050847457627,0.9997777777777778,0.6389393939393939,0.7144605142332414,1.0,1.0,1.0,1.0,1.0,1.0,0.99,0.9986666666666666,0.9966666666666667,1.0,0.9933333333333334,0.9997777777777778,0.9966666666666667,0.9997777777777778,0.9833333333333334,0.9986666666666666,0.86,0.9137777777777776,0.9466666666666665,0.9913333333333334,0.8633333333333333,0.9193333333333333,0.9466666666666667,0.9884444444444445,False
14,0.9949717514124294,0.9998888888888888,0.6592424242424243,0.7193411386593204,0.9966666666666667,1.0,1.0,0.9993333333333332,1.0,1.0,0.9933333333333334,0.9986666666666666,1.0,1.0,0.9933333333333334,1.0,0.9966666666666667,1.0,0.9866666666666667,0.9982222222222223,0.8133333333333332,0.8844444444444445,0.9400000000000001,0.9857777777777776,0.7966666666666666,0.8795555555555555,0.9400000000000001,0.984,False
15,0.9966666666666667,0.9998888888888888,0.6572727272727272,0.7200298438934803,0.9966666666666667,1.0,1.0,0.9993333333333332,0.9966666666666667,1.0,0.9833333333333334,0.998,0.9966666666666667,1.0,0.9966666666666667,1.0,0.9966666666666667,1.0,0.9833333333333332,0.9991111111111112,0.9266666666666667,0.9804444444444446,0.9466666666666667,0.9877777777777779,0.9400000000000001,0.9784444444444444,0.95,0.9926666666666668,False
16,0.9949999999999999,0.9999444444444444,0.6706060606060606,0.7244077134986225,0.9966666666666667,1.0,1.0,0.9966666666666667,1.0,1.0,0.9866666666666667,0.9986666666666666,0.9966666666666667,1.0,0.9933333333333334,1.0,0.9966666666666667,1.0,0.9733333333333334,0.9975555555555555,0.9066666666666666,0.9633333333333333,0.9233333333333335,0.9884444444444446,0.9166666666666666,0.9602222222222222,0.9466666666666667,0.9882222222222221,False
17,0.9966666666666667,0.9998888888888888,0.6674242424242424,0.7255853994490359,0.9933333333333333,0.9966666666666667,1.0,0.9933333333333334,0.99,0.9997777777777778,0.9766666666666668,0.9984444444444444,0.9966666666666667,1.0,0.9866666666666667,0.9991111111111112,0.99,1.0,0.9666666666666666,0.9966666666666667,0.8633333333333333,0.9355555555555556,0.9233333333333335,0.985111111111111,0.8766666666666666,0.9397777777777778,0.9433333333333334,0.9866666666666667,False
18,0.9983333333333334,0.9999444444444444,0.6587878787878788,0.7113797061524334,0.9933333333333333,0.9966666666666667,1.0,0.9946666666666667,0.9933333333333334,0.9997777777777778,0.9733333333333334,0.9975555555555555,0.9933333333333334,1.0,0.99,0.9995555555555555,0.99,0.9995555555555555,0.9666666666666666,0.9973333333333333,0.8733333333333333,0.9402222222222223,0.9333333333333332,0.977111111111111,0.8966666666666667,0.9482222222222223,0.9466666666666667,0.9837777777777778,False
19,0.9949999999999999,0.9998333333333334,0.662121212121212,0.7023186409550046,0.9966666666666667,1.0,1.0,0.9966666666666667,1.0,1.0,0.9833333333333334,0.9982222222222223,0.9966666666666667,1.0,0.9833333333333334,0.9995555555555555,0.9933333333333334,0.9995555555555555,0.9566666666666667,0.9935555555555556,0.7699999999999999,0.8320000000000001,0.9133333333333333,0.9728888888888889,0.7733333333333333,0.8264444444444445,0.93,0.9817777777777777,False
20,0.9949999999999999,0.9998888888888888,0.6653030303030303,0.7113269054178145,1.0,0.9966666666666667,1.0,1.0,1.0,1.0,0.99,0.9991111111111112,0.9966666666666667,1.0,0.9933333333333334,0.9997777777777778,0.9933333333333334,0.9995555555555555,0.9800000000000001,0.9973333333333333,0.7566666666666666,0.8235555555555557,0.9366666666666668,0.9815555555555555,0.75,0.8182222222222222,0.9433333333333334,0.9893333333333334,False
21,0.9983333333333334,0.9998333333333334,0.6534848484848486,0.7108769513314968,1.0,0.9966666666666667,1.0,1.0,0.9966666666666667,1.0,0.9933333333333334,0.9991111111111112,0.9966666666666667,1.0,0.9833333333333334,0.9993333333333332,0.9933333333333334,0.9995555555555555,0.9800000000000001,0.9977777777777778,0.7533333333333333,0.8135555555555556,0.9333333333333333,0.977111111111111,0.7433333333333334,0.8042222222222224,0.9466666666666667,0.9817777777777777,False
22,0.9983333333333334,0.9999444444444444,0.6418181818181818,0.6991850321395776,1.0,1.0,1.0,1.0,1.0,1.0,0.99,0.9995555555555555,1.0,1.0,0.9833333333333334,0.9988888888888889,0.9933333333333334,1.0,0.9766666666666666,0.9968888888888889,0.76,0.8253333333333334,0.9366666666666665,0.9853333333333334,0.7566666666666666,0.8106666666666668,0.9466666666666667,0.9844444444444445,False
23,0.9983333333333334,1.0,0.6604545454545455,0.6999908172635445,1.0,1.0,1.0,1.0,1.0,1.0,0.9933333333333334,0.9997777777777778,0.9966666666666667,0.9997777777777778,0.9966666666666667,1.0,0.9933333333333334,0.9988888888888889,0.9933333333333334,0.9995555555555555,0.7566666666666666,0.8228888888888889,0.96,0.9948888888888889,0.7766666666666667,0.8173333333333334,0.97,0.998,False
24,1.0,1.0,0.6553030303030303,0.7001101928374656,1.0,1.0,1.0,1.0,1.0,1.0,0.9933333333333334,1.0,0.9966666666666667,1.0,0.99,1.0,0.9933333333333334,0.9984444444444446,0.9866666666666667,0.9995555555555555,0.7566666666666666,0.818,0.9766666666666666,0.9984444444444444,0.7533333333333333,0.8164444444444445,0.9766666666666666,0.9995555555555555,False
25,1.0,1.0,0.6524242424242425,0.7036019283746555,1.0,0.9966666666666667,1.0,1.0,1.0,1.0,0.9966666666666667,1.0,0.9966666666666667,1.0,0.99,0.9997777777777778,0.99,0.9982222222222223,0.9833333333333332,0.9988888888888889,0.7700000000000001,0.8404444444444443,0.9766666666666666,0.9984444444444446,0.79,0.8380000000000001,0.9766666666666668,0.9995555555555555,False
26,0.9966666666666667,0.9999444444444444,0.6522727272727271,0.6970936639118458,1.0,1.0,1.0,1.0,1.0,1.0,0.9966666666666667,1.0,0.9966666666666667,1.0,0.9933333333333334,0.9997777777777778,0.9866666666666667,0.9997777777777778,0.99,0.9995555555555555,0.7766666666666666,0.8215555555555556,0.9800000000000001,0.9991111111111112,0.7666666666666666,0.8262222222222222,0.9866666666666667,0.9997777777777778,False
27,1.0,1.0,0.635909090909091,0.6899908172635445,1.0,1.0,1.0,1.0,1.0,1.0,0.9966666666666667,1.0,1.0,1.0,0.9833333333333332,0.9995555555555555,0.9866666666666667,0.9993333333333334,0.9799999999999999,0.9968888888888889,0.7866666666666667,0.8444444444444444,0.96,0.9953333333333333,0.7966666666666666,0.8444444444444444,0.9833333333333334,0.9993333333333332,False
28,1.0,1.0,0.6224242424242424,0.6715381083562901,0.9966666666666667,1.0,1.0,0.9966666666666667,1.0,1.0,0.9966666666666667,1.0,1.0,1.0,0.99,0.9997777777777778,0.9866666666666667,0.9995555555555555,0.9766666666666668,0.9971111111111112,0.8133333333333332,0.8557777777777777,0.9733333333333334,0.9922222222222222,0.79,0.863111111111111,0.9866666666666667,0.9942222222222222,False
29,1.0,1.0,0.641969696969697,0.6863269054178145,1.0,1.0,1.0,1.0,1.0,1.0,0.9966666666666667,1.0,1.0,1.0,0.99,0.9993333333333332,0.99,0.9997777777777778,0.9666666666666668,0.9968888888888889,0.8133333333333332,0.8504444444444443,0.9633333333333335,0.9955555555555555,0.8033333333333333,0.8528888888888888,0.99,0.9957777777777779,False
30,1.0,1.0,0.6453030303030303,0.6912878787878789,1.0,0.9966666666666667,0.9999555555555555,1.0,1.0,1.0,0.9966666666666667,1.0,0.9966666666666667,1.0,0.9866666666666667,0.9997777777777778,0.9933333333333334,0.9991111111111112,0.9733333333333333,0.998,0.8099999999999999,0.8555555555555555,0.9733333333333333,0.9957777777777777,0.7966666666666666,0.8502222222222222,0.9866666666666667,0.9959999999999999,False
31,1.0,1.0,0.6503030303030303,0.6942906336088154,1.0,0.9966666666666667,0.9999555555555555,1.0,1.0,1.0,0.9966666666666667,1.0,0.9966666666666667,1.0,1.0,1.0,0.9866666666666667,0.9986666666666666,0.9800000000000001,0.9986666666666666,0.8299999999999998,0.8546666666666667,0.9700000000000001,0.9955555555555555,0.8299999999999998,0.8539999999999999,0.9866666666666667,0.9973333333333333,False
32,1.0,1.0,0.6719696969696971,0.6920684113865931,1.0,0.9966666666666667,0.9999111111111111,1.0,1.0,1.0,0.9966666666666667,1.0,0.9966666666666667,1.0,0.9833333333333334,0.9997777777777778,0.9833333333333334,0.9988888888888889,0.9766666666666668,0.9988888888888889,0.8166666666666668,0.8584444444444443,0.97,0.9960000000000001,0.8200000000000001,0.8628888888888889,0.9833333333333334,0.9973333333333333,False
33,1.0,1.0,0.6584848484848485,0.6903489439853076,1.0,0.9966666666666667,0.9999111111111111,1.0,1.0,1.0,0.9966666666666667,0.9997777777777778,0.9933333333333334,1.0,0.9933333333333334,0.9995555555555555,0.99,0.9991111111111112,0.9800000000000001,0.9971111111111112,0.8200000000000001,0.8682222222222222,0.9666666666666668,0.992,0.8333333333333334,0.8686666666666666,0.9866666666666667,0.9953333333333333,False
34,1.0,1.0,0.6434848484848484,0.6802433425160699,1.0,0.9966666666666667,0.9999555555555555,1.0,1.0,1.0,0.9966666666666667,0.9997777777777778,0.9966666666666667,1.0,0.99,0.9995555555555555,0.9966666666666667,0.9995555555555555,0.9800000000000001,0.9964444444444445,0.8033333333333333,0.8684444444444445,0.9766666666666666,0.9880000000000001,0.82,0.8591111111111112,0.9833333333333334,0.9960000000000001,False
35,1.0,1.0,0.6586363636363638,0.6829017447199266,1.0,0.9933333333333333,0.9999111111111111,1.0,1.0,1.0,0.9966666666666667,1.0,1.0,1.0,0.9966666666666667,0.9995555555555555,0.9966666666666667,1.0,0.9766666666666668,0.9977777777777778,0.7933333333333333,0.8375555555555556,0.97,0.9886666666666667,0.7933333333333333,0.8351111111111111,0.9833333333333332,0.9955555555555555,False
36,0.9983333333333334,1.0,0.6822727272727274,0.6962488521579431,1.0,1.0,1.0,1.0,1.0,1.0,0.9966666666666667,1.0,1.0,1.0,0.9866666666666667,0.9995555555555555,0.99,1.0,0.9666666666666666,0.9968888888888889,0.8133333333333332,0.8582222222222222,0.9566666666666667,0.9875555555555555,0.8166666666666667,0.8564444444444443,0.9866666666666667,0.9962222222222221,False
