lemma,gender,zipf,ctx1_lp_m,ctx1_lp_f,ctx1_lp_n,ctx1_margin,ctx1_rival,ctx2_lp_m,ctx2_lp_f,ctx2_lp_n,ctx2_margin,ctx2_rival,status
Brücke,f,4.61,-18.1527099609375,-12.84240436553955,-19.532608032226562,5.310305595397949,m,-15.319096565246582,-9.706476211547852,-17.410362243652344,5.6126203536987305,m,known
Kuchen,m,4.48,-11.128339767456055,-19.67254066467285,-16.810428619384766,5.682088851928711,n,-11.470135688781738,-18.81281852722168,-14.873226165771484,3.403090476989746,n,known
Ofen,m,4.12,-12.804316520690918,-20.02109718322754,-17.73861312866211,4.934296607971191,n,-12.14638900756836,-15.581887245178223,-17.000160217285156,3.4354982376098633,f,known
Apfel,m,4.03,-12.613529205322266,-18.493240356445312,-19.48160743713379,5.879711151123047,f,-11.410112380981445,-17.452625274658203,-13.703540802001953,2.293428421020508,n,known
Rucksack,m,4.03,-13.37807846069336,-18.0404109954834,-18.84695816040039,4.662332534790039,f,-11.42262077331543,-18.755475997924805,-15.895808219909668,4.473187446594238,n,known
Leber,f,3.95,-20.725141525268555,-14.83029842376709,-21.344253540039062,5.894843101501465,m,-22.289108276367188,-16.920522689819336,-20.95600128173828,4.035478591918945,n,known
Tastatur,f,3.95,-17.657882690429688,-14.76207160949707,-16.05389976501465,1.2918281555175781,n,-17.311786651611328,-13.924756050109863,-17.185949325561523,3.26119327545166,n,known
Zigarette,f,3.94,-22.248666763305664,-15.28023910522461,-24.91138458251953,6.968427658081055,m,-21.872222900390625,-12.940217018127441,-22.41217041015625,8.932005882263184,m,known
Schrott,m,3.86,-14.649282455444336,-15.804636001586914,-15.526552200317383,0.8772697448730469,n,-14.45020866394043,-18.23809051513672,-16.4169864654541,1.9667778015136719,n,unsure
Landung,f,3.85,-19.86986541748047,-16.675329208374023,-21.380321502685547,3.1945362091064453,m,-20.294300079345703,-15.115127563476562,-20.965024948120117,5.179172515869141,m,known
Fahrbahn,f,3.84,-22.449291229248047,-15.755691528320312,-23.79793930053711,6.693599700927734,m,-20.35906982421875,-14.252609252929688,-21.743839263916016,6.1064605712890625,m,known
Lunge,f,3.83,-20.40955352783203,-14.190831184387207,-20.749303817749023,6.218722343444824,m,-18.22079849243164,-13.79970932006836,-19.70379638671875,4.421089172363281,m,known
Abgrund,m,3.81,-15.008352279663086,-22.86741065979004,-18.620258331298828,3.611906051635742,n,-12.460464477539062,-19.690799713134766,-16.19445037841797,3.7339859008789062,n,known
Bauernhof,m,3.77,-13.439053535461426,-19.250791549682617,-18.943668365478516,5.50461483001709,n,-9.503738403320312,-17.064008712768555,-15.368680000305176,5.864941596984863,n,known
Senf,m,3.72,-16.250608444213867,-22.411441802978516,-21.899147033691406,5.648538589477539,n,-14.88884449005127,-20.90488052368164,-19.657228469848633,4.768383979797363,n,known
Fertigung,f,3.72,-23.535850524902344,-15.832858085632324,-25.449329376220703,7.7029924392700195,m,-25.522769927978516,-15.871854782104492,-24.984607696533203,9.112752914428711,n,known
Schlauch,m,3.71,-14.645451545715332,-20.706186294555664,-19.60413932800293,4.958687782287598,n,-12.415522575378418,-18.820892333984375,-17.20110321044922,4.785580635070801,n,known
Gasse,f,3.71,-19.164634704589844,-15.20146369934082,-20.170175552368164,3.9631710052490234,m,-15.967769622802734,-12.136605262756348,-18.435169219970703,3.8311643600463867,m,known
Seife,f,3.67,-20.55074119567871,-18.099777221679688,-20.1705322265625,2.0707550048828125,n,-18.380931854248047,-16.17847442626953,-19.233020782470703,2.2024574279785156,m,known
Matratze,f,3.65,-22.467117309570312,-15.311971664428711,-21.873092651367188,6.561120986938477,n,-18.699748992919922,-13.042729377746582,-18.416093826293945,5.373364448547363,n,known
Baumwolle,f,3.65,-21.322351455688477,-17.651578903198242,-19.394962310791016,1.7433834075927734,n,-21.77450180053711,-16.446544647216797,-20.296985626220703,3.8504409790039062,n,known
Fernsehsender,m,3.64,-16.440784454345703,-21.72747039794922,-21.376846313476562,4.936061859130859,n,-12.144244194030762,-18.095478057861328,-17.73776626586914,5.593522071838379,n,known
Röhre,f,3.63,-19.585102081298828,-15.930181503295898,-19.067750930786133,3.1375694274902344,n,-17.18372917175293,-13.41806697845459,-18.933427810668945,3.76566219329834,m,known
Wasserfall,m,3.57,-13.746498107910156,-19.12786865234375,-18.401826858520508,4.655328750610352,n,-10.285624504089355,-15.094511985778809,-14.044463157653809,3.758838653564453,n,known
Kompass,m,3.52,-13.401002883911133,-19.910694122314453,-17.54119873046875,4.140195846557617,n,-11.108702659606934,-18.407161712646484,-14.985684394836426,3.876981735229492,n,known
Haube,f,3.51,-22.21830940246582,-19.642454147338867,-23.71651840209961,2.575855255126953,m,-18.264970779418945,-15.2579927444458,-20.7601318359375,3.0069780349731445,m,known
Niere,f,3.51,-20.383747100830078,-16.15087890625,-19.97966957092285,3.8287906646728516,n,-17.833574295043945,-14.688027381896973,-18.0189151763916,3.1455469131469727,m,known
Strang,m,3.5,-14.52687931060791,-20.029796600341797,-19.491165161132812,4.964285850524902,n,-14.080742835998535,-19.14133071899414,-17.15945816040039,3.0787153244018555,n,known
Kürbis,m,3.47,-12.219378471374512,-19.726224899291992,-17.201717376708984,4.982338905334473,n,-12.025209426879883,-19.748380661010742,-16.53691291809082,4.5117034912109375,n,known
Kutsche,f,3.43,-20.63339614868164,-17.283668518066406,-21.068544387817383,3.3497276306152344,m,-19.741533279418945,-13.365116119384766,-21.54792022705078,6.37641716003418,m,known
Spinat,m,3.41,-17.799083709716797,-25.65937042236328,-20.660804748535156,2.8617210388183594,n,-15.513574600219727,-23.103527069091797,-19.260765075683594,3.747190475463867,n,known
Socke,f,3.38,-17.961776733398438,-15.10763931274414,-18.85124397277832,2.854137420654297,m,-16.617740631103516,-13.1903076171875,-19.508390426635742,3.4274330139160156,m,known
Dolch,m,3.32,-16.94378662109375,-21.958450317382812,-18.492525100708008,1.5487384796142578,n,-15.186285018920898,-21.715534210205078,-16.79220199584961,1.605916976928711,n,known
Pranger,m,3.31,-17.023639678955078,-24.09869384765625,-18.630247116088867,1.606607437133789,n,-13.820122718811035,-18.986114501953125,-16.050430297851562,2.2303075790405273,n,known
Kassette,f,3.29,-21.141464233398438,-17.845420837402344,-19.598413467407227,1.7529926300048828,n,-17.46212387084961,-13.19533634185791,-17.946643829345703,4.266787528991699,m,known
Schornstein,m,3.29,-14.906481742858887,-20.126657485961914,-18.620088577270508,3.713606834411621,n,-12.436243057250977,-18.076753616333008,-15.901253700256348,3.465010643005371,n,known
Spülmaschine,f,3.28,-26.696584701538086,-17.217025756835938,-26.562904357910156,9.345878601074219,n,-24.47748565673828,-13.833940505981445,-23.500043869018555,9.66610336303711,n,known
Tanne,f,3.26,-21.675952911376953,-18.59446907043457,-21.936540603637695,3.081483840942383,m,-19.938236236572266,-13.345314025878906,-20.904125213623047,6.592922210693359,m,known
Nudel,f,3.25,-21.483943939208984,-17.123268127441406,-20.541683197021484,3.418415069580078,n,-18.733306884765625,-16.232872009277344,-19.109771728515625,2.5004348754882812,m,known
Vorrichtung,f,3.24,-23.187519073486328,-19.234928131103516,-19.97593116760254,0.7410030364990234,n,-20.483510971069336,-16.168685913085938,-18.310989379882812,2.142303466796875,n,unsure
Patrone,f,3.23,-19.947406768798828,-18.713857650756836,-18.747116088867188,0.03325843811035156,n,-18.406246185302734,-16.01751708984375,-16.865394592285156,0.8478775024414062,n,unsure
Anhöhe,f,3.22,-22.272449493408203,-15.837533950805664,-20.832197189331055,4.994663238525391,n,-18.30663299560547,-14.653395652770996,-17.216842651367188,2.5634469985961914,n,known
Rosengarten,m,3.21,-14.736297607421875,-19.392784118652344,-18.13427734375,3.397979736328125,n,-12.467458724975586,-17.88180160522461,-16.383350372314453,3.915891647338867,n,known
Zigarre,f,3.2,-24.982982635498047,-17.08863639831543,-24.248821258544922,7.160184860229492,n,-24.011043548583984,-15.235017776489258,-22.697118759155273,7.462100982666016,n,known
Birke,f,3.18,-21.00393295288086,-16.62718963623047,-19.86760139465332,3.2404117584228516,n,-20.175981521606445,-14.97559928894043,-20.548612594604492,5.200382232666016,m,known
Petersilie,f,3.15,-26.611175537109375,-21.05948829650879,-25.78348159790039,4.723993301391602,n,-22.948657989501953,-17.214908599853516,-23.093589782714844,5.7337493896484375,m,known
Fährte,f,3.1,-20.560020446777344,-15.121753692626953,-19.775367736816406,4.653614044189453,n,-22.67970085144043,-18.180469512939453,-20.885820388793945,2.705350875854492,n,known
Waschlappen,m,3.06,-17.06511878967285,-21.933433532714844,-16.99410629272461,-0.07101249694824219,n,-16.436471939086914,-21.967859268188477,-19.51025390625,3.073781967163086,n,unsure
Blumenkohl,m,3.05,-18.571548461914062,-22.951940536499023,-22.125988006591797,3.5544395446777344,n,-15.063358306884766,-21.226886749267578,-22.839555740356445,6.1635284423828125,f,known
Stoßstange,f,3.05,-20.889177322387695,-16.669124603271484,-22.01248550415039,4.220052719116211,m,-18.922523498535156,-14.683623313903809,-19.488882064819336,4.238900184631348,m,known
Weinkeller,m,3.03,-14.460083961486816,-26.602027893066406,-21.765180587768555,7.305096626281738,n,-12.09859848022461,-18.00711441040039,-16.446069717407227,4.347471237182617,n,known
Speiseröhre,f,3.0,-20.597991943359375,-16.164602279663086,-22.462772369384766,4.433389663696289,m,-21.57706069946289,-15.514049530029297,-23.344160079956055,6.063011169433594,m,known
Hohlraum,m,2.95,-17.679061889648438,-24.246234893798828,-21.733009338378906,4.053947448730469,n,-13.130050659179688,-19.971202850341797,-14.388758659362793,1.2587080001831055,n,known
Spange,f,2.95,-19.913482666015625,-17.536041259765625,-19.946210861206055,2.37744140625,m,-16.70533561706543,-14.18417739868164,-17.90814208984375,2.521158218383789,m,known
Knolle,f,2.89,-18.743633270263672,-16.687580108642578,-20.904891967773438,2.0560531616210938,m,-18.143348693847656,-14.613327026367188,-20.593042373657227,3.5300216674804688,m,known
Vogelscheuche,f,2.87,-20.228612899780273,-17.421098709106445,-21.57760238647461,2.807514190673828,m,-16.776966094970703,-13.595163345336914,-19.96851348876953,3.181802749633789,m,known
Überbau,m,2.87,-16.083791732788086,-19.920360565185547,-20.923004150390625,3.836568832397461,f,-15.54627799987793,-22.764280319213867,-19.95491600036621,4.408638000488281,n,known
Karabiner,m,2.86,-17.764238357543945,-19.220890045166016,-18.64299964904785,0.8787612915039062,n,-17.41423988342285,-18.130102157592773,-18.93118667602539,0.7158622741699219,f,unsure
Elektrode,f,2.83,-22.850055694580078,-20.559040069580078,-24.029094696044922,2.291015625,m,-20.720142364501953,-18.985563278198242,-21.213321685791016,1.734579086303711,m,known
Spindel,f,2.82,-19.748947143554688,-17.808631896972656,-20.169843673706055,1.9403152465820312,m,-20.51409912109375,-15.042411804199219,-21.649375915527344,5.471687316894531,m,known
Werkbank,f,2.82,-19.39840316772461,-15.265959739685059,-20.52703094482422,4.132443428039551,m,-17.103477478027344,-14.979377746582031,-17.30124855041504,2.1240997314453125,m,known
Kresse,f,2.81,-20.532106399536133,-18.610179901123047,-20.480932235717773,1.8707523345947266,n,-20.51372528076172,-16.169191360473633,-21.707277297973633,4.344533920288086,m,known
Aktentasche,f,2.8,-20.19109344482422,-14.869457244873047,-23.156204223632812,5.321636199951172,m,-20.604690551757812,-16.32635498046875,-21.870969772338867,4.2783355712890625,m,known
Apfelwein,m,2.79,-19.027891159057617,-21.02806854248047,-21.707324981689453,2.0001773834228516,f,-17.833118438720703,-22.77130889892578,-20.893327713012695,3.060209274291992,n,known
Sonnenblume,f,2.78,-18.01301383972168,-15.929827690124512,-20.3470458984375,2.083186149597168,m,-18.632476806640625,-14.266955375671387,-19.032960891723633,4.365521430969238,m,known
Tulpe,f,2.77,-20.232105255126953,-17.102508544921875,-19.437841415405273,2.3353328704833984,n,-18.50739860534668,-15.017117500305176,-19.051071166992188,3.490281105041504,m,known
Schützengraben,m,2.74,-17.365482330322266,-23.464122772216797,-19.265039443969727,1.899557113647461,n,-13.236473083496094,-18.59661102294922,-14.260257720947266,1.0237846374511719,n,known
Stoppuhr,f,2.73,-25.13280487060547,-16.64202117919922,-21.823820114135742,5.181798934936523,n,-22.44500160217285,-13.241411209106445,-21.530622482299805,8.28921127319336,n,known
Fingernagel,m,2.7,-19.01763153076172,-26.54334259033203,-23.229354858398438,4.211723327636719,n,-18.777111053466797,-25.38654327392578,-23.044761657714844,4.267650604248047,n,known
Anrichte,f,2.66,-23.099817276000977,-16.74720573425293,-23.880218505859375,6.352611541748047,m,-20.21063995361328,-17.037145614624023,-22.192235946655273,3.173494338989258,m,known
Mergel,m,2.63,-20.97420883178711,-21.283458709716797,-22.249210357666016,0.3092498779296875,f,-20.18907928466797,-21.309356689453125,-21.783344268798828,1.1202774047851562,f,unsure
Staffelei,f,2.62,-19.567045211791992,-15.408096313476562,-20.519460678100586,4.15894889831543,m,-19.444171905517578,-14.663290023803711,-19.575607299804688,4.780881881713867,m,known
Heilanstalt,f,2.57,-25.46497344970703,-22.784265518188477,-25.26829719543457,2.4840316772460938,n,-19.729135513305664,-17.011442184448242,-20.431873321533203,2.717693328857422,m,known
Abschleppwagen,m,2.57,-22.210453033447266,-27.448986053466797,-25.157588958740234,2.9471359252929688,n,-17.9975528717041,-23.753190994262695,-22.888015747070312,4.890462875366211,n,known
Thermoskanne,f,2.53,-22.801149368286133,-20.71111297607422,-24.654783248901367,2.090036392211914,m,-19.05440330505371,-14.744009017944336,-20.175840377807617,4.310394287109375,m,known
Ulme,f,2.53,-20.43951416015625,-16.81439971923828,-19.459442138671875,2.6450424194335938,n,-18.344524383544922,-15.52706241607666,-18.892654418945312,2.8174619674682617,m,known
Herzkammer,f,2.51,-24.02642250061035,-19.225961685180664,-19.713211059570312,0.48724937438964844,n,-24.830547332763672,-18.346534729003906,-20.30889129638672,1.9623565673828125,n,unsure
Zeder,f,2.5,-19.337825775146484,-17.772245407104492,-19.649080276489258,1.5655803680419922,m,-19.478288650512695,-16.52693748474121,-19.75874900817871,2.9513511657714844,m,known
Seite,f,5.49,-15.629228591918945,-12.01685905456543,-15.61966323852539,3.602804183959961,n,-14.353583335876465,-11.178927421569824,-16.741907119750977,3.1746559143066406,m,known
Funktion,f,4.79,-16.113910675048828,-10.553430557250977,-16.134506225585938,5.560480117797852,m,-16.52106475830078,-11.253646850585938,-16.495840072631836,5.242193222045898,n,known
Gegensatz,m,4.77,-13.498329162597656,-18.63473892211914,-21.208106994628906,5.136409759521484,f,-12.765748977661133,-17.500019073486328,-17.464929580688477,4.699180603027344,n,known
Behandlung,f,4.74,-19.694114685058594,-14.08503246307373,-20.229534149169922,5.609082221984863,m,-19.90367889404297,-13.09689712524414,-20.65133285522461,6.806781768798828,m,known
Vorteil,m,4.63,-12.245476722717285,-18.040603637695312,-16.720340728759766,4.4748640060424805,n,-11.155458450317383,-17.785377502441406,-16.779312133789062,5.62385368347168,n,known
Vorschlag,m,4.57,-10.976407051086426,-13.23153305053711,-15.800898551940918,2.2551259994506836,f,-11.650158882141113,-17.212181091308594,-16.642024993896484,4.991866111755371,n,known
Mut,m,4.54,-15.641632080078125,-21.974903106689453,-21.864538192749023,6.222906112670898,n,-15.650701522827148,-21.34400177001953,-19.635360717773438,3.984659194946289,n,known
Verlust,m,4.51,-13.493125915527344,-20.803340911865234,-20.654022216796875,7.160896301269531,n,-13.024983406066895,-18.841821670532227,-18.157745361328125,5.1327619552612305,n,known
Geburt,f,4.5,-18.90789031982422,-14.89374828338623,-17.133302688598633,2.2395544052124023,n,-18.881078720092773,-13.511283874511719,-18.62558364868164,5.114299774169922,n,known
Niederlage,f,4.47,-21.968936920166016,-14.840198516845703,-19.272491455078125,4.432292938232422,n,-19.075302124023438,-13.452117919921875,-18.166603088378906,4.714485168457031,n,known
Zufall,m,4.46,-11.951529502868652,-18.63459014892578,-17.04865837097168,5.097128868103027,n,-11.118768692016602,-18.4083251953125,-16.996557235717773,5.877788543701172,n,known
Landschaft,f,4.46,-17.9180908203125,-14.156957626342773,-19.051849365234375,3.7611331939697266,m,-17.97425079345703,-12.47178840637207,-17.85521697998047,5.383428573608398,n,known
Hölle,f,4.45,-18.05267333984375,-14.355945587158203,-15.827438354492188,1.4714927673339844,n,-16.79548454284668,-13.286664962768555,-16.06365394592285,2.776988983154297,n,known
Spannung,f,4.36,-20.646190643310547,-14.210382461547852,-21.587448120117188,6.435808181762695,m,-18.365806579589844,-12.296786308288574,-21.106124877929688,6.0690202713012695,m,known
Kenntnis,f,4.31,-21.59328269958496,-17.42506217956543,-16.751493453979492,-0.6735687255859375,n,-21.306228637695312,-16.237499237060547,-19.452964782714844,3.215465545654297,n,unsure
Beute,f,4.16,-19.059789657592773,-16.326385498046875,-20.33177947998047,2.7334041595458984,m,-19.76691436767578,-14.301176071166992,-21.39746856689453,5.465738296508789,m,known
Segen,m,4.08,-16.18439292907715,-20.98676109313965,-17.439823150634766,1.2554302215576172,n,-14.651327133178711,-21.301631927490234,-16.26971435546875,1.618387222290039,n,known
Arbeitslosigkeit,f,4.06,-23.406038284301758,-18.805246353149414,-20.200143814086914,1.3948974609375,n,-20.48361587524414,-18.391334533691406,-18.125659942626953,-0.2656745910644531,n,unsure
Verarbeitung,f,3.98,-19.15702247619629,-16.338884353637695,-20.75766944885254,2.8181381225585938,m,-21.599929809570312,-16.114147186279297,-21.658098220825195,5.485782623291016,m,known
Reichtum,m,3.98,-16.307138442993164,-19.21949577331543,-19.55961036682129,2.9123573303222656,f,-16.051939010620117,-19.185165405273438,-17.23710060119629,1.1851615905761719,n,known
Achse,f,3.97,-17.492191314697266,-16.230632781982422,-18.013904571533203,1.2615585327148438,m,-15.985143661499023,-12.806625366210938,-16.57621192932129,3.178518295288086,m,known
Wohlstand,m,3.97,-14.886566162109375,-19.963388442993164,-21.518821716308594,5.076822280883789,f,-15.163124084472656,-21.361614227294922,-19.068195343017578,3.905071258544922,n,known
Aufsatz,m,3.95,-12.21812629699707,-16.403156280517578,-16.803386688232422,4.185029983520508,f,-12.578536987304688,-17.6033992767334,-16.31415557861328,3.7356185913085938,n,known
Langeweile,f,3.85,-21.245859146118164,-16.947303771972656,-16.323482513427734,-0.6238212585449219,n,-18.949188232421875,-14.885347366333008,-15.82895565032959,0.943608283996582,n,unsure
Satzung,f,3.84,-20.26078224182129,-15.319597244262695,-18.552867889404297,3.2332706451416016,n,-18.508785247802734,-13.668834686279297,-16.651124954223633,2.982290267944336,n,known
Berührung,f,3.84,-24.7026424407959,-19.03758430480957,-21.665374755859375,2.6277904510498047,n,-21.392576217651367,-14.660723686218262,-20.990703582763672,6.32997989654541,n,known
Verstoß,m,3.83,-15.32068920135498,-24.77588653564453,-21.48485565185547,6.164166450500488,n,-15.046664237976074,-22.424055099487305,-18.522930145263672,3.4762659072875977,n,known
Ermordung,f,3.77,-23.70998764038086,-21.060644149780273,-24.687610626220703,2.649343490600586,m,-19.764278411865234,-15.807640075683594,-20.545673370361328,3.9566383361816406,m,known
Bergbau,m,3.73,-18.463035583496094,-20.4113712310791,-22.027647018432617,1.9483356475830078,f,-15.122438430786133,-20.561824798583984,-19.07642936706543,3.953990936279297,n,known
Verwandtschaft,f,3.72,-20.180328369140625,-18.69979476928711,-22.616119384765625,1.4805335998535156,m,-21.41295623779297,-16.2315731048584,-21.896316528320312,5.18138313293457,m,known
Handvoll,f,3.72,-20.554893493652344,-17.31406593322754,-20.441984176635742,3.127918243408203,n,-19.83069610595703,-15.3953857421875,-22.902795791625977,4.435310363769531,m,known
Scham,f,3.7,-20.251771926879883,-16.927385330200195,-19.967636108398438,3.040250778198242,n,-20.168500900268555,-15.056305885314941,-19.718351364135742,4.662045478820801,n,known
Erkältung,f,3.68,-23.59687614440918,-13.632040023803711,-23.02677345275879,9.394733428955078,n,-19.914405822753906,-12.74091625213623,-20.669883728027344,7.173489570617676,m,known
Gefangenschaft,f,3.67,-21.876388549804688,-16.669017791748047,-20.47531509399414,3.8062973022460938,n,-21.254920959472656,-15.2149076461792,-19.735624313354492,4.520716667175293,n,known
Skepsis,f,3.67,-22.43584442138672,-20.143964767456055,-25.239839553833008,2.291879653930664,m,-20.35418128967285,-17.896320343017578,-20.502092361450195,2.4578609466552734,m,known
Albtraum,m,3.65,-15.994699478149414,-19.40374755859375,-18.7724609375,2.777761459350586,n,-12.667292594909668,-16.971824645996094,-14.695087432861328,2.02779483795166,n,known
Zuneigung,f,3.63,-24.175451278686523,-18.10661506652832,-23.83060646057129,5.723991394042969,n,-22.91090202331543,-17.308509826660156,-20.82667350769043,3.5181636810302734,n,known
Müdigkeit,f,3.63,-23.789058685302734,-15.319751739501953,-20.033649444580078,4.713897705078125,n,-23.4205322265625,-16.164461135864258,-21.070068359375,4.905607223510742,n,known
Erwärmung,f,3.61,-20.551321029663086,-16.364736557006836,-24.126094818115234,4.18658447265625,m,-23.471908569335938,-15.22484016418457,-24.182937622070312,8.247068405151367,m,known
Gegenseite,f,3.59,-20.54576873779297,-13.40467643737793,-20.540693283081055,7.136016845703125,n,-19.167001724243164,-14.308947563171387,-17.55357551574707,3.2446279525756836,n,known
Belästigung,f,3.57,-23.850540161132812,-21.197168350219727,-24.06403350830078,2.653371810913086,m,-24.216880798339844,-16.55019760131836,-23.304595947265625,6.754398345947266,n,known
Erpressung,f,3.57,-21.887081146240234,-16.958511352539062,-22.009174346923828,4.928569793701172,m,-19.967636108398438,-16.125532150268555,-20.176240921020508,3.842103958129883,m,known
Zerfall,m,3.55,-14.777403831481934,-23.452674865722656,-21.532737731933594,6.75533390045166,n,-12.922603607177734,-21.733226776123047,-18.602510452270508,5.679906845092773,n,known
Symbolik,f,3.55,-19.66866111755371,-16.44242286682129,-19.21041488647461,2.7679920196533203,n,-18.261974334716797,-13.848671913146973,-17.297760009765625,3.4490880966186523,n,known
Schlagzeile,f,3.54,-17.08655548095703,-16.54879379272461,-19.426889419555664,0.5377616882324219,m,-17.349042892456055,-15.44320297241211,-19.347517013549805,1.9058399200439453,m,unsure
Verkleidung,f,3.51,-21.7225284576416,-15.66994571685791,-22.474008560180664,6.052582740783691,m,-23.211275100708008,-15.698470115661621,-23.152122497558594,7.453652381896973,n,known
Unterzeichnung,f,3.5,-23.62592124938965,-17.288097381591797,-27.001094818115234,6.337823867797852,m,-24.393388748168945,-15.682014465332031,-25.275550842285156,8.711374282836914,m,known
Gesundheitszustand,m,3.43,-18.194541931152344,-23.40097427368164,-21.968257904052734,3.7737159729003906,n,-16.08121109008789,-23.831298828125,-20.00027847290039,3.9190673828125,n,known
Psychoanalyse,f,3.42,-19.770721435546875,-15.730852127075195,-21.014169692993164,4.03986930847168,m,-21.614974975585938,-15.889558792114258,-20.814672470092773,4.925113677978516,n,known
Nervosität,f,3.42,-24.28117561340332,-18.253833770751953,-23.509483337402344,5.255649566650391,n,-20.344234466552734,-16.694608688354492,-21.477245330810547,3.649625778198242,m,known
Positionierung,f,3.42,-19.68896484375,-15.48359203338623,-21.82602310180664,4.2053728103637695,m,-21.33683204650879,-17.498228073120117,-22.223276138305664,3.838603973388672,m,known
Anonymität,f,3.42,-25.402645111083984,-16.794727325439453,-23.33694839477539,6.5422210693359375,n,-25.126672744750977,-14.564101219177246,-22.715961456298828,8.151860237121582,n,known
Trophäe,f,3.41,-24.153305053710938,-17.194725036621094,-24.44623565673828,6.958580017089844,m,-25.53390121459961,-16.38487434387207,-24.557605743408203,8.172731399536133,n,known
Charta,f,3.4,-23.687755584716797,-16.077760696411133,-21.54770851135254,5.469947814941406,n,-20.554073333740234,-15.767831802368164,-21.687145233154297,4.78624153137207,m,known
Verdrängung,f,3.38,-22.119766235351562,-18.159456253051758,-22.31112289428711,3.9603099822998047,m,-22.040904998779297,-15.31313705444336,-21.58925437927246,6.276117324829102,n,known
Verschuldung,f,3.37,-23.681119918823242,-17.585956573486328,-25.094921112060547,6.095163345336914,m,-26.183143615722656,-16.550430297851562,-26.16338348388672,9.612953186035156,n,known
Wiedergeburt,f,3.36,-19.997867584228516,-18.23269271850586,-21.396413803100586,1.7651748657226562,m,-21.092605590820312,-17.229772567749023,-20.48282814025879,3.2530555725097656,n,known
Enthüllung,f,3.35,-20.5230712890625,-16.8150577545166,-19.820491790771484,3.005434036254883,n,-19.683813095092773,-14.427490234375,-20.17321014404297,5.256322860717773,m,known
Tarnung,f,3.3,-21.095233917236328,-16.992443084716797,-23.082866668701172,4.102790832519531,m,-21.23322105407715,-14.249557495117188,-23.035480499267578,6.983663558959961,m,known
Unordnung,f,3.28,-22.540769577026367,-16.147584915161133,-21.594324111938477,5.446739196777344,n,-23.42253875732422,-15.597350120544434,-20.986419677734375,5.389069557189941,n,known
Sichtung,f,3.24,-22.197288513183594,-16.90802001953125,-21.37993621826172,4.471916198730469,n,-20.020000457763672,-14.009872436523438,-19.165414810180664,5.155542373657227,n,known
Paarung,f,3.24,-22.92156219482422,-16.31881332397461,-21.391490936279297,5.0726776123046875,n,-20.59061622619629,-16.245407104492188,-23.08863067626953,4.345209121704102,m,known
Büste,f,3.24,-21.992820739746094,-20.253808975219727,-19.697486877441406,-0.5563220977783203,n,-19.864288330078125,-15.311381340026855,-18.018272399902344,2.7068910598754883,n,unsure
Dschihad,m,3.22,-20.146806716918945,-22.444141387939453,-20.755765914916992,0.6089591979980469,n,-16.519939422607422,-20.301239013671875,-18.094348907470703,1.5744094848632812,n,unsure
Hinterhalt,m,3.21,-15.181370735168457,-20.8602237701416,-16.716421127319336,1.535050392150879,n,-12.702219009399414,-18.02129554748535,-14.425559997558594,1.7233409881591797,n,known
Höchststand,m,3.2,-15.51858139038086,-23.109020233154297,-19.802753448486328,4.284172058105469,n,-14.182347297668457,-23.89936065673828,-18.05819320678711,3.8758459091186523,n,known
Schwächung,f,3.2,-27.084680557250977,-22.11762046813965,-28.922353744506836,4.967060089111328,m,-22.28134536743164,-15.792341232299805,-20.437530517578125,4.64518928527832,n,known
Lawine,f,3.2,-21.931747436523438,-17.935331344604492,-20.18560028076172,2.2502689361572266,n,-22.267742156982422,-12.983843803405762,-21.03441619873047,8.050572395324707,n,known
Mystik,f,3.2,-19.993986129760742,-18.95648193359375,-21.797203063964844,1.0375041961669922,m,-20.3211727142334,-16.025999069213867,-20.446762084960938,4.295173645019531,m,known
Verstopfung,f,3.19,-20.384735107421875,-18.6672420501709,-22.10317039489746,1.7174930572509766,m,-16.765867233276367,-15.589195251464844,-19.605886459350586,1.1766719818115234,m,known
Rückschritt,m,3.16,-17.091197967529297,-22.710636138916016,-24.26604461669922,5.619438171386719,f,-13.845247268676758,-20.045066833496094,-19.2864933013916,5.441246032714844,n,known
Teint,m,3.15,-14.967660903930664,-24.624727249145508,-19.40718650817871,4.439525604248047,n,-17.102771759033203,-21.416728973388672,-19.508752822875977,2.4059810638427734,n,known
Muße,f,3.12,-20.548315048217773,-16.77067756652832,-18.82827377319336,2.057596206665039,n,-20.699047088623047,-14.969195365905762,-17.641895294189453,2.6726999282836914,n,known
Brandung,f,3.11,-20.18222427368164,-15.18942928314209,-19.244998931884766,4.055569648742676,n,-20.633983612060547,-13.222030639648438,-18.771404266357422,5.549373626708984,n,known
Mitgift,f,3.09,-25.50864028930664,-21.144851684570312,-19.673561096191406,-1.4712905883789062,n,-21.91359519958496,-15.61369514465332,-19.19762420654297,3.5839290618896484,n,conflict
Knebel,m,3.09,-17.90038299560547,-22.719608306884766,-20.96216583251953,3.0617828369140625,n,-14.418794631958008,-21.406463623046875,-18.706457138061523,4.287662506103516,n,known
Präambel,f,3.08,-16.196517944335938,-17.634540557861328,-15.969328880310059,-1.6652116775512695,n,-16.274555206298828,-16.711183547973633,-16.150075912475586,-0.5611076354980469,n,unsure
Ekstase,f,3.07,-20.654144287109375,-19.243709564208984,-19.04945945739746,-0.19425010681152344,n,-20.061025619506836,-18.321226119995117,-20.322799682617188,1.7397994995117188,m,unsure
Rundreise,f,3.06,-22.977813720703125,-15.157888412475586,-21.17698860168457,6.019100189208984,n,-19.936872482299805,-15.367183685302734,-20.062313079833984,4.56968879699707,m,known
Wählerschaft,f,3.04,-28.11077308654785,-21.462581634521484,-26.104930877685547,4.6423492431640625,n,-26.33450698852539,-19.775283813476562,-25.420740127563477,5.645456314086914,n,known
Sintflut,f,3.03,-18.913511276245117,-15.783037185668945,-19.822309494018555,3.130474090576172,m,-17.58871078491211,-12.343257904052734,-18.07972526550293,5.245452880859375,m,known
Wahrheitsgehalt,m,3.03,-17.417098999023438,-25.790647506713867,-24.182666778564453,6.765567779541016,n,-17.295623779296875,-28.94554328918457,-23.618404388427734,6.322780609130859,n,known
Raserei,f,3.01,-22.44149398803711,-20.57345199584961,-20.94330596923828,0.3698539733886719,n,-20.270952224731445,-16.558639526367188,-19.95722770690918,3.398588180541992,n,unsure
Umsiedlung,f,3.01,-27.85688018798828,-18.35796546936035,-26.996315002441406,8.638349533081055,n,-24.90973663330078,-15.694817543029785,-25.17278289794922,9.214919090270996,m,known
Zusicherung,f,2.97,-23.521474838256836,-18.002262115478516,-22.93014144897461,4.927879333496094,n,-20.94461441040039,-17.71172332763672,-20.861936569213867,3.1502132415771484,n,known
Fluglinie,f,2.97,-22.28458023071289,-19.760211944580078,-23.963321685791016,2.5243682861328125,m,-21.05162239074707,-16.599647521972656,-21.376544952392578,4.451974868774414,m,known
Meuterei,f,2.96,-26.19139862060547,-20.423810958862305,-22.924884796142578,2.5010738372802734,n,-21.589706420898438,-15.303844451904297,-22.019153594970703,6.285861968994141,m,known
Tätowierung,f,2.94,-21.74276351928711,-18.2183895111084,-22.810680389404297,3.524374008178711,m,-21.488372802734375,-12.702730178833008,-21.266191482543945,8.563461303710938,n,known
Fischfang,m,2.94,-16.573408126831055,-22.103796005249023,-20.289958953857422,3.716550827026367,n,-13.031256675720215,-20.475236892700195,-19.946388244628906,6.915131568908691,n,known
Hochschulabschluss,m,2.94,-19.21944236755371,-24.17814064025879,-24.301929473876953,4.958698272705078,f,-17.87624740600586,-24.361927032470703,-21.8255615234375,3.9493141174316406,n,known
Anreicherung,f,2.94,-22.272708892822266,-19.103065490722656,-24.115848541259766,3.1696434020996094,m,-22.35098648071289,-15.620920181274414,-21.275470733642578,5.654550552368164,n,known
Garnitur,f,2.93,-25.98908233642578,-19.784889221191406,-26.964088439941406,6.204193115234375,m,-21.76580047607422,-16.73586654663086,-19.24411392211914,2.5082473754882812,n,known
Abfallwirtschaft,f,2.92,-22.5145263671875,-20.686811447143555,-26.233116149902344,1.8277149200439453,m,-21.54590606689453,-15.906299591064453,-23.29883575439453,5.639606475830078,m,known
Selbstversorgung,f,2.9,-22.96120834350586,-18.610288619995117,-25.1829833984375,4.350919723510742,m,-21.603918075561523,-14.636602401733398,-22.470252990722656,6.967315673828125,m,known
Wiederentdeckung,f,2.9,-22.29373550415039,-19.88530731201172,-23.72916030883789,2.408428192138672,m,-22.03759002685547,-17.133882522583008,-21.14844512939453,4.014562606811523,n,known
Verengung,f,2.89,-21.490955352783203,-16.5573673248291,-23.70456886291504,4.933588027954102,m,-20.47325325012207,-14.776750564575195,-20.855743408203125,5.696502685546875,m,known
Lethargie,f,2.89,-22.083093643188477,-19.392362594604492,-22.050561904907227,2.6581993103027344,n,-20.736583709716797,-17.6212158203125,-20.074926376342773,2.4537105560302734,n,known
Virtuosität,f,2.87,-28.987873077392578,-25.21396255493164,-28.045549392700195,2.8315868377685547,n,-29.571136474609375,-23.507692337036133,-25.013029098510742,1.5053367614746094,n,known
Fremdenhass,m,2.86,-28.97367286682129,-30.472759246826172,-29.312572479248047,0.3388996124267578,n,-21.164581298828125,-27.012313842773438,-24.192733764648438,3.0281524658203125,n,unsure
Entgleisung,f,2.85,-21.426773071289062,-18.590578079223633,-26.117300033569336,2.8361949920654297,m,-20.14105224609375,-16.729114532470703,-24.01845932006836,3.411937713623047,m,known
Verarmung,f,2.85,-21.724788665771484,-19.41883659362793,-24.306068420410156,2.3059520721435547,m,-21.647109985351562,-16.4273738861084,-23.334197998046875,5.219736099243164,m,known
Sauerstoffmangel,m,2.84,-18.811614990234375,-27.281282424926758,-26.72939682006836,7.917781829833984,n,-14.565210342407227,-22.11136245727539,-17.908252716064453,3.3430423736572266,n,known
Aderlass,m,2.83,-18.345806121826172,-26.30870819091797,-22.617733001708984,4.2719268798828125,n,-15.956679344177246,-27.2740478515625,-20.72067642211914,4.7639970779418945,n,known
Abenddämmerung,f,2.83,-22.90093421936035,-20.047061920166016,-23.211496353149414,2.853872299194336,m,-23.49325942993164,-19.31734848022461,-21.648035049438477,2.330686569213867,n,known
Kopfschmerz,m,2.82,-18.756105422973633,-22.421825408935547,-21.700834274291992,2.9447288513183594,n,-14.477972030639648,-19.33480453491211,-19.918149948120117,4.856832504272461,f,known
Geschäftswelt,f,2.79,-21.402557373046875,-15.735939979553223,-20.297420501708984,4.561480522155762,n,-21.989038467407227,-18.307165145874023,-22.04170036315918,3.681873321533203,m,known
Rangordnung,f,2.79,-22.57903480529785,-18.83177947998047,-24.34810447692871,3.747255325317383,m,-19.8519344329834,-16.554594039916992,-22.1123046875,3.2973403930664062,m,known
Gründlichkeit,f,2.77,-25.346954345703125,-22.832481384277344,-23.896074295043945,1.0635929107666016,n,-21.07416534423828,-19.064701080322266,-20.2605037689209,1.1958026885986328,n,known
Athletik,f,2.76,-26.419921875,-22.56336784362793,-24.23438262939453,1.6710147857666016,n,-23.669403076171875,-20.605022430419922,-23.710750579833984,3.064380645751953,m,known
Schwall,m,2.75,-17.99673843383789,-22.468555450439453,-19.539697647094727,1.542959213256836,n,-15.992094039916992,-21.376483917236328,-19.501590728759766,3.5094966888427734,n,known
Reizung,f,2.73,-22.923492431640625,-19.513206481933594,-26.436304092407227,3.4102859497070312,m,-18.99437713623047,-16.627241134643555,-20.98625946044922,2.367136001586914,m,known
Wölbung,f,2.73,-23.970773696899414,-18.726696014404297,-23.250629425048828,4.523933410644531,n,-19.72210693359375,-14.632505416870117,-19.98940658569336,5.089601516723633,m,known
Seifenoper,f,2.72,-32.899593353271484,-26.241609573364258,-32.00682067871094,5.76521110534668,n,-26.067272186279297,-20.18714141845703,-26.963668823242188,5.880130767822266,m,known
Seegang,m,2.71,-21.223447799682617,-26.569150924682617,-24.244749069213867,3.02130126953125,n,-15.95225715637207,-22.492706298828125,-20.059650421142578,4.107393264770508,n,known
Rötung,f,2.7,-28.12013816833496,-22.637042999267578,-27.197649002075195,4.560606002807617,n,-20.841543197631836,-16.922555923461914,-22.645200729370117,3.918987274169922,m,known
Raubzug,m,2.7,-19.31945037841797,-23.529386520385742,-26.279857635498047,4.209936141967773,f,-16.339298248291016,-20.378772735595703,-21.596162796020508,4.0394744873046875,f,known
Meinungsmache,f,2.69,-25.48233985900879,-22.898189544677734,-19.44904899597168,-3.4491405487060547,n,-24.19976234436035,-17.698326110839844,-20.277790069580078,2.5794639587402344,n,conflict
Raubbau,m,2.69,-21.91891098022461,-23.996261596679688,-22.813833236694336,0.8949222564697266,n,-17.58304214477539,-20.551183700561523,-19.477962493896484,1.8949203491210938,n,unsure
Eisprung,m,2.68,-16.414997100830078,-23.266700744628906,-21.792476654052734,5.377479553222656,n,-14.696393966674805,-23.743927001953125,-22.395896911621094,7.699502944946289,n,known
Zyste,f,2.68,-21.446659088134766,-19.453947067260742,-22.350753784179688,1.9927120208740234,m,-18.98541831970215,-15.93100357055664,-19.809877395629883,3.054414749145508,m,known
Selbstbedienung,f,2.68,-23.67850112915039,-18.91678810119629,-26.531574249267578,4.761713027954102,m,-21.312301635742188,-16.648971557617188,-21.672290802001953,4.663330078125,m,known
Verfeinerung,f,2.62,-22.377994537353516,-17.489587783813477,-23.137216567993164,4.888406753540039,m,-24.089237213134766,-15.80940055847168,-23.391098022460938,7.581697463989258,n,known
Maiskolben,m,2.57,-19.148622512817383,-27.69919204711914,-23.978858947753906,4.830236434936523,n,-17.174144744873047,-23.70348358154297,-21.158607482910156,3.9844627380371094,n,known
Primas,m,2.57,-19.59177017211914,-23.536237716674805,-21.722551345825195,2.1307811737060547,n,-18.46516990661621,-22.71511459350586,-20.680030822753906,2.2148609161376953,n,known
Untertasse,f,2.52,-23.602033615112305,-21.14104461669922,-23.260820388793945,2.1197757720947266,n,-21.733867645263672,-15.351524353027344,-20.20882225036621,4.857297897338867,n,known
Parteinahme,f,2.52,-25.16230010986328,-22.099349975585938,-25.80310821533203,3.0629501342773438,m,-25.201248168945312,-19.31753921508789,-26.550823211669922,5.883708953857422,m,known
Kleidung,f,4.46,-19.804149627685547,-15.301286697387695,-20.398963928222656,4.502862930297852,m,-20.923995971679688,-14.893115997314453,-20.346302032470703,5.45318603515625,n,known
Dreck,m,4.28,-14.312975883483887,-20.26593017578125,-17.556486129760742,3.2435102462768555,n,-12.328018188476562,-19.804519653320312,-17.72319793701172,5.395179748535156,n,known
Stuhl,m,4.28,-13.595575332641602,-17.974262237548828,-17.847402572631836,4.251827239990234,n,-11.480438232421875,-16.297931671142578,-15.819253921508789,4.338815689086914,n,known
Dom,m,4.18,-14.874268531799316,-19.103961944580078,-17.82183074951172,2.9475622177124023,n,-12.613215446472168,-18.234107971191406,-17.080921173095703,4.467705726623535,n,known
Schicht,f,4.17,-21.932151794433594,-17.18067741394043,-21.12517547607422,3.944498062133789,n,-17.52367401123047,-13.992443084716797,-20.61996078491211,3.531230926513672,m,known
Toilette,f,4.13,-21.9371337890625,-14.229642868041992,-21.411563873291016,7.181921005249023,n,-17.14364242553711,-10.526789665222168,-16.76453971862793,6.237750053405762,n,known
Lücke,f,4.08,-21.004165649414062,-12.678583145141602,-21.792156219482422,8.325582504272461,m,-12.66476058959961,-9.930177688598633,-18.67763900756836,2.7345829010009766,m,known
Bildschirm,m,4.08,-11.190557479858398,-16.48934555053711,-20.112255096435547,5.298788070678711,f,-12.598820686340332,-17.71354866027832,-15.644073486328125,3.045252799987793,n,known
Wohnraum,m,3.97,-13.96200942993164,-20.686500549316406,-19.9903564453125,6.028347015380859,n,-13.854772567749023,-20.353511810302734,-19.66172218322754,5.806949615478516,n,known
Gürtel,m,3.92,-15.001323699951172,-20.86590576171875,-21.28732681274414,5.864582061767578,f,-15.513376235961914,-18.82579803466797,-20.605239868164062,3.3124217987060547,f,known
Korb,m,3.87,-13.383380889892578,-19.919206619262695,-19.512073516845703,6.128692626953125,n,-11.085549354553223,-17.48501205444336,-17.689659118652344,6.399462699890137,f,known
Teich,m,3.83,-13.944475173950195,-22.373645782470703,-19.149070739746094,5.204595565795898,n,-10.461451530456543,-17.004806518554688,-15.019255638122559,4.557804107666016,n,known
Schüssel,f,3.81,-17.166967391967773,-15.586851119995117,-18.26673698425293,1.5801162719726562,m,-17.582761764526367,-14.266855239868164,-20.61741065979004,3.315906524658203,m,known
Pfeffer,m,3.81,-14.072946548461914,-22.51487922668457,-18.31985092163086,4.246904373168945,n,-16.11884307861328,-23.596755981445312,-17.674556732177734,1.5557136535644531,n,known
Aufkleber,m,3.8,-14.588434219360352,-17.918428421020508,-16.642385482788086,2.0539512634277344,n,-12.622526168823242,-16.901283264160156,-15.2582426071167,2.635716438293457,n,known
Fähre,f,3.78,-17.832508087158203,-14.455244064331055,-18.539926528930664,3.3772640228271484,m,-16.24530601501465,-11.784208297729492,-16.055286407470703,4.271078109741211,n,known
Rüstung,f,3.69,-20.011852264404297,-16.251590728759766,-20.669315338134766,3.7602615356445312,m,-22.468231201171875,-14.06922721862793,-20.586334228515625,6.517107009887695,n,known
Gaststätte,f,3.63,-23.08854866027832,-18.319194793701172,-20.383773803710938,2.0645790100097656,n,-16.391277313232422,-11.293213844299316,-17.096088409423828,5.0980634689331055,m,known
Sporthalle,f,3.52,-22.028156280517578,-16.19719696044922,-19.739856719970703,3.5426597595214844,n,-17.282785415649414,-12.172078132629395,-18.00772476196289,5.1107072830200195,m,known
Dachboden,m,3.5,-13.353031158447266,-21.575708389282227,-16.060441970825195,2.7074108123779297,n,-12.012006759643555,-19.32806396484375,-14.229904174804688,2.217897415161133,n,known
Weinberg,m,3.5,-15.430381774902344,-23.010581970214844,-17.522653579711914,2.0922718048095703,n,-11.837334632873535,-16.207290649414062,-16.30046844482422,4.369956016540527,f,known
Landkarte,f,3.47,-17.425125122070312,-12.748912811279297,-18.467567443847656,4.676212310791016,m,-16.709245681762695,-12.44101333618164,-15.185136795043945,2.7441234588623047,n,known
Schranke,f,3.45,-17.48867416381836,-15.862102508544922,-17.99954605102539,1.6265716552734375,m,-15.613221168518066,-12.276884078979492,-16.37074851989746,3.336337089538574,m,known
Schaltung,f,3.44,-18.154308319091797,-13.50210952758789,-22.003284454345703,4.652198791503906,m,-19.44024658203125,-15.184173583984375,-22.065176010131836,4.256072998046875,m,known
Veranda,f,3.31,-18.666919708251953,-14.582808494567871,-20.283775329589844,4.084111213684082,m,-18.494895935058594,-14.996538162231445,-19.846927642822266,3.4983577728271484,m,known
Kanzel,f,3.31,-26.855823516845703,-15.524144172668457,-25.937435150146484,10.413290977478027,n,-20.250080108642578,-12.569381713867188,-19.8992919921875,7.3299102783203125,n,known
Galgen,m,3.27,-16.4468936920166,-28.334735870361328,-22.56411361694336,6.117219924926758,n,-12.638513565063477,-23.448055267333984,-17.921340942382812,5.282827377319336,n,known
Nussbaum,m,3.25,-15.118736267089844,-20.128725051879883,-20.645437240600586,5.009988784790039,f,-13.197221755981445,-18.896892547607422,-18.076215744018555,4.878993988037109,n,known
Mappe,f,3.25,-17.64535140991211,-14.585097312927246,-16.78359603881836,2.1984987258911133,n,-18.585538864135742,-15.226766586303711,-19.005037307739258,3.3587722778320312,m,known
Strohhalm,m,3.23,-15.206864356994629,-19.680530548095703,-21.03778839111328,4.473666191101074,f,-13.75575065612793,-19.389341354370117,-17.480960845947266,3.725210189819336,n,known
Anzahlung,f,3.22,-20.458904266357422,-17.550338745117188,-22.659780502319336,2.9085655212402344,m,-18.957773208618164,-16.11474609375,-20.19176483154297,2.843027114868164,m,known
Herberge,f,3.2,-20.278270721435547,-18.68238067626953,-19.00785255432129,0.3254718780517578,n,-16.53725242614746,-11.96136474609375,-15.834625244140625,3.873260498046875,n,unsure
Posaune,f,3.2,-21.851839065551758,-16.947635650634766,-23.65178680419922,4.904203414916992,m,-20.692211151123047,-14.680578231811523,-21.435964584350586,6.011632919311523,m,known
Mitschnitt,m,3.13,-13.588829040527344,-18.81624412536621,-14.924644470214844,1.3358154296875,n,-13.55405044555664,-17.36783218383789,-14.813748359680176,1.2596979141235352,n,known
Ferse,f,3.06,-19.336673736572266,-17.295135498046875,-19.195419311523438,1.9002838134765625,n,-20.439823150634766,-16.050487518310547,-19.504371643066406,3.4538841247558594,n,known
Swimmingpool,m,3.0,-15.368157386779785,-20.56252670288086,-17.913461685180664,2.545304298400879,n,-12.227737426757812,-16.011497497558594,-14.118648529052734,1.8909111022949219,n,known
Diele,f,2.98,-20.800357818603516,-16.1603946685791,-16.454551696777344,0.2941570281982422,n,-18.354217529296875,-14.943460464477539,-17.586265563964844,2.6428050994873047,n,unsure
Deponie,f,2.95,-22.236005783081055,-16.87010955810547,-21.800697326660156,4.9305877685546875,n,-16.93036651611328,-14.133560180664062,-16.5999698638916,2.466409683227539,n,known
Parzelle,f,2.95,-20.253246307373047,-18.213672637939453,-21.834747314453125,2.0395736694335938,m,-18.32733154296875,-16.6032772064209,-21.20114517211914,1.7240543365478516,m,known
Verzierung,f,2.94,-21.280391693115234,-17.865638732910156,-24.01308822631836,3.414752960205078,m,-23.885713577270508,-18.79372215270996,-25.390979766845703,5.091991424560547,m,known
Aussichtsturm,m,2.94,-17.56520652770996,-26.02113151550293,-16.09060287475586,-1.4746036529541016,n,-12.252115249633789,-20.634578704833984,-12.721853256225586,0.4697380065917969,n,unsure
Bauchspeicheldrüse,f,2.89,-19.423763275146484,-17.59801483154297,-20.548381805419922,1.8257484436035156,m,-20.134634017944336,-19.132328033447266,-20.84800148010254,1.0023059844970703,m,known
Aminosäure,f,2.86,-24.12051773071289,-20.232467651367188,-22.35869598388672,2.1262283325195312,n,-21.86732292175293,-17.88747787475586,-19.868947982788086,1.9814701080322266,n,known
Behaarung,f,2.83,-24.160877227783203,-18.85795021057129,-24.710668563842773,5.302927017211914,m,-24.763633728027344,-19.199119567871094,-24.78932762145996,5.56451416015625,m,known
Tischdecke,f,2.79,-21.042102813720703,-17.548311233520508,-21.684680938720703,3.4937915802001953,m,-20.760448455810547,-15.77829360961914,-21.166847229003906,4.982154846191406,m,known
Schaubühne,f,2.77,-27.68193817138672,-24.44334602355957,-30.533676147460938,3.2385921478271484,m,-24.930326461791992,-19.26061248779297,-27.54105567932129,5.669713973999023,m,known
Anklagebank,f,2.74,-23.012590408325195,-19.835874557495117,-24.82813835144043,3.176715850830078,m,-19.991167068481445,-18.244245529174805,-22.87958335876465,1.7469215393066406,m,known
Aufguss,m,2.73,-21.907690048217773,-27.637950897216797,-24.289539337158203,2.3818492889404297,n,-16.078582763671875,-26.46783447265625,-19.602195739746094,3.5236129760742188,n,known
Baldrian,m,2.72,-19.30217170715332,-24.21834945678711,-20.998886108398438,1.6967144012451172,n,-15.445903778076172,-23.06814193725586,-20.59134864807129,5.145444869995117,n,known
Calcit,m,2.52,-20.680585861206055,-21.032962799072266,-20.760318756103516,0.07973289489746094,n,-22.147499084472656,-24.481956481933594,-23.42609214782715,1.2785930633544922,n,unsure
Zukunft,f,5.21,-15.439840316772461,-11.40868854522705,-19.06536102294922,4.03115177154541,m,-20.336349487304688,-11.805252075195312,-19.85665512084961,8.051403045654297,n,known
Sprache,f,5.07,-18.826126098632812,-13.313027381896973,-19.30038833618164,5.51309871673584,m,-18.607040405273438,-11.799253463745117,-17.94318389892578,6.143930435180664,n,known
Gemeinde,f,5.03,-19.566030502319336,-14.372179985046387,-20.890262603759766,5.193850517272949,m,-19.266706466674805,-11.437817573547363,-19.252220153808594,7.8144025802612305,n,known
Liste,f,4.96,-13.731081008911133,-8.986767768859863,-13.694046974182129,4.707279205322266,n,-15.557512283325195,-9.900447845458984,-16.86033821105957,5.657064437866211,m,known
Beitrag,m,4.91,-11.084375381469727,-17.148914337158203,-15.092503547668457,4.0081281661987305,n,-12.266365051269531,-17.0399112701416,-15.712533950805664,3.446168899536133,n,known
Leistung,f,4.87,-20.713951110839844,-15.662862777709961,-22.028329849243164,5.051088333129883,m,-21.257213592529297,-15.726920127868652,-20.87635040283203,5.149430274963379,n,known
Zusammenhang,m,4.87,-10.078635215759277,-16.608787536621094,-18.006093978881836,6.530152320861816,f,-10.912676811218262,-17.2641544342041,-16.24707794189453,5.3344011306762695,n,known
Schutz,m,4.84,-14.077192306518555,-19.63302230834961,-19.84551239013672,5.555830001831055,f,-12.519109725952148,-19.759803771972656,-19.49036979675293,6.971260070800781,n,known
Abschluss,m,4.8,-13.584226608276367,-20.892074584960938,-19.591901779174805,6.0076751708984375,n,-13.551067352294922,-22.145353317260742,-18.40340805053711,4.8523406982421875,n,known
Eindruck,m,4.76,-13.676586151123047,-17.96399688720703,-16.837200164794922,3.160614013671875,n,-13.348329544067383,-19.083349227905273,-17.61400604248047,4.265676498413086,n,known
Führung,f,4.73,-23.420944213867188,-16.575016021728516,-22.231796264648438,5.656780242919922,n,-20.030559539794922,-11.96533489227295,-20.055089950561523,8.065224647521973,m,known
Wirkung,f,4.72,-19.744359970092773,-15.807905197143555,-19.888748168945312,3.9364547729492188,m,-19.226974487304688,-13.727252960205078,-19.412269592285156,5.499721527099609,m,known
Hinweis,m,4.65,-11.092318534851074,-16.500368118286133,-17.325027465820312,5.408049583435059,f,-11.07331657409668,-15.580970764160156,-15.62594985961914,4.507654190063477,f,known
Abstand,m,4.62,-13.420116424560547,-21.051246643066406,-20.46141815185547,7.041301727294922,n,-12.31650161743164,-19.54714584350586,-17.796592712402344,5.480091094970703,n,known
Streit,m,4.61,-14.2411527633667,-21.143070220947266,-19.519344329833984,5.278191566467285,n,-11.330743789672852,-18.31505584716797,-15.345220565795898,4.014476776123047,n,known
Witz,m,4.6,-12.789847373962402,-19.064476013183594,-16.13036346435547,3.3405160903930664,n,-11.554695129394531,-18.855873107910156,-15.046351432800293,3.4916563034057617,n,known
Aufbau,m,4.58,-12.338850975036621,-17.458494186401367,-18.83622169494629,5.119643211364746,f,-12.853416442871094,-19.423049926757812,-18.14214324951172,5.288726806640625,n,known
Ausdruck,m,4.53,-12.887823104858398,-17.574880599975586,-17.194108963012695,4.306285858154297,n,-14.437202453613281,-20.858802795410156,-19.3029842376709,4.865781784057617,n,known
Zustimmung,f,4.51,-20.399538040161133,-16.877029418945312,-23.880571365356445,3.5225086212158203,m,-21.64028549194336,-15.793380737304688,-21.874326705932617,5.846904754638672,m,known
Botschaft,f,4.48,-18.222434997558594,-14.551769256591797,-17.703350067138672,3.151580810546875,n,-18.006385803222656,-11.707160949707031,-16.447860717773438,4.740699768066406,n,known
Herkunft,f,4.48,-17.548677444458008,-15.058974266052246,-18.072214126586914,2.4897031784057617,m,-21.72580337524414,-14.866286277770996,-20.940860748291016,6.0745744705200195,n,known
Bescheid,m,4.45,-15.072600364685059,-18.79682159423828,-14.477401733398438,-0.5951986312866211,n,-13.48161506652832,-18.669912338256836,-16.409263610839844,2.9276485443115234,n,unsure
Stufe,f,4.44,-19.527881622314453,-14.480375289916992,-19.963518142700195,5.047506332397461,m,-17.22456169128418,-11.473262786865234,-18.658327102661133,5.751298904418945,m,known
Ausbau,m,4.41,-14.65731430053711,-17.710302352905273,-19.256397247314453,3.052988052368164,f,-11.859299659729004,-20.701688766479492,-18.506303787231445,6.647004127502441,n,known
Versorgung,f,4.38,-23.903182983398438,-16.88840103149414,-22.824909210205078,5.9365081787109375,n,-24.58946990966797,-15.25016975402832,-24.628520965576172,9.339300155639648,m,known
Verbesserung,f,4.38,-21.506052017211914,-13.974165916442871,-22.573566436767578,7.531886100769043,m,-20.394338607788086,-13.510354995727539,-21.70768928527832,6.883983612060547,m,known
Verdacht,m,4.37,-15.309526443481445,-19.49097442626953,-18.72007179260254,3.4105453491210938,n,-13.746294975280762,-18.50684928894043,-17.141544342041016,3.395249366760254,n,known
Glückwunsch,m,4.36,-18.90704345703125,-23.827547073364258,-27.280359268188477,4.920503616333008,f,-16.064556121826172,-22.257097244262695,-22.551279067993164,6.192541122436523,f,known
Anhalt,m,4.34,-16.98125457763672,-22.124225616455078,-21.072771072387695,4.091516494750977,n,-14.944863319396973,-20.908863067626953,-18.171573638916016,3.226710319519043,n,known
Ablauf,m,4.29,-11.456670761108398,-18.79578971862793,-19.580116271972656,7.339118957519531,f,-13.513554573059082,-21.723388671875,-19.6021728515625,6.088618278503418,n,known
Meldung,f,4.27,-19.86138343811035,-13.324169158935547,-20.07102394104004,6.537214279174805,m,-20.54783821105957,-12.867023468017578,-22.06502342224121,7.680814743041992,m,known
Störung,f,4.22,-22.683738708496094,-15.36298656463623,-24.237735748291016,7.320752143859863,m,-17.986045837402344,-12.316729545593262,-19.876096725463867,5.669316291809082,m,known
Umzug,m,4.21,-12.470542907714844,-19.477558135986328,-20.886138916015625,7.007015228271484,f,-11.252612113952637,-20.102069854736328,-17.377607345581055,6.124995231628418,n,known
Berufung,f,4.21,-19.9127140045166,-16.491079330444336,-20.22614860534668,3.4216346740722656,m,-20.476579666137695,-15.13115119934082,-21.255632400512695,5.345428466796875,m,known
Ausgleich,m,4.21,-14.240650177001953,-18.94373321533203,-20.53693389892578,4.703083038330078,f,-11.48294448852539,-21.94328498840332,-18.93911361694336,7.456169128417969,n,known
Wille,m,4.11,-16.348791122436523,-18.45616912841797,-19.564180374145508,2.1073780059814453,f,-15.277074813842773,-17.453136444091797,-17.941265106201172,2.1760616302490234,f,known
Datei,f,4.1,-15.961601257324219,-9.971709251403809,-14.292165756225586,4.320456504821777,n,-17.437816619873047,-13.401859283447266,-16.532798767089844,3.130939483642578,n,known
Entdeckung,f,4.09,-19.795379638671875,-13.115877151489258,-21.40828514099121,6.679502487182617,m,-22.7996883392334,-12.887907028198242,-22.033329010009766,9.145421981811523,n,known
Verstärkung,f,4.09,-20.74626922607422,-15.334602355957031,-22.155630111694336,5.4116668701171875,m,-21.476844787597656,-14.240819931030273,-20.92127799987793,6.680458068847656,n,known
Vorsprung,m,4.08,-15.382596015930176,-19.32482147216797,-18.8413143157959,3.4587182998657227,n,-13.775527000427246,-18.817394256591797,-16.915687561035156,3.14016056060791,n,known
Berechnung,f,4.08,-16.170555114746094,-14.411575317382812,-17.190818786621094,1.7589797973632812,m,-18.59311294555664,-13.896390914916992,-19.33255386352539,4.696722030639648,m,known
Notfall,m,4.08,-12.891021728515625,-19.57750701904297,-18.50167465209961,5.610652923583984,n,-12.906867980957031,-18.949302673339844,-17.58560562133789,4.678737640380859,n,known
Ruhestand,m,4.07,-13.59472370147705,-22.66730499267578,-22.020435333251953,8.425711631774902,n,-14.290602684020996,-23.395042419433594,-21.174301147460938,6.883698463439941,n,known
Ausflug,m,4.07,-15.908636093139648,-20.030895233154297,-19.264766693115234,3.356130599975586,n,-12.23324966430664,-19.765846252441406,-17.86652183532715,5.633272171020508,n,known
Unterkunft,f,4.05,-18.803749084472656,-14.536798477172852,-19.54952049255371,4.266950607299805,m,-16.15361785888672,-11.191670417785645,-16.329872131347656,4.961947441101074,m,known
Erhaltung,f,4.0,-21.781700134277344,-16.275943756103516,-23.22211456298828,5.505756378173828,m,-21.168502807617188,-16.10651969909668,-22.89626693725586,5.061983108520508,m,known
Weiterentwicklung,f,4.0,-21.199851989746094,-14.92379379272461,-23.635770797729492,6.276058197021484,m,-22.21493911743164,-14.542017936706543,-20.003707885742188,5.4616899490356445,n,known
Kriminalität,f,4.0,-23.084625244140625,-19.038738250732422,-21.16669464111328,2.1279563903808594,n,-19.273588180541992,-16.385873794555664,-19.21341323852539,2.8275394439697266,n,known
Spaziergang,m,3.98,-15.100268363952637,-20.24220085144043,-18.9006404876709,3.8003721237182617,n,-12.093376159667969,-17.845260620117188,-16.143192291259766,4.049816131591797,n,known
Erwerb,m,3.96,-16.976211547851562,-21.94356918334961,-20.93564796447754,3.9594364166259766,n,-17.134601593017578,-22.702884674072266,-20.45821189880371,3.323610305786133,n,known
Rückgang,m,3.95,-13.549440383911133,-21.37906265258789,-20.20306968688965,6.653629302978516,n,-13.613958358764648,-19.817306518554688,-17.210777282714844,3.5968189239501953,n,known
Ruhm,m,3.94,-15.943832397460938,-20.859596252441406,-18.108558654785156,2.1647262573242188,n,-13.428845405578613,-19.0174560546875,-16.288768768310547,2.8599233627319336,n,known
Romantik,f,3.92,-23.194473266601562,-15.796194076538086,-23.706214904785156,7.398279190063477,m,-20.459667205810547,-15.261541366577148,-20.1309814453125,4.869440078735352,n,known
Naturschutz,m,3.92,-16.55261993408203,-21.443010330200195,-22.223011016845703,4.890390396118164,f,-14.837812423706055,-20.084978103637695,-21.16362762451172,5.247165679931641,f,known
Geste,f,3.9,-21.03514862060547,-16.932781219482422,-21.809494018554688,4.102367401123047,m,-24.930652618408203,-14.787303924560547,-23.863496780395508,9.076192855834961,n,known
Abbruch,m,3.9,-16.18976593017578,-21.735044479370117,-19.59030532836914,3.4005393981933594,n,-12.98172378540039,-18.94537925720215,-16.682430267333984,3.7007064819335938,n,known
Befragung,f,3.88,-19.882009506225586,-15.025984764099121,-21.94171142578125,4.856024742126465,m,-19.79854393005371,-13.020318984985352,-20.629718780517578,6.778224945068359,m,known
Münze,f,3.88,-20.91985511779785,-15.790827751159668,-20.677661895751953,4.886834144592285,n,-17.195053100585938,-12.115657806396484,-16.660511016845703,4.544853210449219,n,known
Pfad,m,3.83,-11.313970565795898,-17.748748779296875,-15.871963500976562,4.557992935180664,n,-11.566581726074219,-17.893020629882812,-13.735490798950195,2.1689090728759766,n,known
Vorgehensweise,f,3.82,-19.48212432861328,-11.841681480407715,-20.14905548095703,7.640442848205566,m,-19.878170013427734,-14.466200828552246,-22.779525756835938,5.411969184875488,m,known
Frust,m,3.82,-16.624011993408203,-21.751251220703125,-20.137989044189453,3.51397705078125,n,-15.672882080078125,-20.5886287689209,-20.207077026367188,4.5341949462890625,n,known
Dankbarkeit,f,3.79,-19.258411407470703,-16.54708480834961,-22.473115921020508,2.7113265991210938,m,-23.267709732055664,-16.80203628540039,-23.995479583740234,6.465673446655273,m,known
Bedienung,f,3.78,-21.820575714111328,-13.30649471282959,-22.496427536010742,8.514081001281738,m,-21.11882781982422,-14.542476654052734,-21.68140983581543,6.576351165771484,m,known
Wiederaufbau,m,3.77,-15.905893325805664,-22.85375213623047,-22.255985260009766,6.350091934204102,n,-14.68598747253418,-22.876066207885742,-20.447174072265625,5.761186599731445,n,known
Beerdigung,f,3.73,-22.803531646728516,-16.839067459106445,-22.77092933654785,5.931861877441406,n,-20.329303741455078,-12.899290084838867,-20.375608444213867,7.430013656616211,m,known
Anlauf,m,3.72,-15.931879043579102,-19.17595100402832,-19.394428253173828,3.2440719604492188,f,-13.655916213989258,-20.261762619018555,-18.222675323486328,4.56675910949707,n,known
Lagerung,f,3.72,-22.08490753173828,-17.38140296936035,-20.937423706054688,3.556020736694336,n,-21.690959930419922,-14.623720169067383,-19.866207122802734,5.242486953735352,n,known
Abstammung,f,3.72,-22.065475463867188,-18.60244369506836,-25.92369842529297,3.463031768798828,m,-21.612380981445312,-16.729045867919922,-23.886669158935547,4.883335113525391,m,known
Vorrang,m,3.71,-16.67612075805664,-21.022918701171875,-21.942138671875,4.346797943115234,f,-15.607488632202148,-22.175182342529297,-21.343719482421875,5.736230850219727,n,known
Spionage,f,3.65,-22.477256774902344,-18.084178924560547,-21.43097496032715,3.3467960357666016,n,-22.778215408325195,-18.48318099975586,-21.795616149902344,3.3124351501464844,n,known
Nische,f,3.61,-21.327850341796875,-16.304317474365234,-17.983015060424805,1.6786975860595703,n,-18.922487258911133,-12.609317779541016,-16.734210968017578,4.1248931884765625,n,known
Unzufriedenheit,f,3.6,-23.094276428222656,-18.972095489501953,-22.654863357543945,3.682767868041992,n,-22.148916244506836,-16.800077438354492,-20.636972427368164,3.836894989013672,n,known
Wegfall,m,3.59,-16.403396606445312,-21.923416137695312,-19.04680824279785,2.643411636352539,n,-14.55653190612793,-22.149324417114258,-20.047931671142578,5.491399765014648,n,known
Schulabschluss,m,3.57,-15.215219497680664,-24.49380874633789,-21.257164001464844,6.04194450378418,n,-14.071962356567383,-23.52386474609375,-18.177169799804688,4.105207443237305,n,known
Abkühlung,f,3.55,-21.451765060424805,-17.40123748779297,-21.820343017578125,4.050527572631836,m,-19.679096221923828,-13.28233528137207,-19.325084686279297,6.042749404907227,n,known
Ausstoß,m,3.54,-18.062740325927734,-23.681163787841797,-21.926067352294922,3.8633270263671875,n,-17.31468963623047,-24.347715377807617,-23.0433292388916,5.728639602661133,n,known
Volksabstimmung,f,3.54,-23.045066833496094,-19.701824188232422,-24.980411529541016,3.343242645263672,m,-18.159320831298828,-14.632749557495117,-20.850391387939453,3.526571273803711,m,known
Erkennung,f,3.53,-24.798227310180664,-14.43862533569336,-25.522144317626953,10.359601974487305,m,-24.495189666748047,-16.049137115478516,-24.515119552612305,8.446052551269531,m,known
Hommage,f,3.5,-19.30860710144043,-17.247005462646484,-18.48870086669922,1.2416954040527344,n,-16.349987030029297,-16.161142349243164,-17.997745513916016,0.1888446807861328,m,unsure
Schadensersatz,m,3.49,-21.155248641967773,-25.106136322021484,-26.337509155273438,3.950887680053711,f,-18.128068923950195,-24.116920471191406,-22.797149658203125,4.66908073425293,n,known
Bequemlichkeit,f,3.47,-21.87185287475586,-15.168633460998535,-21.523563385009766,6.3549299240112305,n,-19.648536682128906,-14.515856742858887,-20.802783966064453,5.1326799392700195,m,known
Begabung,f,3.45,-22.779041290283203,-16.746658325195312,-26.550556182861328,6.032382965087891,m,-24.538745880126953,-14.595541954040527,-23.518478393554688,8.92293643951416,n,known
Zeitspanne,f,3.44,-17.56610107421875,-15.836380004882812,-20.48049545288086,1.7297210693359375,m,-17.8775634765625,-15.564390182495117,-20.50105857849121,2.313173294067383,m,known
Rückschlag,m,3.43,-14.597973823547363,-21.029184341430664,-21.302356719970703,6.431210517883301,f,-13.066246032714844,-20.30787467956543,-18.39501953125,5.328773498535156,n,known
Einmarsch,m,3.43,-18.009281158447266,-21.870086669921875,-19.190568923950195,1.1812877655029297,n,-15.243375778198242,-19.93350601196289,-20.09653091430664,4.690130233764648,f,known
Speisekarte,f,3.38,-21.57152557373047,-13.012441635131836,-17.359561920166016,4.34712028503418,n,-18.85863494873047,-13.390026092529297,-18.04921531677246,4.659189224243164,n,known
Fundort,m,3.37,-12.842491149902344,-19.57680320739746,-18.560489654541016,5.717998504638672,n,-12.784292221069336,-22.248205184936523,-17.326845169067383,4.542552947998047,n,known
Trägerschaft,f,3.36,-23.033878326416016,-19.09756088256836,-23.70042610168457,3.9363174438476562,m,-23.401981353759766,-16.868152618408203,-24.070829391479492,6.5338287353515625,m,known
Gartenbau,m,3.33,-17.1119384765625,-23.205684661865234,-23.061281204223633,5.949342727661133,n,-16.58292007446289,-22.107492446899414,-21.617841720581055,5.034921646118164,n,known
Eheschließung,f,3.31,-25.28881072998047,-20.44477653503418,-25.929319381713867,4.844034194946289,m,-23.585750579833984,-17.518354415893555,-24.504135131835938,6.06739616394043,m,known
Widerruf,m,3.3,-17.573484420776367,-21.571762084960938,-20.856884002685547,3.2833995819091797,n,-14.387556076049805,-22.0346736907959,-18.053022384643555,3.66546630859375,n,known
Idylle,f,3.27,-18.468303680419922,-15.214014053344727,-17.474388122558594,2.260374069213867,n,-15.83031177520752,-12.117315292358398,-16.426416397094727,3.712996482849121,m,known
Stagnation,f,3.23,-21.039440155029297,-17.814960479736328,-22.42789077758789,3.2244796752929688,m,-18.544763565063477,-15.176244735717773,-19.538665771484375,3.368518829345703,m,known
Freibetrag,m,3.22,-19.850324630737305,-24.299701690673828,-22.855804443359375,3.0054798126220703,n,-20.609724044799805,-25.465438842773438,-21.760936737060547,1.1512126922607422,n,known
Übergriff,m,3.21,-17.546398162841797,-19.90240478515625,-19.895763397216797,2.349365234375,n,-14.996383666992188,-20.232362747192383,-19.355119705200195,4.358736038208008,n,known
Schirmherrschaft,f,3.19,-27.64717674255371,-21.381629943847656,-28.43410873413086,6.265546798706055,m,-21.97229766845703,-18.03558349609375,-24.658748626708984,3.9367141723632812,m,known
Randale,f,3.17,-21.354835510253906,-20.042827606201172,-19.666156768798828,-0.37667083740234375,n,-19.35427474975586,-19.212961196899414,-18.97978973388672,-0.2331714630126953,n,unsure
Akne,f,3.15,-24.493488311767578,-20.43280029296875,-24.31960105895996,3.886800765991211,n,-22.117374420166016,-16.760013580322266,-22.390836715698242,5.35736083984375,m,known
Winterschlaf,m,3.14,-17.297880172729492,-21.87381935119629,-22.413898468017578,4.575939178466797,f,-15.194558143615723,-19.772857666015625,-19.800273895263672,4.578299522399902,f,known
Bluthochdruck,m,3.13,-20.02553939819336,-24.56270980834961,-24.217967987060547,4.1924285888671875,n,-15.738029479980469,-19.769067764282227,-21.56048583984375,4.031038284301758,f,known
Aberglaube,m,3.1,-17.48764419555664,-18.932348251342773,-20.316913604736328,1.4447040557861328,f,-18.582983016967773,-18.03890609741211,-17.995332717895508,-0.5876502990722656,n,unsure
Ausrottung,f,3.1,-24.127674102783203,-20.623517990112305,-23.623342514038086,2.9998245239257812,n,-23.526636123657227,-20.740476608276367,-25.662275314331055,2.7861595153808594,m,known
Selbstkontrolle,f,3.05,-21.97930145263672,-16.295944213867188,-23.961130142211914,5.683357238769531,m,-19.26419448852539,-14.101165771484375,-20.719396591186523,5.163028717041016,m,known
Krebserkrankung,f,3.03,-26.886554718017578,-19.255043029785156,-26.26272964477539,7.007686614990234,n,-26.080196380615234,-17.581554412841797,-24.098703384399414,6.517148971557617,n,known
Losung,f,3.02,-23.156879425048828,-15.712591171264648,-20.391128540039062,4.678537368774414,n,-20.776294708251953,-14.285748481750488,-17.551780700683594,3.2660322189331055,n,known
Vetternwirtschaft,f,3.01,-22.237735748291016,-19.21344757080078,-21.905330657958984,2.691883087158203,n,-19.01917839050293,-15.90391731262207,-18.4228572845459,2.518939971923828,n,known
Schieflage,f,3.01,-25.4984130859375,-19.344635009765625,-24.00425910949707,4.659624099731445,n,-21.418033599853516,-16.877819061279297,-23.158851623535156,4.540214538574219,m,known
Teelöffel,m,3.0,-17.84999656677246,-23.945858001708984,-23.601009368896484,5.751012802124023,n,-17.062183380126953,-22.55150604248047,-22.988094329833984,5.489322662353516,f,known
Schnittpunkt,m,2.99,-12.420013427734375,-17.063514709472656,-16.301259994506836,3.881246566772461,n,-12.352829933166504,-16.79545783996582,-15.588768005371094,3.23593807220459,n,known
Ausruf,m,2.99,-16.45330810546875,-21.363439559936523,-19.569204330444336,3.115896224975586,n,-14.285700798034668,-20.32058334350586,-17.78417205810547,3.498471260070801,n,known
Denkschrift,f,2.98,-23.928939819335938,-17.61804962158203,-22.101146697998047,4.483097076416016,n,-23.838951110839844,-16.712963104248047,-22.748929977416992,6.035966873168945,n,known
Hemisphäre,f,2.97,-23.54930305480957,-20.16037940979004,-23.246198654174805,3.0858192443847656,n,-22.36590003967285,-17.78264617919922,-22.40668296813965,4.583253860473633,m,known
Untergruppe,f,2.9,-19.304550170898438,-19.459976196289062,-21.478771209716797,-0.155426025390625,m,-17.219661712646484,-15.167245864868164,-19.2696533203125,2.0524158477783203,m,unsure
Juckreiz,m,2.9,-19.4846248626709,-23.107097625732422,-22.635478973388672,3.1508541107177734,n,-14.92384147644043,-19.44414520263672,-18.59214210510254,3.6683006286621094,n,known
Wirbelsturm,m,2.86,-18.115219116210938,-25.359392166137695,-22.845523834228516,4.730304718017578,n,-14.666630744934082,-19.58495330810547,-21.017555236816406,4.918322563171387,f,known
Ausraster,m,2.85,-18.553266525268555,-24.54485511779785,-20.14828109741211,1.5950145721435547,n,-17.35928726196289,-22.517255783081055,-18.744617462158203,1.3853302001953125,n,known
Grünanlage,f,2.83,-21.76367950439453,-19.574787139892578,-23.26077651977539,2.188892364501953,m,-18.100204467773438,-15.19202995300293,-19.592098236083984,2.908174514770508,m,known
Trugschluss,m,2.81,-16.869112014770508,-23.71285629272461,-19.85782814025879,2.9887161254882812,n,-13.292905807495117,-19.56543731689453,-16.472793579101562,3.1798877716064453,n,known
Verfolgungswahn,m,2.8,-19.315462112426758,-25.04448699951172,-27.95480728149414,5.729024887084961,f,-18.03504180908203,-24.744342803955078,-25.262928009033203,6.709300994873047,f,known
Breitengrad,m,2.79,-18.39078712463379,-20.60433578491211,-19.25871467590332,0.8679275512695312,n,-16.944805145263672,-19.964550018310547,-18.934555053710938,1.9897499084472656,n,unsure
Landesverrat,m,2.79,-21.01525115966797,-27.872865676879883,-25.96331214904785,4.948060989379883,n,-20.341075897216797,-26.83938980102539,-23.184080123901367,2.8430042266845703,n,known
Fertigkeit,f,2.77,-24.081212997436523,-17.64126205444336,-24.646427154541016,6.439950942993164,m,-23.709514617919922,-17.155757904052734,-23.08681869506836,5.931060791015625,n,known
Dreiklang,m,2.76,-18.4789981842041,-21.59889793395996,-18.57496452331543,0.09596633911132812,n,-15.668678283691406,-18.376930236816406,-16.59285545349121,0.9241771697998047,n,unsure
Überbevölkerung,f,2.72,-24.801395416259766,-17.735004425048828,-23.348766326904297,5.613761901855469,n,-20.923866271972656,-15.346691131591797,-19.58592987060547,4.239238739013672,n,known
Regung,f,2.67,-21.039344787597656,-19.3561954498291,-22.275371551513672,1.6831493377685547,m,-16.573688507080078,-17.138275146484375,-20.429141998291016,-0.5645866394042969,m,unsure
Weinstock,m,2.67,-16.588279724121094,-25.115318298339844,-19.636280059814453,3.0480003356933594,n,-14.120363235473633,-23.106712341308594,-18.796024322509766,4.675661087036133,n,known
Internierung,f,2.64,-21.3735294342041,-19.954723358154297,-25.871387481689453,1.4188060760498047,m,-23.5052490234375,-16.325002670288086,-25.620437622070312,7.180246353149414,m,known
Reinkultur,f,2.64,-22.545652389526367,-20.155174255371094,-25.62914276123047,2.3904781341552734,m,-22.210338592529297,-20.85346794128418,-21.631622314453125,0.7781543731689453,n,unsure
Tripper,m,2.63,-19.10589599609375,-22.234439849853516,-20.136699676513672,1.0308036804199219,n,-16.60386848449707,-21.348529815673828,-18.90096092224121,2.2970924377441406,n,known
Zusammenfluss,m,2.63,-17.932310104370117,-20.285947799682617,-23.826091766357422,2.3536376953125,f,-19.209945678710938,-20.56417465209961,-21.479846954345703,1.3542289733886719,f,known
Aufopferung,f,2.63,-21.964984893798828,-18.737071990966797,-23.860177993774414,3.2279129028320312,m,-21.346424102783203,-18.134220123291016,-21.184345245361328,3.0501251220703125,n,known
Trillerpfeife,f,2.61,-29.28292465209961,-20.673904418945312,-27.467266082763672,6.793361663818359,n,-23.008440017700195,-15.89188289642334,-22.691635131835938,6.799752235412598,n,known
Glückssache,f,2.58,-23.983388900756836,-21.364477157592773,-27.896780014038086,2.6189117431640625,m,-20.412508010864258,-16.242416381835938,-20.969453811645508,4.17009162902832,m,known
Seereise,f,2.57,-23.703386306762695,-18.367868423461914,-24.22928810119629,5.335517883300781,m,-23.58220100402832,-16.657983779907227,-24.203786849975586,6.924217224121094,m,known
Schätzwert,m,2.51,-15.501657485961914,-20.559093475341797,-19.634790420532227,4.1331329345703125,n,-16.109081268310547,-20.108013153076172,-20.164457321166992,3.998931884765625,f,known
