lang,layer,position,c1_identity,c2_ntok,c2_final,c3_sink_share,c2
de,1,last,1.0,0.7792015796217477,1.0,0.0,0.8896007898108739
de,1,after,0.9824561403508771,0.8734145173220803,0.8466666666666667,0.0,0.8600405919943734
de,2,last,1.0,0.8325495602281316,1.0,0.0,0.9162747801140658
de,2,after,0.9824561403508771,0.9250027031014426,0.8466666666666667,0.0,0.8858346848840546
de,3,last,1.0,0.8008529169243456,1.0,0.0,0.9004264584621728
de,3,after,0.9649122807017544,0.9436016830974814,0.7105555555555556,0.0,0.8270786193265185
de,4,last,1.0,0.8093241084312512,0.9166666666666666,0.0,0.8629953875489589
de,4,after,1.0,0.9162138340184558,0.6522222222222223,0.0,0.784218028120339
de,5,last,1.0,0.7830451625094482,0.8916666666666666,0.0,0.8373559145880574
de,5,after,0.9824561403508771,0.908035689023084,0.6161111111111112,0.0,0.7620734000670976
de,6,last,1.0,0.7516910804725931,0.825,0.0,0.7883455402362965
de,6,after,0.9824561403508771,0.9237937599282137,0.5316666666666666,0.0,0.7277302132974401
de,7,last,1.0,0.7586365354222497,0.7849999999999999,0.0,0.7718182677111248
de,7,after,0.9473684210526315,0.8408535131224207,0.5755555555555556,0.0,0.7082045343389882
de,8,last,1.0,0.7099202054559198,0.7072222222222223,0.0,0.7085712138390711
de,8,after,0.9473684210526315,0.805524735146584,0.495,0.0,0.6502623675732919
de,9,last,1.0,0.7062353981996838,0.5905555555555556,0.0,0.6483954768776197
de,9,after,0.9473684210526315,0.7927169605215824,0.5244444444444445,0.0,0.6585807024830135
de,10,last,1.0,0.7302532123960696,0.5622222222222223,0.0,0.6462377173091459
de,10,after,0.8947368421052632,0.7624697606315253,0.46111111111111114,0.0,0.6117904358713182
de,11,last,1.0,0.7105257507043221,0.43888888888888894,0.0,0.5747073197966055
de,11,after,0.9122807017543859,0.6853680866285908,0.41666666666666663,0.0,0.5510173766476287
de,12,last,1.0,0.7129694049336905,0.40555555555555556,0.0,0.5592624802446231
de,12,after,0.9122807017543859,0.6647978635898805,0.3322222222222222,0.0,0.49851004290605133
de,13,last,1.0,0.7551600185528757,0.4255555555555556,0.0,0.5903577870542156
de,13,after,0.9122807017543859,0.69005240985283,0.29888888888888887,0.0,0.49447064937085944
de,14,last,1.0,0.7807024324881469,0.39722222222222225,0.0,0.5889623273551845
de,14,after,0.8771929824561403,0.7157515784091415,0.3322222222222222,0.0,0.5239869003156818
de,15,last,1.0,0.7623406685906686,0.3611111111111111,0.0,0.5617258898508899
de,15,after,0.8947368421052632,0.7037587762377678,0.34388888888888886,0.0,0.5238238325633283
de,16,last,1.0,0.7579751597608742,0.3611111111111111,0.0,0.5595431354359927
de,16,after,0.8947368421052632,0.7032863650510709,0.3655555555555555,0.0,0.5344209603033132
de,17,last,1.0,0.7361433209647495,0.3944444444444445,0.0,0.565293882704597
de,17,after,0.8947368421052632,0.7058373854592341,0.35444444444444445,0.0,0.5301409149518392
de,18,last,1.0,0.7340389438603725,0.3611111111111111,0.0,0.5475750274857418
de,18,after,0.8771929824561403,0.6740571228491397,0.38499999999999995,0.0,0.5295285614245698
de,19,last,1.0,0.7594739916168487,0.3611111111111111,0.0,0.5602925513639799
de,19,after,0.8947368421052632,0.7150966447184934,0.2822222222222222,0.0,0.4986594334703578
de,20,last,1.0,0.8629792826221397,0.4655555555555556,0.0,0.6642674190888477
de,20,after,0.9122807017543859,0.7660214338260558,0.3688888888888889,0.0,0.5674551613574723
de,21,last,0.9824561403508771,0.8315725280010995,0.45666666666666667,0.0,0.6441195973338831
de,21,after,0.9298245614035088,0.7311939927486146,0.3661111111111111,0.0,0.5486525519298628
de,22,last,0.9824561403508771,0.8194176660563215,0.5816666666666667,0.0,0.7005421663614941
de,22,after,0.9298245614035088,0.7693347541036617,0.27111111111111114,0.0,0.5202229326073864
de,23,last,0.9824561403508771,0.8035059983589395,0.6266666666666667,0.0,0.7150863325128032
de,23,after,0.8771929824561403,0.7410587972562762,0.2794444444444445,0.0,0.5102516208503604
de,24,last,0.9824561403508771,0.7858860716003573,0.6733333333333333,0.0,0.7296097024668453
de,24,after,0.8947368421052632,0.6853423187456801,0.2538888888888889,0.0,0.4696156038172845
de,25,last,1.0,0.7246209089696485,0.7266666666666667,0.0,0.7256437878181576
de,25,after,0.9122807017543859,0.6755848804168132,0.2644444444444444,0.0,0.47001466243062884
de,26,last,1.0,0.6584104601436535,0.6683333333333332,0.0,0.6633718967384934
de,26,after,0.8947368421052632,0.6869485167804495,0.28444444444444444,0.0,0.48569648061244697
de,27,last,1.0,0.6776912785316146,0.7183333333333333,0.0,0.6980123059324739
de,27,after,0.8771929824561403,0.6686394254671566,0.2677777777777778,0.0,0.4682086016224672
de,28,last,1.0,0.6387303658837273,0.7516666666666667,0.0,0.695198516275197
de,28,after,0.8771929824561403,0.6379660450038602,0.2594444444444445,0.0,0.44870524472415235
de,29,last,0.9824561403508771,0.6333384363846549,0.7683333333333333,0.0,0.7008358848589942
de,29,after,0.8596491228070176,0.6256286605551311,0.2594444444444445,0.0,0.4425365524997878
de,30,last,0.9649122807017544,0.6322573221207676,0.7683333333333333,0.0,0.7002953277270505
de,30,after,0.8771929824561403,0.6414414250548705,0.3294444444444445,0.0,0.4854429347496575
de,31,last,0.9122807017543859,0.5849357419735571,0.8133333333333332,0.0,0.6991345376534452
de,31,after,0.8771929824561403,0.5680760940739932,0.3294444444444445,0.0,0.44876026925921886
de,32,last,0.8947368421052632,0.615399695231628,0.755,0.0,0.685199847615814
de,32,after,0.8421052631578947,0.5723611414262675,0.3161111111111111,0.0,0.4442361262686893
de,33,last,0.8771929824561403,0.6006938128786868,0.73,0.0,0.6653469064393434
de,33,after,0.9298245614035088,0.594774778598308,0.3044444444444444,0.0,0.4496096115213762
de,34,last,0.8596491228070176,0.6212909406186717,0.755,0.0,0.6881454703093359
de,34,after,0.9298245614035088,0.6023526834976416,0.3494444444444444,0.0,0.475898563971043
de,35,last,0.8771929824561403,0.5908816809552104,0.7883333333333333,0.0,0.6896075071442719
de,35,after,0.9298245614035088,0.5071297458377291,0.34444444444444444,0.0,0.42578709514108676
es,1,last,1.0,0.840755781938326,1.0,0.0,0.920377890969163
es,1,after,0.9845360824742269,0.9593371420704846,1.0,0.0,0.9796685710352423
es,2,last,1.0,0.822721468022934,1.0,0.0,0.911360734011467
es,2,after,0.9381443298969072,0.9669946822493525,1.0,0.0,0.9834973411246762
es,3,last,1.0,0.8182129327806433,1.0,0.0,0.9091064663903217
es,3,after,0.9355670103092784,0.9465170704845816,1.0,0.0,0.9732585352422908
es,4,last,1.0,0.7840028715991854,0.9808951584813654,0.0,0.8824490150402754
es,4,after,0.9587628865979382,0.9397800366092577,0.9697840473702541,0.0,0.9547820419897559
es,5,last,1.0,0.7932266128273526,0.9586729362591431,0.0,0.8759497745432478
es,5,after,0.9484536082474226,0.917418002733934,0.9272169975618251,0.0,0.9223175001478796
es,6,last,1.0,0.794491195653377,0.9486729362591431,0.0,0.8715820659562601
es,6,after,0.9639175257731959,0.9352456459057401,0.9237687216997562,0.0,0.9295071838027482
es,7,last,1.0,0.7850524822626348,0.9219052594914663,0.0,0.8534788708770505
es,7,after,0.9948453608247423,0.8969145355079362,0.8658235714678547,0.0,0.8813690534878955
es,8,last,1.0,0.7733337322626348,0.8916893068617207,0.0,0.8325115195621777
es,8,after,0.9768041237113402,0.8839136486396741,0.8191406773303325,0.0,0.8515271629850033
es,9,last,1.0,0.7382890325803024,0.8405781957506097,0.0,0.7894336141654561
es,9,after,0.9587628865979382,0.8583250434440928,0.7645178576213059,0.0,0.8114214505326993
es,10,last,1.0,0.7156169061164854,0.8016647417917836,0.0,0.7586408239541345
es,10,after,0.9484536082474226,0.8366170057335134,0.6873102552821246,0.0,0.761963630507819
es,11,last,1.0,0.7478825328459477,0.761607404493067,0.0,0.7547449686695074
es,11,after,0.9252577319587629,0.8314544743264782,0.6329325433590407,0.0,0.7321935088427595
es,12,last,1.0,0.7417221016979169,0.6859508388365013,0.0,0.7138364702672091
es,12,after,0.8814432989690721,0.8098579869335665,0.5896810630385948,0.0,0.6997695249860807
es,13,last,0.9896907216494846,0.785336719389901,0.6981869934864491,0.0,0.741761856438175
es,13,after,0.8994845360824743,0.8214134756934451,0.576423487281019,0.0,0.698918481487232
es,14,last,0.9871134020618557,0.7843986590441192,0.7163130819573651,0.0,0.7503558705007422
es,14,after,0.8170103092783505,0.8262919429194431,0.5425763956753067,0.0,0.6844341692973749
es,15,last,0.9871134020618557,0.7992322571004804,0.6726399130210383,0.0,0.7359360850607594
es,15,after,0.8298969072164949,0.8284945860912492,0.5078975289683093,0.0,0.6681960575297792
es,16,last,0.9871134020618557,0.7934674404511544,0.7151505456632499,0.0,0.7543089930572021
es,16,after,0.8273195876288659,0.8201830497476368,0.4924429835137639,0.0,0.6563130166307003
es,17,last,0.9871134020618557,0.7892171139286742,0.6975443109018427,0.0,0.7433807124152585
es,17,after,0.8118556701030928,0.8046612986463153,0.5122662158369963,0.0,0.6584637572416558
es,18,last,0.9819587628865979,0.7935965448110597,0.659291959804664,0.0,0.7264442523078618
es,18,after,0.7989690721649485,0.80453219428641,0.4754985390693195,0.0,0.6400153666778647
es,19,last,0.9819587628865979,0.7912647972793483,0.6915002495991606,0.0,0.7413825234392544
es,19,after,0.7938144329896907,0.811062557418148,0.47076238441937174,0.0,0.6409124709187599
es,20,last,0.9819587628865979,0.8495404991643238,0.8039915418318323,0.0,0.826766020498078
es,20,after,0.8582474226804123,0.8378815885595378,0.5492359128066931,0.0,0.6935587506831155
es,21,last,0.9845360824742269,0.8349651098277733,0.8172779025773581,0.0,0.8261215062025657
es,21,after,0.8530927835051546,0.826111127637084,0.5502991311974977,0.0,0.6882051294172908
es,22,last,0.9871134020618557,0.8410998584608063,0.8360502413496969,0.0,0.8385750499052516
es,22,after,0.8479381443298969,0.8250615169736347,0.5338092322075988,0.0,0.6794353745906168
es,23,last,0.9871134020618557,0.8303016147643504,0.8614004769177181,0.0,0.8458510458410342
es,23,after,0.7912371134020618,0.7820152005899542,0.4773565932957948,0.0,0.6296858969428745
es,24,last,0.9819587628865979,0.8123964052088637,0.878690436403685,0.0,0.8455434208062744
es,24,after,0.8350515463917526,0.767543060152082,0.5038415849123654,0.0,0.6356923225322237
es,25,last,0.9922680412371134,0.8178254467546986,0.8440439717572203,0.0,0.8309347092559595
es,25,after,0.8041237113402062,0.7498269672979435,0.4950993038016631,0.0,0.6224631355498034
es,26,last,0.9871134020618557,0.7971411642463418,0.8598919249735946,0.0,0.8285165446099683
es,26,after,0.7396907216494846,0.7504634094204503,0.48995108843566193,0.0,0.6202072489280561
es,27,last,0.9819587628865979,0.7960139871992119,0.8254474805291501,0.0,0.8107307338641809
es,27,after,0.7551546391752577,0.7388737637803555,0.5147597008758533,0.0,0.6268167323281044
es,28,last,0.979381443298969,0.7808363126203706,0.8265585916402612,0.0,0.803697452130316
es,28,after,0.7809278350515464,0.7002585892015142,0.48392636754252,0.0,0.5920924783720171
es,29,last,0.979381443298969,0.7698230967613398,0.8187808138624835,0.0,0.7943019553119116
es,29,after,0.7577319587628866,0.7046121646226728,0.481580177737165,0.0,0.593096171179919
es,30,last,0.9768041237113402,0.743038222500166,0.8097769824448591,0.0,0.7764076024725126
es,30,after,0.7835051546391752,0.7005509548015407,0.4930221840067575,0.0,0.5967865694041491
es,31,last,0.9664948453608248,0.7179745091094238,0.816151251450707,0.0,0.7670628802800654
es,31,after,0.8118556701030928,0.6877050277544108,0.4958471670495263,0.0,0.5917760974019686
es,32,last,0.9536082474226805,0.7180003645706506,0.7976697027513724,0.0,0.7578350336610116
es,32,after,0.8350515463917526,0.6958098933544373,0.4872360559384153,0.0,0.5915229746464263
es,33,last,0.9458762886597938,0.7132593031235472,0.8133402008356636,0.0,0.7632997519796054
es,33,after,0.8711340206185567,0.6680786573284927,0.49795375928769764,0.0,0.5830162083080952
es,34,last,0.9458762886597938,0.6977892629446794,0.8288957563912192,0.0,0.7633425096679493
es,34,after,0.9097938144329897,0.6458974387355279,0.5147360559384152,0.0,0.5803167473369715
es,35,last,0.9329896907216495,0.6576335698315365,0.8128138850461898,0.0,0.7352237274388631
es,35,after,0.9458762886597938,0.6220031877448918,0.51233637858411,0.0,0.5671697831645008
