lang,lemma,gender,concept_en,set,source,zipf,gloss,cited_in,check,freq_bin
de,Apfel,m,apple,classic,wiktionary:kaikki@2026-10-03,4.03,apple (fruit),K;M,,mid
es,manzana,f,apple,classic,wiktionary:kaikki@2026-10-03,4.15,apple,K;M,,mid
de,Pfeil,m,arrow,classic,wiktionary:kaikki@2026-10-03,3.85,arrow (missile),K;M,,mid
es,flecha,f,arrow,classic,wiktionary:kaikki@2026-10-03,3.84,"arrow (projectile, symbol)",K;M,,mid
de,Stiefel,m,boot,classic,wiktionary:kaikki@2026-10-03,3.94,boot (shoe),K,es:English-cognate,mid
es,bota,f,boot,classic,wiktionary:kaikki@2026-10-03,3.56,boot,K,es:English-cognate,mid
de,Besen,m,broom,classic,wiktionary:kaikki@2026-10-03,3.49,broom,K,,low
es,escoba,f,broom,classic,wiktionary:kaikki@2026-10-03,3.43,broom (domestic utensil),K,,low
de,Mond,m,moon,classic,wiktionary:kaikki@2026-10-03,4.35,moon (a natural satellite that is orbiting its corresponding planet),K;M;D,de:English-cognate; es:also_given-name; es:English-homograph(zipf 3.6),mid
es,luna,f,moon,classic,wiktionary:kaikki@2026-10-03,4.79,moon,K;M;D,de:English-cognate; es:also_given-name; es:English-homograph(zipf 3.6),high
de,Löffel,m,spoon,classic,wiktionary:kaikki@2026-10-03,3.8,spoon,K,,mid
es,cuchara,f,spoon,classic,wiktionary:kaikki@2026-10-03,3.67,spoon,K,,mid
de,Stern,m,star,classic,wiktionary:kaikki@2026-10-03,4.5,a star; a small luminous dot that can be seen on the night sky,K,de:uncertain(wordnet-animate-share:0.27); de:English-homograph(zipf 3.9); es:uncertain(wordnet-animate-share:0.27); es:also_given-name,high
es,estrella,f,star,classic,wiktionary:kaikki@2026-10-03,4.66,star (celestial body),K,de:uncertain(wordnet-animate-share:0.27); de:English-homograph(zipf 3.9); es:uncertain(wordnet-animate-share:0.27); es:also_given-name,high
de,Kürbis,m,pumpkin,classic,wiktionary:kaikki@2026-10-03,3.47,"pumpkin, gourd, squash (any plant of the genus Cucurbita or its fruit)",K;M,,low
es,calabaza,f,pumpkin,classic,wiktionary:kaikki@2026-10-03,3.55,pumpkin (Cucurbita pepo; typical pumpkin used for Halloween and autumn seasonal decoration),K;M,,mid
de,Bank,f,bench,classic,wiktionary:kaikki@2026-10-03,4.91,bench (which people sit on); pew,K,de:English-homograph(zipf 5.2); es:English-homograph(zipf 3.0),high
es,banco,m,bench,classic,wiktionary:kaikki@2026-10-03,5.04,bank (financial institution),K,de:English-homograph(zipf 5.2); es:English-homograph(zipf 3.0),high
de,Bürste,f,brush,classic,wiktionary:kaikki@2026-10-03,3.2,brush,K,,low
es,cepillo,m,brush,classic,wiktionary:kaikki@2026-10-03,3.56,brush,K,,mid
de,Uhr,f,clock,classic,wiktionary:kaikki@2026-10-03,5.67,"hours, o'clock (indicates the time within a twelve- or twenty-four-hour period)",K;M,,high
es,reloj,m,clock,classic,wiktionary:kaikki@2026-10-03,4.38,clock,K;M,,mid
de,Scheibe,f,disk,classic,wiktionary:kaikki@2026-10-03,4.16,flat piece or surface,K,de:also_intj; es:genders=f|m; es:English-homograph(zipf 3.8),mid
es,disco,m,disk,classic,wiktionary:kaikki@2026-10-03,4.69,"club, discotheque",K,de:also_intj; es:genders=f|m; es:English-homograph(zipf 3.8),high
de,Trommel,f,drum,classic,wiktionary:kaikki@2026-10-03,3.55,drum (musical instrument),K,,mid
es,tambor,m,drum,classic,wiktionary:kaikki@2026-10-03,3.65,drum,K,,mid
de,Gabel,f,fork,classic,wiktionary:kaikki@2026-10-03,3.64,fork,K;M,es:animate(gendered-counterpart),mid
es,tenedor,m,fork,classic,wiktionary:kaikki@2026-10-03,3.56,fork,K;M,es:animate(gendered-counterpart),mid
de,Sonne,f,sun,classic,wiktionary:kaikki@2026-10-03,4.85,"a sun (a star, especially when being the center of a solar system)",K;M;D,de:also_pron; es:English-homograph(zipf 3.7),high
es,sol,m,sun,classic,wiktionary:kaikki@2026-10-03,5.09,sun,K;M;D,de:also_pron; es:English-homograph(zipf 3.7),high
de,Toilette,f,toilet,classic,wiktionary:kaikki@2026-10-03,4.13,toilet,K,de:English-cognate; es:also_adj,mid
es,inodoro,m,toilet,classic,wiktionary:kaikki@2026-10-03,3.58,toilet bowl,K,de:English-cognate; es:also_adj,mid
de,Geige,f,violin,classic,wiktionary:kaikki@2026-10-03,3.56,"violin, fiddle",K;M,es:same-as-English,mid
es,violín,m,violin,classic,wiktionary:kaikki@2026-10-03,3.67,violin (string instrument),K;M,es:same-as-English,mid
de,Schlüssel,m,key,classic,wiktionary:kaikki@2026-10-03,4.42,a key,D,,mid
es,llave,f,key,classic,wiktionary:kaikki@2026-10-03,4.26,key (to open doors),D,,mid
de,Brücke,f,bridge,classic,wiktionary:kaikki@2026-10-03,4.61,bridge,D,,high
es,puente,m,bridge,classic,wiktionary:kaikki@2026-10-03,4.71,"bridge (construction spanning a waterway, ravine, or valley from an elevated height)",D,,high
