word,set,sex,pair,GEND,VAL,AROU,SIZE
woman,social,f,woman/man,,,,
man,social,m,woman/man,,,,
girl,social,f,girl/boy,,,,
boy,social,m,girl/boy,,,,
mother,social,f,mother/father,,,,
father,social,m,mother/father,,,,
daughter,social,f,daughter/son,,,,
son,social,m,daughter/son,,,,
sister,social,f,sister/brother,,,,
brother,social,m,sister/brother,,,,
queen,social,f,queen/king,,,,
king,social,m,queen/king,,,,
wife,social,f,wife/husband,,,,
husband,social,m,wife/husband,,,,
aunt,social,f,aunt/uncle,,,,
uncle,social,m,aunt/uncle,,,,
she,social,f,she/he,,,,
he,social,m,she/he,,,,
jackass,person,m,,,,,
chap,person,m,,,,,
soprano,person,f,,,,,
hero,person,m,,,,,
nun,person,f,,,,,
witch,person,f,,,,,
actress,person,f,,,,,
bachelor,person,m,,,,,
ballerina,person,f,,,,,
belle,person,f,,,,,
lad,person,m,,,,,
fellow,person,m,,,,,
bride,person,f,,,,,
fella,person,m,,,,,
bloke,person,m,,,,,
madam,person,f,,,,,
gallant,person,m,,,,,
monk,person,m,,,,,
gentleman,person,m,,,,,
girlfriend,person,f,,,,,
horseman,person,m,,,,,
maid,person,f,,,,,
maiden,person,f,,,,,
seaman,person,m,,,,,
matron,person,f,,,,,
prince,person,m,,,,,
prostitute,person,f,,,,,
whore,person,f,,,,,
salesman,person,m,,,,,
schoolboy,person,m,,,,,
schoolgirl,person,f,,,,,
sis,person,f,,,,,
spokesman,person,m,,,,,
statesman,person,m,,,,,
waitress,person,f,,,,,
accent,concept,,,,,,
accommodation,concept,,,,,,
acne,concept,,,,,,
acquisition,concept,,,,,,
advantage,concept,,,,,,
affect,concept,,,,,,
affection,concept,,,,,,
agreement,concept,,,,,,
airport,concept,,,,,,
algorithm,concept,,,,,,
allergology,concept,,,,,,
alley,concept,,,,,,
ambush,concept,,,,,,
angle,concept,,,,,,
anonymity,concept,,,,,,
appearance,concept,,,,,,
appetite,concept,,,,,,
apple,concept,,,,,,
appointment,concept,,,,,,
approach,concept,,,,,,
archetype,concept,,,,,,
armament,concept,,,,,,
armistice,concept,,,,,,
arrow,concept,,,,,,
assassination,concept,,,,,,
assembly,concept,,,,,,
assurance,concept,,,,,,
atheism,concept,,,,,,
athletics,concept,,,,,,
attempt,concept,,,,,,
attribute,concept,,,,,,
auditorium of a school or university,concept,,,,,,
autonomy,concept,,,,,,
axis,concept,,,,,,
backpack,concept,,,,,,
baggage train,concept,,,,,,
basket,concept,,,,,,
bed,concept,,,,,,
beehive,concept,,,,,,
bell,concept,,,,,,
belt,concept,,,,,,
bench,concept,,,,,,
bile,concept,,,,,,
biometrics,concept,,,,,,
birth,concept,,,,,,
blessing,concept,,,,,,
bonnet,concept,,,,,,
boot,concept,,,,,,
booty,concept,,,,,,
bowl,concept,,,,,,
bridge,concept,,,,,,
briefcase,concept,,,,,,
broom,concept,,,,,,
brush,concept,,,,,,
budget,concept,,,,,,
bulb,concept,,,,,,
bundle of things,concept,,,,,,
burial,concept,,,,,,
business world,concept,,,,,,
calculation,concept,,,,,,
caliphate,concept,,,,,,
cancer,concept,,,,,,
canvas,concept,,,,,,
caravan,concept,,,,,,
cathedral,concept,,,,,,
cavity,concept,,,,,,
cellar,concept,,,,,,
chair,concept,,,,,,
chalice,concept,,,,,,
chance,concept,,,,,,
chapel,concept,,,,,,
chest,concept,,,,,,
chimney,concept,,,,,,
cigar,concept,,,,,,
cigarette,concept,,,,,,
circuit,concept,,,,,,
clarinet,concept,,,,,,
clasp,concept,,,,,,
climatology,concept,,,,,,
clock,concept,,,,,,
clothing,concept,,,,,,
cocoa,concept,,,,,,
coherence,concept,,,,,,
comfort,concept,,,,,,
compensation,concept,,,,,,
complexion,concept,,,,,,
conflict,concept,,,,,,
confluence,concept,,,,,,
congratulation,concept,,,,,,
consent,concept,,,,,,
conservation,concept,,,,,,
constipation,concept,,,,,,
construction,concept,,,,,,
continent,concept,,,,,,
contribution,concept,,,,,,
cooling,concept,,,,,,
corona,concept,,,,,,
corridor,concept,,,,,,
cotton,concept,,,,,,
courage,concept,,,,,,
course,concept,,,,,,
crater,concept,,,,,,
crime,concept,,,,,,
crucifix,concept,,,,,,
cruise,concept,,,,,,
crying,concept,,,,,,
cube,concept,,,,,,
cumin,concept,,,,,,
custom,concept,,,,,,
dagger,concept,,,,,,
decision,concept,,,,,,
decline,concept,,,,,,
defeat,concept,,,,,,
degree,concept,,,,,,
deluge,concept,,,,,,
deposit,concept,,,,,,
derailment,concept,,,,,,
dermatology,concept,,,,,,
descent,concept,,,,,,
development,concept,,,,,,
diameter,concept,,,,,,
dictionary,concept,,,,,,
dirt,concept,,,,,,
discontent,concept,,,,,,
discovery,concept,,,,,,
discredit,concept,,,,,,
discrepancy,concept,,,,,,
disintegration,concept,,,,,,
disk,concept,,,,,,
dismantling,concept,,,,,,
disorder,concept,,,,,,
displacement,concept,,,,,,
display case,concept,,,,,,
displeasure,concept,,,,,,
distance,concept,,,,,,
disturbance,concept,,,,,,
dock,concept,,,,,,
dose,concept,,,,,,
drum,concept,,,,,,
drunkenness,concept,,,,,,
dusk,concept,,,,,,
earth,concept,,,,,,
effect,concept,,,,,,
electrophoresis,concept,,,,,,
elm,concept,,,,,,
embolism,concept,,,,,,
emergency,concept,,,,,,
emission,concept,,,,,,
energy,concept,,,,,,
english or american mile,concept,,,,,,
enrichment,concept,,,,,,
entry,concept,,,,,,
envy,concept,,,,,,
epidemic,concept,,,,,,
espionage,concept,,,,,,
essay,concept,,,,,,
exaggerated facial expression,concept,,,,,,
exchange,concept,,,,,,
exclusion,concept,,,,,,
expansion,concept,,,,,,
expression,concept,,,,,,
extermination,concept,,,,,,
fable,concept,,,,,,
fallacy,concept,,,,,,
fanaticism,concept,,,,,,
farm,concept,,,,,,
ferry,concept,,,,,,
fir,concept,,,,,,
fishing,concept,,,,,,
flight,concept,,,,,,
flood,concept,,,,,,
forest,concept,,,,,,
fork,concept,,,,,,
fright,concept,,,,,,
frustration,concept,,,,,,
fur,concept,,,,,,
fuse,concept,,,,,,
future,concept,,,,,,
gag,concept,,,,,,
galley,concept,,,,,,
gallows,concept,,,,,,
gap,concept,,,,,,
gate,concept,,,,,,
gazette,concept,,,,,,
geology,concept,,,,,,
glasses,concept,,,,,,
glut,concept,,,,,,
graduation,concept,,,,,,
grapevine,concept,,,,,,
gratitude,concept,,,,,,
greeting,concept,,,,,,
gym,concept,,,,,,
hair,concept,,,,,,
handful,concept,,,,,,
hardness,concept,,,,,,
headache,concept,,,,,,
health,concept,,,,,,
heel,concept,,,,,,
hell,concept,,,,,,
hemisphere,concept,,,,,,
hibernation,concept,,,,,,
hint,concept,,,,,,
horticulture,concept,,,,,,
hose,concept,,,,,,
hospice,concept,,,,,,
housing,concept,,,,,,
hydrolysis,concept,,,,,,
hypertension,concept,,,,,,
hypnosis,concept,,,,,,
hypodermic needle,concept,,,,,,
hypoxia,concept,,,,,,
idiocy,concept,,,,,,
imbalance,concept,,,,,,
immunology,concept,,,,,,
importance,concept,,,,,,
impoverishment,concept,,,,,,
impression,concept,,,,,,
imprisonment,concept,,,,,,
improvement,concept,,,,,,
indebtedness,concept,,,,,,
indication,concept,,,,,,
ineffectiveness,concept,,,,,,
infusion,concept,,,,,,
ink,concept,,,,,,
instinct,concept,,,,,,
interference,concept,,,,,,
interrogation,concept,,,,,,
intersection,concept,,,,,,
intervention,concept,,,,,,
invasion,concept,,,,,,
irritation,concept,,,,,,
joke,concept,,,,,,
key,concept,,,,,,
keyboard,concept,,,,,,
kidney,concept,,,,,,
kinship,concept,,,,,,
kiosk,concept,,,,,,
kiss,concept,,,,,,
knoll,concept,,,,,,
kowtow,concept,,,,,,
landing,concept,,,,,,
landscape,concept,,,,,,
lane,concept,,,,,,
language,concept,,,,,,
layer,concept,,,,,,
lead,concept,,,,,,
light bulb,concept,,,,,,
line,concept,,,,,,
list,concept,,,,,,
liver,concept,,,,,,
locality,concept,,,,,,
loss,concept,,,,,,
luck,concept,,,,,,
lung,concept,,,,,,
maintenance,concept,,,,,,
manicure,concept,,,,,,
map,concept,,,,,,
march,concept,,,,,,
marketing,concept,,,,,,
marriage,concept,,,,,,
mating,concept,,,,,,
matter,concept,,,,,,
mattress,concept,,,,,,
mediterranean wine bar and/or simple restaurant,concept,,,,,,
menu,concept,,,,,,
message,concept,,,,,,
metaphor,concept,,,,,,
mining,concept,,,,,,
mistrust,concept,,,,,,
mode,concept,,,,,,
money,concept,,,,,,
moon,concept,,,,,,
move,concept,,,,,,
mud,concept,,,,,,
municipality,concept,,,,,,
mutiny,concept,,,,,,
mycology,concept,,,,,,
mysticism,concept,,,,,,
mythology,concept,,,,,,
narrowing,concept,,,,,,
nepotism,concept,,,,,,
nervousness,concept,,,,,,
nightmare,concept,,,,,,
noise,concept,,,,,,
noodle,concept,,,,,,
notch,concept,,,,,,
obelisk,concept,,,,,,
olive grove,concept,,,,,,
oncology,concept,,,,,,
opposite side,concept,,,,,,
opposition,concept,,,,,,
order,concept,,,,,,
origin,concept,,,,,,
overpopulation,concept,,,,,,
ovulation,concept,,,,,,
pancreas,concept,,,,,,
park,concept,,,,,,
path,concept,,,,,,
pepper,concept,,,,,,
performance,concept,,,,,,
perimeter,concept,,,,,,
philosophy,concept,,,,,,
physiology,concept,,,,,,
pie,concept,,,,,,
pillory,concept,,,,,,
plait,concept,,,,,,
plaster,concept,,,,,,
pond,concept,,,,,,
portfolio,concept,,,,,,
positioning,concept,,,,,,
precedence,concept,,,,,,
preseason,concept,,,,,,
printed circuit board,concept,,,,,,
process,concept,,,,,,
processing,concept,,,,,,
projection,concept,,,,,,
prophecy,concept,,,,,,
prosperity,concept,,,,,,
protection,concept,,,,,,
psychoanalysis,concept,,,,,,
psychology,concept,,,,,,
psychotherapy,concept,,,,,,
pub,concept,,,,,,
pulpit,concept,,,,,,
pumpkin,concept,,,,,,
purse,concept,,,,,,
push,concept,,,,,,
raid,concept,,,,,,
ranking,concept,,,,,,
rapier,concept,,,,,,
reasoning,concept,,,,,,
rebirth,concept,,,,,,
recognition,concept,,,,,,
reconstruction,concept,,,,,,
recording,concept,,,,,,
recourse,concept,,,,,,
refinement,concept,,,,,,
refinery,concept,,,,,,
regression,concept,,,,,,
reinforcement,concept,,,,,,
relic,concept,,,,,,
report,concept,,,,,,
resettlement,concept,,,,,,
residue,concept,,,,,,
restaurant,concept,,,,,,
retirement,concept,,,,,,
revocation,concept,,,,,,
rock,concept,,,,,,
role,concept,,,,,,
romanticism,concept,,,,,,
rose garden,concept,,,,,,
route,concept,,,,,,
sacrifice,concept,,,,,,
sanatorium,concept,,,,,,
sanitation,concept,,,,,,
saucer,concept,,,,,,
scabbard,concept,,,,,,
scarecrow,concept,,,,,,
screen,concept,,,,,,
seesaw,concept,,,,,,
self-control,concept,,,,,,
self-service,concept,,,,,,
semolina,concept,,,,,,
sepulchre,concept,,,,,,
service,concept,,,,,,
setback,concept,,,,,,
sex,concept,,,,,,
shotgun,concept,,,,,,
showdown,concept,,,,,,
side,concept,,,,,,
sideboard,concept,,,,,,
sighting,concept,,,,,,
signing,concept,,,,,,
silt,concept,,,,,,
skepticism,concept,,,,,,
skill,concept,,,,,,
slogan,concept,,,,,,
small bowl,concept,,,,,,
smell,concept,,,,,,
smiley,concept,,,,,,
snow,concept,,,,,,
soap,concept,,,,,,
soap opera,concept,,,,,,
solid metal container or pot,concept,,,,,,
spindle,concept,,,,,,
sponsorship,concept,,,,,,
spoon,concept,,,,,,
stab,concept,,,,,,
stage,concept,,,,,,
stagnation,concept,,,,,,
stain,concept,,,,,,
stapler,concept,,,,,,
star,concept,,,,,,
stationery shop / store,concept,,,,,,
step,concept,,,,,,
sticker,concept,,,,,,
stomach,concept,,,,,,
storage,concept,,,,,,
straw,concept,,,,,,
suggestion,concept,,,,,,
sun,concept,,,,,,
supercharger,concept,,,,,,
superstructure,concept,,,,,,
supply,concept,,,,,,
suspicion,concept,,,,,,
swamp,concept,,,,,,
swell,concept,,,,,,
swimming pool,concept,,,,,,
symbolism,concept,,,,,,
synonym of akquisition,concept,,,,,,
synonym of kurs,concept,,,,,,
table,concept,,,,,,
talent,concept,,,,,,
tattoo,concept,,,,,,
teaspoon,concept,,,,,,
technology,concept,,,,,,
terminology,concept,,,,,,
theater,concept,,,,,,
thoroughness,concept,,,,,,
thread,concept,,,,,,
throw,concept,,,,,,
toilet,concept,,,,,,
tongue,concept,,,,,,
touch,concept,,,,,,
towel,concept,,,,,,
traffic,concept,,,,,,
trail,concept,,,,,,
treasury,concept,,,,,,
treatment,concept,,,,,,
trombone,concept,,,,,,
trophy,concept,,,,,,
tube,concept,,,,,,
tv station,concept,,,,,,
two-seater,concept,,,,,,
typography,concept,,,,,,
unveiling,concept,,,,,,
valuation,concept,,,,,,
veracity,concept,,,,,,
veranda,concept,,,,,,
vial,concept,,,,,,
view,concept,,,,,,
vineyard,concept,,,,,,
violation,concept,,,,,,
violin,concept,,,,,,
virtuosity,concept,,,,,,
voltage,concept,,,,,,
waist,concept,,,,,,
walk,concept,,,,,,
warming,concept,,,,,,
wash,concept,,,,,,
waterfall,concept,,,,,,
weakening,concept,,,,,,
wealth,concept,,,,,,
well,concept,,,,,,
whistle,concept,,,,,,
will,concept,,,,,,
wine cellar,concept,,,,,,
word,concept,,,,,,
workbench,concept,,,,,,
abbey,calibration,,,3.303,5.781,3.125,5.121
abdomen,calibration,,,4.6,5.486,4.714,3.529
abdominal,calibration,,,4.242,5.212,3.875,3.788
abduction,calibration,,,4.686,1.618,5.324,5.059
ability,calibration,,,4.206,6.912,5.471,5.029
abode,calibration,,,3.567,5.71,3.897,4.148
abortion,calibration,,,2.618,2.588,3.914,4.939
abundance,calibration,,,3.6,6.576,4.714,6.143
abyss,calibration,,,4.424,3.242,6.226,6.242
accent,calibration,,,3.853,5.629,5.529,4.029
acceptance,calibration,,,3.171,7.5,4.743,5.343
access,calibration,,,3.941,6.353,4.121,3.879
accident,calibration,,,4.114,2.765,5.4,4.971
accidental,calibration,,,3.939,3.941,4.382,4.029
accordion,calibration,,,4.147,5.727,4.0,3.543
ace,calibration,,,4.433,7.333,5.735,4.182
achievement,calibration,,,3.906,7.938,6.333,5.71
acorn,calibration,,,3.714,5.742,4.364,1.879
activity,calibration,,,4.03,6.629,6.086,4.429
addition,calibration,,,3.8,5.457,3.4,4.314
adjective,calibration,,,3.727,5.394,3.636,3.455
adultery,calibration,,,4.324,1.882,5.912,5.324
advantage,calibration,,,4.69,7.303,6.531,5.258
adversity,calibration,,,4.5,3.774,4.8,5.167
advice,calibration,,,3.0,6.229,4.088,4.212
aeroplane,calibration,,,5.114,5.941,4.914,5.882
affair,calibration,,,4.235,2.438,5.969,4.758
affection,calibration,,,1.771,8.177,6.824,5.441
afterlife,calibration,,,3.879,5.212,5.0,5.849
age,calibration,,,3.914,4.939,3.514,4.471
aggression,calibration,,,5.969,2.281,6.182,5.484
agility,calibration,,,4.086,6.778,5.939,4.206
agony,calibration,,,4.063,1.546,5.515,5.515
agreement,calibration,,,3.5,7.714,5.531,4.879
aid,calibration,,,3.71,6.909,5.219,4.455
air,calibration,,,3.621,6.719,4.813,4.75
airplane,calibration,,,5.091,5.794,5.265,5.735
airport,calibration,,,4.407,5.387,5.767,5.719
aisle,calibration,,,3.345,5.226,3.613,3.781
album,calibration,,,4.148,5.767,4.031,2.875
alcohol,calibration,,,4.576,5.219,5.758,4.171
algebra,calibration,,,4.625,3.839,2.323,4.0
alimony,calibration,,,4.154,3.75,3.542,4.667
allergy,calibration,,,4.0,2.912,3.629,4.059
alley,calibration,,,4.424,4.088,4.125,3.429
allure,calibration,,,2.879,6.0,5.833,4.594
altar,calibration,,,4.107,4.719,3.758,4.194
altitude,calibration,,,4.871,5.152,5.061,5.697
amber,calibration,,,2.857,5.733,4.933,3.387
ambition,calibration,,,4.485,7.686,6.879,6.114
ambulance,calibration,,,4.556,4.722,5.412,4.677
ammunition,calibration,,,5.781,2.849,5.818,4.909
amount,calibration,,,4.125,5.618,3.647,4.485
amplifier,calibration,,,4.552,5.871,5.9,4.645
amusement,calibration,,,3.629,7.629,6.486,4.8
analogue,calibration,,,4.382,4.971,3.394,3.514
anchor,calibration,,,5.343,5.171,3.629,4.382
anecdote,calibration,,,4.088,6.088,5.206,3.441
anger,calibration,,,4.914,2.529,5.636,5.515
anguish,calibration,,,3.857,2.457,4.771,4.857
animosity,calibration,,,4.036,2.613,6.484,4.833
ankle,calibration,,,3.621,5.152,3.807,2.484
annoyance,calibration,,,4.4,2.471,4.457,4.903
anthem,calibration,,,4.455,6.364,5.303,5.061
anthropology,calibration,,,4.375,5.419,4.063,5.094
anticipation,calibration,,,3.257,6.382,7.303,5.455
anus,calibration,,,4.656,4.156,4.03,2.853
anxiety,calibration,,,3.147,2.257,5.265,5.059
apathy,calibration,,,3.308,4.759,4.793,4.069
apex,calibration,,,4.103,5.846,4.276,4.333
apology,calibration,,,3.265,6.088,4.5,4.706
appearance,calibration,,,2.938,5.406,5.406,4.394
applause,calibration,,,3.914,7.8,6.686,5.0
apple,calibration,,,3.424,6.147,4.677,2.441
appliance,calibration,,,4.4,5.257,3.364,3.912
approval,calibration,,,3.343,7.441,5.714,4.912
apron,calibration,,,2.0,5.226,3.724,2.719
aptitude,calibration,,,4.455,5.939,4.5,4.688
arch,calibration,,,4.143,5.5,4.25,4.233
archaeology,calibration,,,4.943,5.353,3.529,5.235
archery,calibration,,,4.6,5.758,4.677,3.824
archive,calibration,,,4.057,5.4,3.571,4.912
argument,calibration,,,4.727,2.394,6.313,5.182
arm,calibration,,,4.265,5.471,3.735,3.171
arms,calibration,,,4.912,5.546,4.364,3.758
aroma,calibration,,,2.75,6.576,5.531,3.412
array,calibration,,,3.636,5.75,4.0,4.581
arrow,calibration,,,5.086,4.514,4.4,3.029
arrows,calibration,,,4.824,4.788,4.382,3.273
arse,calibration,,,5.235,3.971,5.094,3.313
arson,calibration,,,5.706,2.059,5.206,5.394
art,calibration,,,2.971,7.03,6.394,5.375
arts,calibration,,,3.0,6.429,5.206,4.697
ascent,calibration,,,4.088,5.686,5.343,4.743
ashes,calibration,,,4.257,3.657,3.912,2.714
aspect,calibration,,,3.735,5.531,3.857,3.471
aspirin,calibration,,,3.677,5.029,3.849,2.188
assault,calibration,,,5.364,2.03,5.188,5.219
asteroid,calibration,,,5.212,4.559,6.0,5.546
asthma,calibration,,,4.177,2.471,3.667,4.059
astronomy,calibration,,,4.543,5.857,5.118,6.257
athletics,calibration,,,4.939,5.912,4.118,4.364
atmosphere,calibration,,,3.758,6.25,5.938,6.161
atom,calibration,,,4.829,5.6,4.171,1.943
atoms,calibration,,,4.706,5.677,4.818,2.667
atrocity,calibration,,,4.546,1.515,4.971,5.903
attack,calibration,,,5.5,1.941,5.353,5.147
attempt,calibration,,,3.886,5.829,3.727,4.059
attention,calibration,,,3.412,6.114,5.882,4.853
attic,calibration,,,4.259,4.75,3.969,4.125
attitude,calibration,,,3.576,4.333,5.303,5.182
attraction,calibration,,,2.667,7.677,7.206,5.147
attribute,calibration,,,3.686,5.886,4.5,4.618
auction,calibration,,,4.75,5.306,3.559,4.206
auditorium,calibration,,,4.5,5.313,4.382,5.667
autopsy,calibration,,,4.5,3.529,5.235,4.424
autumn,calibration,,,3.324,6.057,4.971,4.486
avalanche,calibration,,,4.69,2.781,6.625,6.344
avenue,calibration,,,3.71,5.323,3.774,4.406
award,calibration,,,4.0,7.941,6.294,4.794
awe,calibration,,,3.343,7.343,6.657,5.314
axle,calibration,,,5.033,5.0,3.429,3.429
background,calibration,,,3.882,5.265,3.625,5.273
bacteria,calibration,,,4.206,3.471,4.059,2.206
badge,calibration,,,4.765,5.294,3.03,2.559
bag,calibration,,,2.813,5.219,3.727,2.968
ball,calibration,,,5.179,5.667,4.433,2.71
balloon,calibration,,,3.844,6.212,4.849,3.265
ballroom,calibration,,,2.571,6.618,4.735,5.177
bamboo,calibration,,,4.083,5.829,3.424,3.471
ban,calibration,,,4.563,2.548,3.818,3.97
banana,calibration,,,4.029,5.886,5.03,2.647
banjo,calibration,,,5.0,5.606,4.636,3.057
banner,calibration,,,4.296,5.406,4.323,3.774
bar,calibration,,,5.118,5.618,5.147,4.091
barley,calibration,,,4.235,5.0,2.636,2.303
barn,calibration,,,4.806,5.486,3.324,4.714
baroque,calibration,,,3.826,5.04,4.539,4.24
barrage,calibration,,,5.067,3.677,4.138,5.241
barrel,calibration,,,5.0,4.939,3.333,3.419
barrier,calibration,,,4.788,3.364,3.882,4.765
basement,calibration,,,4.441,4.177,3.75,3.882
basket,calibration,,,3.265,5.177,3.257,2.857
basketball,calibration,,,5.576,5.677,4.5,3.088
bass,calibration,,,4.824,5.514,3.969,3.886
bath,calibration,,,2.6,6.548,4.807,3.75
bathroom,calibration,,,3.143,5.677,3.546,3.813
battle,calibration,,,6.091,2.333,5.576,6.059
bayonet,calibration,,,5.469,3.387,4.581,3.774
beach,calibration,,,3.259,6.839,6.167,5.452
bead,calibration,,,2.677,5.394,3.758,1.71
beak,calibration,,,4.0,4.857,3.029,2.394
bean,calibration,,,4.343,5.206,3.529,1.5
beard,calibration,,,6.631,5.47,4.5,3.354
bed,calibration,,,3.588,7.029,5.242,4.294
beer,calibration,,,5.882,5.543,5.177,3.0
beet,calibration,,,4.063,5.226,3.167,2.8
behalf,calibration,,,3.853,5.177,3.629,3.75
behaviour,calibration,,,3.886,5.147,4.886,4.686
beige,calibration,,,3.353,4.606,2.594,2.818
belief,calibration,,,3.343,6.697,5.333,5.529
bell,calibration,,,3.706,5.606,4.0,2.794
belly,calibration,,,4.467,4.438,4.594,4.031
belt,calibration,,,5.267,4.742,4.516,2.438
bench,calibration,,,4.294,5.257,2.677,3.152
bend,calibration,,,3.735,4.829,4.088,3.559
benefit,calibration,,,3.571,7.457,5.286,5.059
berry,calibration,,,2.743,5.971,4.853,1.657
betrayal,calibration,,,4.677,1.629,5.333,5.765
beverage,calibration,,,4.257,5.765,4.912,3.171
bicycle,calibration,,,4.088,5.882,4.941,3.818
bike,calibration,,,4.912,5.969,4.829,3.375
billion,calibration,,,4.588,6.353,6.265,6.206
binder,calibration,,,4.156,5.061,3.212,2.818
biology,calibration,,,3.647,5.471,5.182,4.941
birth,calibration,,,1.912,7.265,5.471,5.114
birthday,calibration,,,3.853,7.438,6.242,4.588
biscuit,calibration,,,3.571,6.343,4.943,2.371
bit,calibration,,,4.156,4.853,3.265,2.061
blank,calibration,,,4.029,4.457,3.229,3.286
blasphemy,calibration,,,4.97,2.758,5.152,5.03
blaze,calibration,,,4.857,3.686,6.857,5.371
blend,calibration,,,3.594,5.219,4.121,3.382
blender,calibration,,,3.815,5.2,4.258,3.125
blessing,calibration,,,2.528,8.114,5.057,5.0
blessings,calibration,,,2.697,7.781,4.727,5.061
bliss,calibration,,,2.455,8.091,6.455,5.0
blister,calibration,,,4.265,2.941,3.235,2.677
blood,calibration,,,4.212,4.758,5.406,4.118
bloom,calibration,,,2.156,7.323,6.156,4.065
blossom,calibration,,,2.057,7.5,5.943,3.514
blouse,calibration,,,1.758,5.531,4.094,2.656
blueberry,calibration,,,3.206,6.118,5.0,2.118
boat,calibration,,,4.922,5.776,4.642,4.779
boiler,calibration,,,5.273,5.03,3.424,4.235
bollocks,calibration,,,6.235,3.235,5.0,3.629
bomb,calibration,,,5.618,1.576,6.697,5.353
bond,calibration,,,3.735,6.4,5.229,4.6
bondage,calibration,,,4.546,4.212,5.909,4.516
bonds,calibration,,,3.912,5.118,4.394,4.143
bone,calibration,,,4.625,5.433,3.875,3.367
bones,calibration,,,4.281,5.686,4.647,3.647
bonnet,calibration,,,2.7,4.939,3.129,2.781
bonus,calibration,,,4.697,7.559,5.543,4.968
book,calibration,,,3.667,6.788,5.156,3.188
boom,calibration,,,5.286,4.485,6.265,5.969
boot,calibration,,,4.5,5.125,4.484,2.936
boredom,calibration,,,4.714,2.429,2.457,4.343
bosom,calibration,,,1.771,5.714,5.559,4.2
botany,calibration,,,3.484,5.25,3.345,4.1
bottle,calibration,,,4.167,5.355,4.0,2.742
bottom,calibration,,,3.758,4.25,4.156,3.636
boulder,calibration,,,5.531,4.771,3.152,5.364
bouquet,calibration,,,2.057,6.714,5.588,3.4
bout,calibration,,,4.594,4.226,3.667,4.267
bow,calibration,,,3.853,5.333,4.125,2.829
bowel,calibration,,,4.606,3.879,3.0,3.529
bowl,calibration,,,3.971,5.212,3.0,2.688
box,calibration,,,4.344,4.844,3.258,3.387
boycott,calibration,,,4.788,3.485,5.677,5.194
bra,calibration,,,1.177,6.029,6.088,2.971
bracelet,calibration,,,1.686,6.029,5.147,2.441
bracket,calibration,,,4.484,5.065,2.938,2.355
brain,calibration,,,4.276,7.091,5.936,4.313
brake,calibration,,,4.771,4.857,4.086,3.629
brand,calibration,,,3.767,4.515,4.219,4.438
brass,calibration,,,4.778,5.226,3.968,3.938
bravery,calibration,,,5.563,7.636,7.063,6.0
breach,calibration,,,4.639,3.611,4.697,4.629
bread,calibration,,,3.793,5.742,4.258,2.8
breast,calibration,,,1.303,6.353,6.294,3.485
breasts,calibration,,,1.382,6.371,5.941,3.514
breeze,calibration,,,2.818,6.412,5.088,3.235
bribe,calibration,,,4.743,3.371,5.143,4.5
bridge,calibration,,,4.765,5.333,3.636,4.97
brink,calibration,,,4.188,3.967,4.807,3.484
broccoli,calibration,,,4.069,5.969,4.219,2.594
broom,calibration,,,3.75,5.03,3.091,3.0
brow,calibration,,,4.118,5.2,3.697,2.758
brunch,calibration,,,2.97,5.939,5.0,2.765
brush,calibration,,,2.607,5.452,4.129,2.219
bulb,calibration,,,3.818,5.375,3.219,2.774
bulk,calibration,,,5.706,4.941,4.235,5.364
bullet,calibration,,,5.412,2.706,5.647,3.242
bungalow,calibration,,,3.879,5.121,3.091,4.25
bunk,calibration,,,4.629,4.714,3.6,3.171
burden,calibration,,,4.065,2.324,4.206,4.879
burglary,calibration,,,5.1,2.182,5.781,4.719
burial,calibration,,,4.265,2.314,4.091,5.0
burner,calibration,,,4.636,4.265,4.441,3.735
bus,calibration,,,4.412,5.303,3.177,4.882
butt,calibration,,,3.885,4.607,5.467,3.469
button,calibration,,,3.912,5.235,3.677,1.818
cabin,calibration,,,4.382,5.364,4.177,3.588
cactus,calibration,,,4.514,4.971,4.457,3.629
cafe,calibration,,,2.727,6.094,4.515,3.939
cake,calibration,,,2.857,7.147,5.941,3.143
cakes,calibration,,,2.546,7.375,6.333,2.882
calcium,calibration,,,4.314,5.727,4.086,3.088
calculus,calibration,,,4.765,4.406,2.879,4.226
calendar,calibration,,,3.441,5.265,3.516,3.706
camera,calibration,,,3.727,6.177,4.677,3.029
camouflage,calibration,,,5.486,5.333,4.657,3.771
campus,calibration,,,4.152,5.882,4.121,5.333
canal,calibration,,,3.606,5.091,2.857,4.152
candle,calibration,,,3.097,6.333,4.903,2.194
candy,calibration,,,2.743,7.029,5.714,2.571
cane,calibration,,,4.706,4.235,4.031,3.273
cannon,calibration,,,5.333,3.875,5.5,4.688
canoe,calibration,,,4.75,5.6,3.886,3.382
canyon,calibration,,,4.824,5.294,4.625,6.177
cap,calibration,,,5.0,4.941,3.286,2.147
capacity,calibration,,,4.177,5.059,4.143,5.059
cape,calibration,,,4.938,5.294,4.364,3.364
car,calibration,,,5.444,6.029,4.914,4.677
caravan,calibration,,,4.313,5.406,3.455,4.606
carbohydrate,calibration,,,4.091,5.441,4.382,2.879
carbon,calibration,,,4.909,4.971,3.853,3.088
carcass,calibration,,,4.625,2.6,4.303,3.533
card,calibration,,,3.714,5.516,3.645,2.3
care,calibration,,,2.323,7.719,5.294,4.909
career,calibration,,,4.273,6.765,5.4,5.657
carnival,calibration,,,3.343,7.294,6.6,5.571
carol,calibration,,,2.781,6.242,3.697,3.364
carriage,calibration,,,2.969,5.677,4.182,4.194
carrot,calibration,,,3.853,5.486,3.618,2.486
case,calibration,,,4.076,5.06,3.179,3.631
cash,calibration,,,4.706,6.75,5.971,4.265
casino,calibration,,,5.441,4.429,5.441,5.088
castle,calibration,,,4.8,6.065,5.875,5.97
catapult,calibration,,,5.355,4.606,5.581,4.613
catastrophe,calibration,,,4.618,1.543,6.088,6.657
cathedral,calibration,,,3.677,5.8,4.029,5.647
cauliflower,calibration,,,3.364,5.667,3.088,2.529
caution,calibration,,,4.177,4.229,5.4,4.909
caviar,calibration,,,3.313,5.452,3.515,2.548
cavity,calibration,,,4.265,3.143,3.059,3.114
ceiling,calibration,,,3.941,4.971,2.849,4.71
celebration,calibration,,,3.441,8.314,7.4,5.771
celery,calibration,,,3.235,4.909,3.182,2.485
cell,calibration,,,4.471,4.5,3.971,2.853
cellar,calibration,,,4.5,4.177,3.303,3.697
cello,calibration,,,3.364,5.8,3.688,4.212
cells,calibration,,,4.222,5.0,4.452,2.281
cement,calibration,,,5.588,4.771,2.882,4.235
cemetery,calibration,,,4.429,2.543,3.914,5.294
cervix,calibration,,,1.424,5.394,4.5,2.849
chain,calibration,,,4.457,4.029,4.629,3.441
chair,calibration,,,4.412,5.382,3.265,3.156
chalice,calibration,,,3.867,5.548,5.0,3.25
chalk,calibration,,,3.692,5.067,3.613,2.097
chance,calibration,,,3.471,6.486,5.824,4.618
chandelier,calibration,,,2.788,5.656,5.031,4.031
change,calibration,,,3.6,5.333,4.912,5.057
chaos,calibration,,,4.853,2.344,6.441,5.941
chapel,calibration,,,3.563,5.485,3.879,4.4
charm,calibration,,,3.657,7.485,5.758,4.406
chauffeur,calibration,,,5.629,5.765,4.118,3.939
cheek,calibration,,,3.3,5.063,4.563,2.515
cheese,calibration,,,4.032,6.033,5.258,2.677
chemistry,calibration,,,4.424,6.094,5.194,5.242
cheque,calibration,,,4.121,6.03,4.75,3.313
cherry,calibration,,,2.412,6.152,5.486,2.088
chess,calibration,,,4.882,5.353,3.758,3.206
chest,calibration,,,3.844,5.29,5.677,4.032
chestnut,calibration,,,4.088,5.412,3.529,1.886
chew,calibration,,,4.182,5.333,3.906,2.364
chihuahua,calibration,,,2.688,5.031,3.969,1.516
chime,calibration,,,3.364,5.829,4.788,2.882
chin,calibration,,,4.667,5.063,3.182,2.129
chip,calibration,,,4.657,5.824,4.094,2.03
chips,calibration,,,4.438,6.194,5.0,2.469
chocolate,calibration,,,2.343,7.829,7.0,3.152
choral,calibration,,,2.933,5.69,4.138,4.276
chord,calibration,,,3.875,6.03,4.906,2.882
Christmas,calibration,,,3.771,7.914,7.516,6.394
chunk,calibration,,,4.853,4.686,3.914,3.686
chute,calibration,,,4.031,5.394,4.781,3.849
cigar,calibration,,,6.0,4.032,5.031,2.032
cigarette,calibration,,,4.533,3.0,4.969,2.281
cinema,calibration,,,3.686,6.629,5.571,5.229
circuit,calibration,,,4.853,4.941,3.529,4.0
circulation,calibration,,,4.139,5.833,4.629,4.471
circumstances,calibration,,,4.032,4.485,4.5,4.849
citation,calibration,,,4.382,5.114,3.455,3.455
city,calibration,,,4.172,5.844,6.161,6.219
clarinet,calibration,,,3.177,5.743,4.143,3.171
clause,calibration,,,4.455,4.6,2.971,3.281
claw,calibration,,,4.212,4.125,4.75,2.906
claws,calibration,,,3.767,3.727,6.031,2.844
cliff,calibration,,,4.571,4.171,4.8,6.0
climate,calibration,,,3.862,5.313,4.969,5.576
climax,calibration,,,3.333,7.273,7.455,5.719
clock,calibration,,,4.071,5.438,4.031,2.849
closure,calibration,,,3.563,6.0,4.242,4.485
cloth,calibration,,,3.5,5.469,3.647,2.875
clover,calibration,,,3.514,6.353,4.206,2.457
clue,calibration,,,3.941,6.094,5.313,3.424
clutch,calibration,,,3.677,4.571,4.4,3.375
clutter,calibration,,,3.727,3.061,3.515,3.788
coast,calibration,,,3.761,6.212,5.215,5.815
coat,calibration,,,3.625,5.75,3.844,3.182
cock,calibration,,,6.391,5.046,6.585,3.866
cocktail,calibration,,,2.514,6.647,7.156,2.943
code,calibration,,,4.629,5.0,3.909,3.5
coffee,calibration,,,3.706,5.882,5.486,2.771
coffin,calibration,,,4.394,2.029,4.061,4.5
coke,calibration,,,4.412,5.206,4.121,2.606
cola,calibration,,,4.143,5.429,4.406,3.029
collage,calibration,,,3.143,5.765,4.0,4.171
collar,calibration,,,5.321,4.967,3.548,2.688
colour,calibration,,,2.939,6.697,6.324,4.333
column,calibration,,,4.438,5.294,3.242,4.294
comb,calibration,,,3.677,5.25,3.25,2.032
combat,calibration,,,5.969,3.382,5.286,5.235
combustion,calibration,,,4.829,4.6,5.971,4.886
comedy,calibration,,,4.833,7.406,7.065,5.0
comet,calibration,,,4.294,6.235,6.457,5.824
comfort,calibration,,,2.727,7.485,4.258,4.257
comment,calibration,,,3.849,5.219,3.743,3.438
communication,calibration,,,3.486,7.4,5.2,5.412
comparison,calibration,,,4.171,4.97,4.382,4.529
compass,calibration,,,4.971,5.559,3.647,2.636
competence,calibration,,,4.0,6.75,5.387,5.125
competition,calibration,,,5.088,5.857,6.273,5.371
complement,calibration,,,2.714,7.364,6.394,4.529
complex,calibration,,,3.576,4.273,4.879,5.333
concept,calibration,,,4.229,5.686,4.735,5.086
conclusion,calibration,,,4.412,5.257,4.571,4.6
confetti,calibration,,,2.8,6.938,5.75,2.091
confidence,calibration,,,4.382,7.765,6.849,5.912
confirmation,calibration,,,4.0,6.114,3.912,4.529
conformity,calibration,,,3.618,3.618,3.686,4.441
confusion,calibration,,,3.914,3.235,4.686,4.743
connection,calibration,,,3.727,6.563,5.667,4.909
conquest,calibration,,,5.697,5.303,6.212,5.97
consent,calibration,,,3.303,6.471,4.588,4.515
console,calibration,,,3.576,5.857,4.912,4.324
consonant,calibration,,,4.188,5.152,3.531,2.794
construction,calibration,,,5.559,5.438,3.909,5.258
container,calibration,,,4.059,5.152,3.485,3.394
contempt,calibration,,,3.912,3.286,4.714,4.657
content,calibration,,,3.667,5.939,3.968,4.147
contents,calibration,,,4.0,5.343,3.5,3.914
context,calibration,,,3.875,5.543,4.061,4.182
continent,calibration,,,4.344,5.543,3.424,6.063
contribution,calibration,,,4.114,6.824,5.2,5.486
conviction,calibration,,,5.206,3.829,5.143,5.143
convoy,calibration,,,5.029,4.853,3.588,5.147
cooker,calibration,,,3.114,5.286,4.229,3.914
copy,calibration,,,4.156,4.333,3.394,3.485
coral,calibration,,,2.824,6.118,4.727,4.094
cord,calibration,,,4.121,4.971,3.206,3.242
core,calibration,,,4.273,5.182,4.719,3.774
cork,calibration,,,4.4,5.194,4.094,1.936
corn,calibration,,,4.265,5.4,3.412,2.147
corner,calibration,,,4.242,4.765,3.529,2.941
corpse,calibration,,,4.567,2.516,4.968,3.844
corridor,calibration,,,4.303,5.029,3.529,4.324
cortex,calibration,,,4.484,5.452,4.129,4.0
cost,calibration,,,4.037,3.645,5.031,4.936
costume,calibration,,,3.147,5.788,5.909,4.242
cosy,calibration,,,2.455,7.794,5.406,3.364
cottage,calibration,,,2.824,6.061,3.971,4.088
cotton,calibration,,,2.829,5.941,3.559,2.875
couch,calibration,,,4.406,5.788,3.667,3.742
cough,calibration,,,4.686,3.686,4.059,3.143
counter,calibration,,,4.091,5.057,3.059,3.529
county,calibration,,,4.177,5.242,3.212,5.455
coup,calibration,,,4.407,4.615,3.667,4.083
courage,calibration,,,4.882,8.143,7.206,5.886
course,calibration,,,4.457,5.057,3.629,4.294
courtship,calibration,,,3.235,6.686,5.257,4.177
courtyard,calibration,,,3.677,5.559,3.758,4.853
cowardice,calibration,,,4.343,2.257,4.059,3.882
craft,calibration,,,3.088,5.97,4.735,3.824
crap,calibration,,,4.939,2.559,4.147,3.515
crater,calibration,,,4.909,4.0,4.257,5.061
crayon,calibration,,,3.765,5.727,4.265,1.686
credit,calibration,,,4.029,5.941,4.029,4.314
crest,calibration,,,4.424,5.235,4.061,3.455
crime,calibration,,,5.303,1.941,5.4,5.515
crisis,calibration,,,4.629,1.8,6.147,6.059
criticism,calibration,,,4.152,2.758,5.0,4.765
crop,calibration,,,4.485,5.156,3.606,3.871
crops,calibration,,,4.25,6.063,3.625,4.633
crossbow,calibration,,,5.061,4.273,4.5,3.514
crown,calibration,,,3.933,6.121,5.333,3.0
crucifix,calibration,,,4.929,3.875,4.818,3.355
crust,calibration,,,4.706,4.906,3.059,2.576
crystal,calibration,,,2.118,6.943,6.371,2.8
cube,calibration,,,4.606,4.879,2.406,3.364
cues,calibration,,,4.424,5.088,3.794,3.242
cuisine,calibration,,,3.25,6.486,5.294,3.588
cup,calibration,,,3.559,5.177,3.886,2.147
curb,calibration,,,4.206,4.677,3.177,2.765
currency,calibration,,,4.455,5.353,4.853,4.719
current,calibration,,,3.897,5.219,4.645,4.419
curse,calibration,,,4.147,2.143,5.667,4.629
curtain,calibration,,,3.179,5.188,3.323,3.613
cushion,calibration,,,2.849,6.091,3.677,2.588
custom,calibration,,,4.229,5.6,4.114,3.853
cycle,calibration,,,4.4,5.8,4.452,3.939
cyclone,calibration,,,4.147,3.424,5.647,5.743
dagger,calibration,,,5.235,2.743,5.471,3.727
daisy,calibration,,,2.088,6.429,4.394,2.143
damage,calibration,,,5.171,2.147,4.618,5.412
danger,calibration,,,5.152,2.029,7.147,5.563
darkness,calibration,,,4.697,2.647,5.333,5.588
data,calibration,,,4.606,4.824,2.882,4.441
dawn,calibration,,,3.133,6.719,5.9,4.742
daybreak,calibration,,,3.367,6.938,6.25,4.871
daylight,calibration,,,3.061,7.686,5.849,5.471
death,calibration,,,4.6,1.857,5.212,6.029
debacle,calibration,,,4.346,2.96,5.32,4.917
debt,calibration,,,4.353,1.971,3.343,5.882
decay,calibration,,,4.441,2.677,3.857,4.029
deceit,calibration,,,4.706,2.457,4.559,4.471
deception,calibration,,,4.343,1.943,5.03,5.514
deck,calibration,,,4.778,5.229,3.286,4.086
decoration,calibration,,,2.786,6.258,5.031,3.655
deduction,calibration,,,4.588,5.343,4.706,3.765
deed,calibration,,,4.235,5.364,4.0,3.5
defeat,calibration,,,5.0,2.529,3.871,5.029
definition,calibration,,,3.886,5.412,3.2,3.647
deluge,calibration,,,4.308,4.074,4.077,4.074
depression,calibration,,,3.824,1.727,3.794,5.5
descent,calibration,,,4.412,4.061,4.546,4.029
description,calibration,,,3.743,5.6,4.086,4.543
design,calibration,,,3.294,6.273,4.394,4.531
desire,calibration,,,3.258,6.938,7.424,5.375
desk,calibration,,,4.241,4.936,3.129,3.438
desks,calibration,,,4.429,5.167,3.161,3.645
despair,calibration,,,3.529,2.03,4.588,4.853
desperation,calibration,,,3.294,2.029,4.235,5.235
dessert,calibration,,,2.771,7.2,6.0,3.824
destination,calibration,,,4.182,6.091,5.0,5.118
destiny,calibration,,,2.656,6.571,6.143,6.147
destruction,calibration,,,5.882,2.0,5.353,6.121
detail,calibration,,,2.794,6.114,4.697,2.441
determination,calibration,,,4.161,8.029,7.235,5.875
detonation,calibration,,,5.281,3.125,6.121,5.75
development,calibration,,,4.265,6.727,5.161,5.5
deviation,calibration,,,4.029,4.441,4.576,4.455
device,calibration,,,4.618,5.371,3.824,3.429
devil,calibration,,,5.548,2.25,5.906,5.0
devotion,calibration,,,2.629,7.743,5.914,5.735
diabetes,calibration,,,4.194,2.333,4.625,4.303
diamond,calibration,,,1.781,7.188,6.031,3.387
diamonds,calibration,,,1.886,7.171,7.177,3.429
dictionary,calibration,,,4.121,6.0,3.121,4.303
diffusion,calibration,,,3.971,5.471,3.529,3.765
digestion,calibration,,,4.677,5.939,3.25,3.781
digit,calibration,,,4.765,5.029,3.294,2.588
digits,calibration,,,4.286,4.943,3.424,2.914
dignity,calibration,,,3.4,7.588,5.114,5.429
dildo,calibration,,,3.794,5.333,6.0,3.813
diploma,calibration,,,3.909,7.152,6.125,4.606
direction,calibration,,,4.121,5.849,4.758,4.484
dirt,calibration,,,5.177,2.971,3.147,3.235
disaster,calibration,,,4.618,1.333,5.794,6.343
discipline,calibration,,,4.469,4.719,4.563,4.875
disclosure,calibration,,,4.086,4.939,3.714,4.0
disco,calibration,,,3.4,6.375,6.303,4.563
discomfort,calibration,,,3.4,2.697,5.281,4.438
discovery,calibration,,,4.559,7.429,6.912,5.857
discretion,calibration,,,3.576,5.182,3.818,3.576
disdain,calibration,,,4.3,2.867,4.4,3.929
disease,calibration,,,4.059,1.765,4.059,4.912
dish,calibration,,,3.407,5.194,3.5,2.767
disparity,calibration,,,3.655,3.125,3.433,4.767
disposition,calibration,,,4.281,4.548,4.031,4.563
dissent,calibration,,,4.484,3.1,4.355,4.188
distinction,calibration,,,4.455,6.647,5.147,4.735
distraction,calibration,,,4.061,3.912,4.588,4.412
distress,calibration,,,3.424,2.286,5.457,4.971
dive,calibration,,,4.086,5.6,5.314,4.171
dock,calibration,,,4.743,4.971,3.514,4.629
doctrine,calibration,,,4.968,4.871,4.968,5.484
document,calibration,,,4.364,5.0,3.25,3.667
dogma,calibration,,,4.852,3.357,5.192,5.214
dole,calibration,,,4.654,3.107,3.333,3.071
dollar,calibration,,,5.171,5.743,5.706,3.794
dome,calibration,,,4.233,5.188,3.406,4.625
door,calibration,,,4.265,5.333,2.818,3.571
dose,calibration,,,4.147,4.576,3.171,2.882
doubt,calibration,,,3.794,2.971,4.273,4.088
dough,calibration,,,3.943,5.588,4.121,2.794
draft,calibration,,,4.156,5.091,3.727,3.588
drama,calibration,,,2.529,4.471,5.647,5.265
draught,calibration,,,4.36,3.483,4.103,3.793
drawers,calibration,,,3.571,5.147,2.912,3.571
dream,calibration,,,3.094,7.406,6.303,5.5
dreams,calibration,,,3.03,6.849,6.667,5.667
drought,calibration,,,4.697,2.353,3.688,5.0
drum,calibration,,,5.387,5.469,5.419,3.774
drums,calibration,,,5.172,6.061,6.172,4.281
dune,calibration,,,4.103,5.097,4.375,4.3
dungeon,calibration,,,5.353,2.441,5.206,4.471
dusk,calibration,,,3.818,5.667,4.471,3.857
duty,calibration,,,4.471,5.029,3.824,4.97
dye,calibration,,,3.091,5.25,3.594,3.129
dynamite,calibration,,,5.194,3.788,7.594,5.03
eager,calibration,,,3.531,6.824,6.656,4.697
ear,calibration,,,3.912,5.353,3.471,2.059
earth,calibration,,,3.5,6.229,4.765,5.939
earthquake,calibration,,,4.667,2.171,6.118,6.382
ease,calibration,,,3.286,6.914,4.314,3.882
economy,calibration,,,4.903,3.939,4.455,6.156
ecstasy,calibration,,,4.182,7.152,6.971,4.735
edge,calibration,,,4.583,4.914,5.412,3.943
edition,calibration,,,4.0,5.229,3.943,3.765
education,calibration,,,3.758,7.353,5.182,5.471
effort,calibration,,,3.636,5.879,5.121,4.765
egg,calibration,,,3.559,5.457,3.371,2.029
ego,calibration,,,6.0,3.031,4.313,5.742
elbow,calibration,,,4.065,5.065,3.677,2.781
electricity,calibration,,,4.6,6.086,5.849,4.914
elevator,calibration,,,4.371,5.571,4.0,4.588
elf,calibration,,,4.182,6.091,4.647,2.265
elm,calibration,,,3.182,5.794,3.882,4.788
emancipation,calibration,,,3.667,5.035,5.655,5.464
embarrassment,calibration,,,3.441,2.258,4.849,5.514
embrace,calibration,,,2.167,7.943,6.636,5.177
emerald,calibration,,,2.964,6.273,5.767,3.031
emergency,calibration,,,4.469,1.969,6.576,6.121
emotion,calibration,,,2.625,6.152,5.969,5.094
empathy,calibration,,,2.485,7.265,5.382,4.636
emphasis,calibration,,,3.618,6.177,5.849,5.394
employment,calibration,,,4.824,7.143,4.853,5.382
encore,calibration,,,4.061,6.625,5.719,4.871
encyclopedia,calibration,,,3.857,6.118,4.242,5.235
end,calibration,,,4.441,3.212,4.438,4.727
ending,calibration,,,3.743,3.382,3.647,4.438
engine,calibration,,,5.886,5.882,4.294,4.588
enjoyment,calibration,,,3.571,8.177,7.471,5.5
enquiry,calibration,,,3.606,5.25,3.879,3.323
enthusiasm,calibration,,,3.182,8.0,6.912,5.515
entry,calibration,,,3.882,6.212,4.594,3.853
envelope,calibration,,,3.771,5.152,2.941,2.382
epidemic,calibration,,,4.71,1.853,6.294,6.788
episode,calibration,,,4.121,5.294,4.515,3.546
equality,calibration,,,3.516,8.242,6.406,5.781
equipment,calibration,,,5.114,5.314,3.853,4.559
errand,calibration,,,3.546,5.097,3.29,3.29
error,calibration,,,4.345,2.71,4.5,4.063
eruption,calibration,,,5.529,3.257,7.2,6.147
escape,calibration,,,3.727,5.677,5.844,5.364
essence,calibration,,,2.853,6.091,5.667,4.029
estate,calibration,,,4.647,5.147,4.029,5.0
estimate,calibration,,,4.429,4.941,2.97,3.765
euphoria,calibration,,,3.029,8.313,7.818,6.265
evening,calibration,,,4.0,6.029,4.914,4.177
event,calibration,,,3.815,6.279,5.5,5.303
evidence,calibration,,,4.265,6.061,4.515,4.273
evil,calibration,,,5.029,1.514,5.559,5.853
exam,calibration,,,4.303,3.206,4.853,5.529
examination,calibration,,,4.333,3.471,5.618,5.257
excellence,calibration,,,3.743,8.457,6.657,5.371
excitement,calibration,,,3.424,8.294,7.697,5.909
exclusion,calibration,,,4.059,2.571,4.029,4.455
execution,calibration,,,5.059,2.057,5.514,5.667
exercise,calibration,,,4.618,6.706,6.265,4.853
exhaustion,calibration,,,4.286,2.441,3.647,5.343
existence,calibration,,,3.944,7.057,5.912,5.886
expanse,calibration,,,4.313,6.065,4.455,5.938
experiment,calibration,,,4.5,5.647,5.625,4.882
exploration,calibration,,,4.818,6.941,7.0,5.882
expression,calibration,,,2.813,6.313,5.406,4.903
eye,calibration,,,3.647,5.629,3.886,2.559
eyebrows,calibration,,,3.118,5.353,3.546,2.969
eyelashes,calibration,,,1.686,6.364,5.063,2.273
eyes,calibration,,,2.853,6.294,5.441,2.5
fabric,calibration,,,2.677,5.6,3.886,3.303
fabrication,calibration,,,3.969,3.969,4.382,4.875
face,calibration,,,3.355,5.677,5.125,3.219
facility,calibration,,,4.143,5.629,3.657,4.765
fact,calibration,,,4.813,6.576,4.576,4.697
factory,calibration,,,5.206,4.412,3.206,5.727
failure,calibration,,,4.361,1.722,3.971,5.0
faith,calibration,,,3.061,6.636,4.406,5.294
fallacy,calibration,,,4.333,3.571,4.333,4.286
fame,calibration,,,3.303,6.0,5.844,5.313
fantasy,calibration,,,3.171,7.143,7.324,6.0
fare,calibration,,,3.879,4.559,3.912,3.353
farewell,calibration,,,3.088,3.909,3.647,4.441
fart,calibration,,,6.306,3.528,4.0,3.0
fashion,calibration,,,1.735,6.677,6.324,4.879
fate,calibration,,,3.212,5.324,5.5,5.177
fatigue,calibration,,,3.625,2.656,2.781,3.936
fault,calibration,,,4.257,2.853,3.588,4.206
favour,calibration,,,3.364,6.849,4.688,4.697
feat,calibration,,,4.467,5.714,4.267,5.035
feature,calibration,,,3.529,5.686,4.057,3.686
feet,calibration,,,4.262,4.803,3.206,3.015
festival,calibration,,,3.618,7.429,7.206,5.618
fever,calibration,,,4.031,2.576,5.344,4.438
fiber,calibration,,,3.857,5.613,3.387,2.581
fibre,calibration,,,4.088,5.152,3.529,2.324
fiction,calibration,,,3.909,5.697,4.647,3.939
field,calibration,,,4.563,5.375,3.697,5.469
fight,calibration,,,5.931,2.781,6.625,5.065
figure,calibration,,,2.882,5.441,4.455,3.971
film,calibration,,,3.906,6.471,6.061,4.576
filth,calibration,,,4.971,2.471,5.353,3.879
finance,calibration,,,4.706,4.636,4.059,5.303
finish,calibration,,,4.235,6.657,6.086,4.857
fire,calibration,,,4.758,3.849,7.548,5.333
fireplace,calibration,,,4.111,6.4,4.353,4.029
fireworks,calibration,,,4.516,7.273,7.313,5.636
fist,calibration,,,5.618,3.394,5.333,3.471
flask,calibration,,,4.821,5.345,4.103,2.438
fleet,calibration,,,4.714,4.714,3.824,5.212
flesh,calibration,,,4.188,4.818,5.818,4.606
flight,calibration,,,3.909,5.943,5.886,4.849
flint,calibration,,,4.849,4.936,3.345,2.452
flood,calibration,,,4.057,2.829,5.457,5.8
flourish,calibration,,,2.412,7.543,6.5,4.914
flow,calibration,,,3.4,5.75,4.057,4.206
flower,calibration,,,1.656,7.688,5.273,2.727
flute,calibration,,,2.828,5.871,4.636,2.548
foam,calibration,,,3.68,5.333,4.839,2.844
foil,calibration,,,4.088,4.727,3.471,2.8
folder,calibration,,,4.061,5.229,2.939,3.143
folly,calibration,,,3.586,4.357,4.138,3.577
food,calibration,,,4.133,7.606,6.735,4.242
foot,calibration,,,4.138,5.03,3.758,2.375
football,calibration,,,6.182,4.833,3.807,3.546
forage,calibration,,,4.063,5.5,4.655,3.903
force,calibration,,,5.514,3.912,5.457,5.455
forehead,calibration,,,4.229,5.257,3.382,3.4
forest,calibration,,,3.867,6.452,5.188,6.097
fork,calibration,,,4.379,5.212,3.53,2.358
form,calibration,,,3.909,5.177,3.529,3.667
formation,calibration,,,4.704,5.625,4.2,4.781
fortress,calibration,,,5.242,5.394,5.281,6.03
fortune,calibration,,,3.943,7.657,6.714,5.824
forty,calibration,,,4.177,4.788,3.677,4.438
fountain,calibration,,,3.206,6.2,5.177,4.8
fragrance,calibration,,,1.647,6.794,5.571,3.714
frame,calibration,,,4.118,5.118,3.5,2.939
freedom,calibration,,,4.086,8.559,7.2,6.143
friction,calibration,,,4.559,3.829,5.143,4.177
fridge,calibration,,,4.139,5.629,3.771,4.222
friendship,calibration,,,3.029,8.486,7.088,5.818
fright,calibration,,,3.464,2.938,6.563,4.452
frown,calibration,,,4.824,2.971,3.971,3.353
frustration,calibration,,,4.686,2.4,5.114,5.029
fuck,calibration,,,5.313,3.219,7.188,4.625
fucks,calibration,,,5.273,4.469,7.0,4.71
fun,calibration,,,3.353,8.441,7.091,5.03
function,calibration,,,4.529,5.765,3.667,4.424
funeral,calibration,,,4.294,2.206,3.794,4.677
fungus,calibration,,,4.629,3.382,2.697,2.882
fur,calibration,,,2.625,5.344,4.121,3.364
furniture,calibration,,,3.364,5.5,3.314,4.697
fury,calibration,,,5.257,2.429,5.794,5.571
fusion,calibration,,,4.281,5.813,5.818,4.469
fuss,calibration,,,3.273,3.265,4.265,4.0
gadget,calibration,,,5.727,6.455,5.758,3.059
gala,calibration,,,3.0,5.735,4.057,4.529
galaxy,calibration,,,3.844,6.774,6.281,6.742
gale,calibration,,,3.971,4.147,4.667,5.265
galley,calibration,,,4.321,5.074,3.577,4.154
game,calibration,,,4.719,5.559,5.636,4.0
garbage,calibration,,,5.029,2.941,2.853,4.242
garden,calibration,,,3.206,6.818,5.727,4.647
gardens,calibration,,,2.853,6.4,4.788,5.324
garlic,calibration,,,4.0,5.625,4.563,1.844
garment,calibration,,,2.724,5.75,4.032,3.31
gasp,calibration,,,2.829,4.029,6.171,3.857
gate,calibration,,,4.114,5.029,3.457,3.257
gaze,calibration,,,3.147,6.118,4.882,3.697
gear,calibration,,,4.788,5.219,4.177,3.387
gem,calibration,,,2.229,7.118,5.629,2.6
gender,calibration,,,3.727,5.118,4.667,4.677
genes,calibration,,,3.781,6.156,4.125,4.129
genocide,calibration,,,5.433,1.125,6.219,6.688
geology,calibration,,,4.857,5.059,3.0,4.909
germs,calibration,,,4.546,2.5,4.273,2.971
gesture,calibration,,,3.971,5.879,5.094,4.265
ghetto,calibration,,,5.121,2.853,4.829,5.382
gift,calibration,,,3.036,7.594,6.129,4.0
giggle,calibration,,,1.886,7.343,6.943,3.294
gin,calibration,,,3.657,5.457,5.714,3.229
gingerbread,calibration,,,3.152,7.03,5.061,2.667
gist,calibration,,,4.056,5.667,3.559,3.677
glacier,calibration,,,4.086,5.286,5.059,5.909
glamour,calibration,,,1.849,6.152,5.807,4.387
glass,calibration,,,3.786,5.303,4.818,3.121
glasses,calibration,,,4.059,5.588,3.824,2.941
glee,calibration,,,2.647,7.618,6.242,4.559
glimpse,calibration,,,3.438,5.606,4.382,2.706
glitter,calibration,,,1.914,6.629,5.857,2.4
globe,calibration,,,4.303,6.438,4.706,6.333
gloom,calibration,,,4.594,2.818,2.882,4.273
glory,calibration,,,4.853,7.606,6.5,5.743
glove,calibration,,,3.177,5.333,4.065,2.647
gloves,calibration,,,3.5,5.529,3.235,2.088
glow,calibration,,,2.735,7.4,6.059,4.0
goal,calibration,,,5.03,6.857,5.594,4.765
goblin,calibration,,,5.588,3.114,4.2,3.265
god,calibration,,,5.212,5.485,4.563,6.0
goddess,calibration,,,1.171,7.8,6.229,5.857
gods,calibration,,,4.857,6.118,5.152,5.886
goggles,calibration,,,4.194,5.344,3.788,3.091
gold,calibration,,,3.514,7.429,6.471,4.5
golf,calibration,,,5.788,5.059,3.849,3.394
goodbye,calibration,,,3.914,3.2,3.829,4.857
goodness,calibration,,,2.933,8.281,6.344,5.188
goofy,calibration,,,4.971,5.5,4.912,3.353
gorge,calibration,,,4.75,4.5,4.788,4.971
gossip,calibration,,,1.971,3.588,5.571,4.543
grace,calibration,,,1.914,7.324,4.686,4.324
graduation,calibration,,,4.118,7.771,6.394,5.941
grain,calibration,,,4.2,5.294,3.324,1.441
grammar,calibration,,,3.971,5.343,3.114,3.8
granite,calibration,,,5.0,5.063,3.061,4.606
grape,calibration,,,3.75,5.933,4.5,1.548
grapes,calibration,,,3.118,6.0,4.441,1.882
grasp,calibration,,,4.559,5.088,5.235,3.618
gratitude,calibration,,,3.088,7.853,5.429,5.457
gravity,calibration,,,4.344,5.906,5.032,6.065
grease,calibration,,,4.882,3.588,3.0,3.314
greed,calibration,,,5.594,2.343,4.485,4.906
green,calibration,,,4.296,6.065,5.156,4.031
grenade,calibration,,,6.086,2.412,5.343,3.771
grief,calibration,,,3.588,1.941,4.875,5.424
grime,calibration,,,5.091,2.485,3.194,3.394
grin,calibration,,,4.371,7.147,5.829,4.029
growl,calibration,,,5.714,3.206,5.371,4.0
guilt,calibration,,,4.061,2.294,4.625,5.529
guitar,calibration,,,4.964,6.548,5.548,3.906
gun,calibration,,,6.057,2.8,5.571,3.647
gym,calibration,,,5.219,5.433,5.212,4.032
gymnastics,calibration,,,2.559,6.229,5.406,4.563
habit,calibration,,,3.862,4.712,3.438,3.825
hair,calibration,,,2.645,5.688,4.938,2.633
hall,calibration,,,4.103,5.103,2.867,4.469
hallway,calibration,,,3.824,5.118,2.4,3.849
hammer,calibration,,,5.971,4.629,4.829,3.543
hammock,calibration,,,4.382,5.758,4.152,3.588
handbag,calibration,,,1.406,5.727,4.485,2.818
handful,calibration,,,4.265,5.147,4.353,3.515
handkerchief,calibration,,,4.0,5.094,3.031,2.061
happiness,calibration,,,3.212,8.571,6.97,5.529
hardship,calibration,,,4.794,2.061,4.303,5.0
harm,calibration,,,4.758,1.794,4.813,4.636
harmony,calibration,,,2.733,7.849,5.406,4.813
harp,calibration,,,2.492,6.182,4.716,3.656
harvest,calibration,,,4.25,6.531,4.933,5.355
hat,calibration,,,4.152,5.455,3.156,2.939
hate,calibration,,,4.857,1.618,5.147,5.455
hatred,calibration,,,4.594,1.781,5.727,5.697
haven,calibration,,,2.371,7.771,4.941,5.147
hay,calibration,,,4.182,5.273,2.758,2.807
hazard,calibration,,,4.853,2.5,5.206,4.971
haze,calibration,,,4.412,4.265,4.147,3.813
headache,calibration,,,3.824,2.571,3.257,4.343
headlights,calibration,,,4.563,5.406,3.424,3.097
headphones,calibration,,,4.265,6.118,5.0,3.0
headquarters,calibration,,,5.206,5.486,4.844,5.629
health,calibration,,,3.656,7.394,5.406,5.548
hearing,calibration,,,3.912,6.485,4.636,4.235
heart,calibration,,,2.633,7.581,6.258,4.097
hearth,calibration,,,3.464,5.967,4.035,3.821
heater,calibration,,,4.258,6.152,4.424,3.656
heaven,calibration,,,3.147,7.457,6.219,6.455
heel,calibration,,,2.857,5.143,3.514,2.257
helicopter,calibration,,,5.455,5.546,5.303,5.303
hell,calibration,,,5.0,1.343,5.6,6.057
herb,calibration,,,3.029,5.6,3.882,2.029
herbal,calibration,,,3.0,5.906,4.152,2.97
hernia,calibration,,,4.441,2.618,4.621,3.576
heroin,calibration,,,4.147,2.677,5.118,4.324
heroism,calibration,,,4.375,7.788,6.849,5.657
hesitation,calibration,,,4.029,3.294,4.25,3.758
highway,calibration,,,4.912,4.939,3.824,5.412
hill,calibration,,,4.25,5.438,4.129,4.871
hint,calibration,,,3.794,5.794,4.4,2.788
history,calibration,,,4.576,5.818,3.849,5.818
hockey,calibration,,,4.516,5.742,4.548,4.419
holiday,calibration,,,3.636,7.742,6.909,5.061
holidays,calibration,,,3.667,7.938,7.303,5.125
holy,calibration,,,3.882,5.212,4.844,4.879
home,calibration,,,2.567,7.333,5.129,4.818
homicide,calibration,,,5.343,1.529,5.8,5.457
honesty,calibration,,,3.118,8.324,5.719,5.257
honeymoon,calibration,,,2.606,7.781,6.424,4.813
honour,calibration,,,4.514,7.853,6.471,5.543
hoof,calibration,,,4.091,5.121,3.313,2.656
hope,calibration,,,2.971,8.0,6.849,5.735
horn,calibration,,,4.879,4.857,4.879,3.0
horror,calibration,,,4.967,2.625,6.212,5.281
hotel,calibration,,,3.771,5.909,5.281,5.0
hour,calibration,,,4.03,5.257,3.875,4.235
hull,calibration,,,5.063,5.03,3.0,4.441
humanity,calibration,,,3.485,6.939,5.029,6.118
humiliation,calibration,,,3.706,2.086,4.97,5.375
humour,calibration,,,4.0,8.0,6.8,4.559
hurdle,calibration,,,4.5,4.229,4.546,4.294
hurricane,calibration,,,5.143,2.441,6.344,5.941
hurry,calibration,,,3.824,3.853,5.206,4.265
hypothesis,calibration,,,4.343,5.514,4.0,4.971
ice,calibration,,,4.273,4.313,5.212,3.455
iceberg,calibration,,,4.486,4.382,5.029,5.857
icing,calibration,,,2.897,6.097,5.281,2.548
idea,calibration,,,3.571,7.559,5.912,5.303
identity,calibration,,,4.031,6.182,5.531,5.156
illness,calibration,,,3.939,2.281,3.469,4.813
illusion,calibration,,,3.824,4.743,6.0,4.677
illustration,calibration,,,3.364,6.029,4.546,4.121
image,calibration,,,3.419,5.485,4.788,4.121
imagination,calibration,,,2.943,7.853,7.314,6.257
immunity,calibration,,,4.029,6.485,4.571,4.688
impact,calibration,,,4.727,4.688,5.516,5.742
impression,calibration,,,4.0,5.571,4.909,4.457
improvement,calibration,,,4.206,7.647,5.829,5.364
impulse,calibration,,,3.824,5.546,6.636,4.677
incentive,calibration,,,3.677,7.0,6.188,4.871
incest,calibration,,,4.529,1.441,3.849,4.455
inch,calibration,,,4.515,5.171,3.677,1.857
incident,calibration,,,4.469,3.636,4.719,5.03
independence,calibration,,,4.1,8.03,7.469,6.121
index,calibration,,,4.115,4.807,3.156,4.129
infection,calibration,,,4.4,1.971,4.471,4.686
infinity,calibration,,,3.943,7.0,6.571,6.667
infirmary,calibration,,,3.4,4.625,4.875,5.242
injury,calibration,,,4.688,2.394,5.091,4.394
inn,calibration,,,4.286,5.818,3.286,3.939
input,calibration,,,4.154,5.967,4.759,3.7
insanity,calibration,,,3.656,2.303,6.219,5.394
insecurity,calibration,,,2.588,2.441,3.629,4.457
inspection,calibration,,,4.394,3.971,4.912,4.412
inspiration,calibration,,,3.207,7.971,7.735,5.875
instance,calibration,,,4.179,5.485,3.375,2.875
instinct,calibration,,,4.382,6.714,5.686,4.529
instrument,calibration,,,3.697,6.2,4.818,4.323
insult,calibration,,,4.486,2.576,5.143,4.457
insurance,calibration,,,4.576,5.121,3.576,4.844
intellect,calibration,,,4.294,7.324,6.303,5.559
intercourse,calibration,,,4.0,7.152,7.636,4.727
interest,calibration,,,3.743,7.029,5.886,4.886
interim,calibration,,,4.231,4.741,3.074,4.04
introduction,calibration,,,3.97,5.455,4.091,3.563
investigation,calibration,,,4.606,4.235,5.219,5.121
investment,calibration,,,5.235,6.324,4.471,5.657
invoice,calibration,,,4.273,4.424,3.294,3.303
iron,calibration,,,4.273,4.971,3.265,3.618
ironing,calibration,,,2.636,4.343,2.219,3.121
irony,calibration,,,4.147,4.647,4.242,4.182
irritation,calibration,,,4.517,2.581,5.194,3.742
island,calibration,,,3.667,6.485,5.438,4.824
isle,calibration,,,3.471,5.559,3.303,3.941
issue,calibration,,,3.647,3.677,4.206,4.529
item,calibration,,,3.829,5.143,3.212,2.879
ivory,calibration,,,3.821,4.774,4.581,4.2
jacket,calibration,,,4.629,5.343,4.412,3.229
jail,calibration,,,5.4,1.941,5.829,5.143
jargon,calibration,,,4.9,3.774,3.742,3.97
jazz,calibration,,,4.452,6.5,5.813,4.182
jealousy,calibration,,,3.177,2.2,5.529,5.121
jeans,calibration,,,4.0,5.406,4.818,3.188
jeep,calibration,,,5.484,5.413,4.308,4.667
jelly,calibration,,,3.371,6.273,5.088,2.543
jeopardy,calibration,,,4.324,2.686,6.063,5.364
jet,calibration,,,5.061,5.563,5.636,5.382
jewellery,calibration,,,1.758,6.364,5.5,3.059
jigsaw,calibration,,,3.909,5.548,3.323,2.323
job,calibration,,,4.781,6.177,4.941,4.677
joke,calibration,,,4.636,7.706,6.765,4.324
journal,calibration,,,3.485,5.618,4.182,3.394
joy,calibration,,,2.647,8.061,6.941,5.118
jug,calibration,,,3.912,4.97,3.794,2.771
junk,calibration,,,4.912,2.735,3.242,3.471
justice,calibration,,,3.818,7.514,6.143,5.714
keg,calibration,,,5.5,4.971,4.242,3.571
ketchup,calibration,,,4.147,5.394,4.088,3.324
key,calibration,,,4.286,6.0,4.206,2.147
keyboard,calibration,,,4.313,5.281,3.844,3.516
keys,calibration,,,4.057,5.6,3.2,2.257
kidney,calibration,,,4.0,5.543,3.371,3.0
kingdom,calibration,,,5.355,5.818,5.818,6.394
kiss,calibration,,,2.206,7.914,8.0,4.559
kite,calibration,,,3.677,6.118,5.057,2.971
kneel,calibration,,,3.771,5.147,4.455,3.143
knife,calibration,,,5.161,3.364,5.813,3.031
knit,calibration,,,2.281,5.576,2.559,2.75
knot,calibration,,,4.912,4.6,3.343,2.686
knots,calibration,,,4.469,4.177,3.424,2.714
knowledge,calibration,,,4.379,8.156,7.129,5.875
knuckles,calibration,,,5.382,4.394,3.879,2.706
ladder,calibration,,,5.265,5.515,3.412,4.212
lager,calibration,,,5.939,5.813,5.0,3.333
lagoon,calibration,,,3.412,6.061,5.697,5.5
lake,calibration,,,3.433,6.333,4.303,5.353
lamp,calibration,,,3.636,5.424,3.294,2.636
lance,calibration,,,5.407,4.2,4.433,4.1
land,calibration,,,4.81,5.939,3.922,5.851
landscape,calibration,,,3.677,6.364,5.03,5.765
lane,calibration,,,3.853,5.2,3.743,3.441
language,calibration,,,3.219,6.71,4.938,5.719
lantern,calibration,,,3.629,6.057,4.875,3.314
laugh,calibration,,,3.235,8.412,7.471,5.265
laughter,calibration,,,3.7,8.219,7.375,5.194
law,calibration,,,4.897,5.406,3.6,5.563
lawn,calibration,,,3.893,5.387,2.968,4.219
lawsuit,calibration,,,5.2,3.118,4.543,5.636
lead,calibration,,,4.8,5.686,4.25,4.529
leaf,calibration,,,3.353,5.735,3.543,2.121
leaflet,calibration,,,3.788,5.063,3.441,3.0
leather,calibration,,,4.471,5.206,4.677,3.441
lecture,calibration,,,4.03,4.235,2.97,4.824
ledge,calibration,,,4.273,4.485,3.531,3.143
leg,calibration,,,4.088,5.371,4.5,3.559
legend,calibration,,,5.0,7.618,5.794,5.75
leggings,calibration,,,1.939,4.97,3.849,2.677
legislation,calibration,,,5.0,4.576,3.121,5.031
legs,calibration,,,3.0,5.656,5.5,3.182
leisure,calibration,,,3.371,7.235,5.765,4.706
lemon,calibration,,,3.482,5.5,4.966,2.0
lemonade,calibration,,,3.345,6.419,4.688,2.677
length,calibration,,,4.379,5.258,4.032,4.387
leprosy,calibration,,,4.3,2.353,3.645,4.469
lesson,calibration,,,3.771,5.771,5.114,4.412
letter,calibration,,,3.235,5.8,4.686,2.794
letters,calibration,,,3.618,5.529,4.061,3.5
lettuce,calibration,,,3.111,5.486,2.556,2.194
liberty,calibration,,,3.853,7.273,5.853,5.697
library,calibration,,,3.781,5.844,3.625,4.909
lid,calibration,,,3.971,5.177,2.677,2.143
life,calibration,,,3.581,7.303,6.735,6.412
lighthouse,calibration,,,4.171,6.6,3.853,5.471
lightning,calibration,,,4.735,4.875,7.032,5.455
lights,calibration,,,3.353,6.697,5.5,3.971
lilac,calibration,,,2.214,5.875,4.379,3.133
limb,calibration,,,4.273,5.0,3.588,3.571
lime,calibration,,,3.966,5.226,4.767,2.0
limit,calibration,,,4.088,4.147,3.543,3.714
limousine,calibration,,,3.471,6.353,5.143,4.882
line,calibration,,,4.088,5.029,3.313,3.147
link,calibration,,,4.0,5.485,3.879,2.906
lip,calibration,,,2.824,5.625,5.29,2.188
lips,calibration,,,2.433,6.367,6.844,2.839
liquor,calibration,,,4.971,4.909,6.206,3.529
literature,calibration,,,3.206,6.971,5.879,4.943
litre,calibration,,,4.125,5.212,3.382,3.424
load,calibration,,,5.114,4.971,4.229,4.688
loaf,calibration,,,4.258,5.656,3.742,2.406
loan,calibration,,,4.6,3.686,3.667,4.6
location,calibration,,,3.939,5.333,4.303,4.788
locker,calibration,,,4.706,5.029,2.788,3.059
log,calibration,,,4.839,5.0,3.219,3.125
logs,calibration,,,5.0,4.818,3.303,3.688
longing,calibration,,,3.5,4.303,4.909,4.771
loop,calibration,,,3.429,5.314,4.2,3.5
loophole,calibration,,,4.063,4.129,3.688,3.548
lorry,calibration,,,5.588,4.629,3.0,5.371
lottery,calibration,,,4.143,6.333,5.543,4.914
love,calibration,,,2.294,8.647,8.147,6.294
loyalty,calibration,,,3.514,8.206,5.629,5.6
lubricant,calibration,,,4.118,6.0,6.294,3.364
luck,calibration,,,3.4,7.914,6.849,4.657
luggage,calibration,,,4.057,5.206,3.382,4.139
lumber,calibration,,,5.5,4.633,3.355,4.323
lump,calibration,,,3.909,3.813,3.375,3.588
lungs,calibration,,,4.086,6.441,4.371,3.571
lure,calibration,,,4.088,3.303,5.273,3.912
lust,calibration,,,3.514,5.543,7.353,5.441
luxury,calibration,,,2.156,7.839,6.333,5.258
lyrics,calibration,,,3.769,6.133,6.0,3.774
madness,calibration,,,4.324,2.677,6.059,5.529
magazine,calibration,,,2.875,5.382,5.118,2.364
magic,calibration,,,3.629,6.686,6.576,4.971
magnitude,calibration,,,4.909,5.333,5.273,6.061
mail,calibration,,,4.171,5.571,3.667,3.061
maize,calibration,,,3.966,5.207,3.258,3.0
majority,calibration,,,4.578,5.939,4.6,5.891
malaria,calibration,,,3.818,1.677,4.177,5.088
malice,calibration,,,4.824,2.441,5.394,4.618
mall,calibration,,,3.032,4.788,3.807,4.871
mallet,calibration,,,5.324,4.147,3.824,3.706
manner,calibration,,,3.559,5.8,3.235,3.912
mansion,calibration,,,4.333,6.645,5.969,5.452
manure,calibration,,,4.567,3.613,3.2,3.531
mark,calibration,,,4.882,4.618,3.667,2.939
marquee,calibration,,,3.853,5.882,4.656,4.735
mass,calibration,,,4.758,5.0,3.853,5.182
massacre,calibration,,,5.697,1.314,6.257,6.257
mast,calibration,,,5.188,5.219,3.367,4.849
masturbation,calibration,,,5.657,5.514,6.171,4.471
mathematics,calibration,,,4.912,5.353,4.364,5.455
matrix,calibration,,,4.771,5.235,5.273,5.212
mattress,calibration,,,3.686,5.765,4.412,4.618
maximum,calibration,,,5.061,6.625,5.939,6.333
maze,calibration,,,3.875,4.813,5.088,5.03
meadow,calibration,,,2.657,6.5,4.229,5.257
measles,calibration,,,4.364,2.171,3.968,3.394
measure,calibration,,,4.0,5.094,4.125,4.059
meat,calibration,,,5.529,4.97,4.294,3.677
mechanism,calibration,,,5.229,5.371,4.257,4.229
medal,calibration,,,4.849,7.647,6.147,3.455
medallion,calibration,,,5.061,5.941,4.424,3.229
medicine,calibration,,,4.0,7.171,5.0,5.147
medium,calibration,,,3.914,5.029,3.882,4.0
melody,calibration,,,2.171,7.606,6.206,4.0
melon,calibration,,,3.035,5.939,4.484,2.75
memoirs,calibration,,,3.588,5.758,4.788,4.344
memory,calibration,,,3.235,6.576,5.057,5.242
mercy,calibration,,,3.303,6.229,4.971,4.971
mermaid,calibration,,,1.469,6.0,6.194,3.406
mess,calibration,,,4.424,2.818,4.156,4.774
metal,calibration,,,5.241,5.097,4.5,4.031
methane,calibration,,,4.618,4.2,3.273,3.677
method,calibration,,,4.771,5.686,3.441,4.059
metre,calibration,,,4.226,4.969,3.0,3.394
metric,calibration,,,4.5,5.152,3.441,3.875
microphone,calibration,,,3.971,5.353,4.294,2.647
microscope,calibration,,,4.559,5.735,4.333,2.941
microwave,calibration,,,3.857,5.571,3.588,3.029
midst,calibration,,,3.97,5.065,3.242,3.529
might,calibration,,,4.667,5.469,4.152,4.194
mile,calibration,,,4.156,5.177,3.818,5.182
mileage,calibration,,,5.125,4.515,3.742,4.688
milk,calibration,,,3.257,5.771,3.529,2.546
million,calibration,,,4.5,6.588,6.242,5.971
mind,calibration,,,3.828,6.844,5.903,5.469
minimum,calibration,,,4.281,3.879,2.688,1.97
mink,calibration,,,3.424,4.774,3.546,2.75
mint,calibration,,,3.667,6.063,4.406,1.97
minute,calibration,,,3.677,5.353,3.636,2.5
miracle,calibration,,,3.294,7.971,6.941,5.765
mirage,calibration,,,3.177,5.03,5.303,4.5
mirror,calibration,,,2.706,5.118,4.382,3.735
mischief,calibration,,,4.582,4.333,6.328,4.5
misconception,calibration,,,4.0,3.281,3.906,4.258
misery,calibration,,,4.147,2.147,3.273,4.394
missile,calibration,,,5.563,2.344,5.469,5.844
mistake,calibration,,,4.294,2.618,4.559,5.091
mobility,calibration,,,4.057,6.647,4.4,5.121
mode,calibration,,,3.97,5.0,3.514,3.912
model,calibration,,,2.353,5.824,5.065,4.0
moisture,calibration,,,3.29,5.161,5.375,3.281
molecule,calibration,,,4.493,5.338,3.443,2.0
moment,calibration,,,3.645,5.813,4.813,3.226
momentum,calibration,,,4.844,6.424,5.971,5.333
money,calibration,,,4.688,5.667,6.563,4.807
month,calibration,,,3.677,5.286,3.343,4.086
monument,calibration,,,4.788,6.149,4.239,5.768
mood,calibration,,,3.515,5.313,4.906,4.229
moon,calibration,,,3.424,6.548,5.375,6.387
morality,calibration,,,3.485,6.344,4.625,5.742
morgue,calibration,,,4.235,2.324,4.182,4.853
mosque,calibration,,,4.9,5.267,4.069,5.125
moss,calibration,,,4.371,4.857,3.118,2.429
motion,calibration,,,3.97,5.5,5.529,4.735
motorbike,calibration,,,6.061,5.469,5.879,4.576
motorway,calibration,,,5.536,4.903,5.0,5.697
mould,calibration,,,4.233,3.333,3.5,3.387
mound,calibration,,,3.833,4.433,4.097,3.839
mountain,calibration,,,5.033,6.156,5.774,6.323
mountains,calibration,,,4.8,6.735,6.088,6.412
mouth,calibration,,,3.433,5.448,6.194,3.065
movie,calibration,,,4.0,6.484,5.759,4.807
muffin,calibration,,,2.853,6.576,5.219,2.97
multiplication,calibration,,,4.091,5.364,4.206,4.529
mural,calibration,,,3.469,5.906,3.355,4.133
muscle,calibration,,,6.0,6.088,5.188,4.438
museum,calibration,,,4.348,6.279,4.132,5.194
mushroom,calibration,,,4.088,5.364,3.879,3.029
music,calibration,,,3.343,7.971,7.771,5.853
mustard,calibration,,,4.677,4.719,3.412,3.0
mutation,calibration,,,4.686,3.114,4.818,4.686
mystery,calibration,,,3.485,5.303,6.546,5.875
myth,calibration,,,3.706,5.029,6.147,4.882
mythology,calibration,,,3.97,5.606,5.03,5.152
nature,calibration,,,2.939,7.156,5.406,6.161
nausea,calibration,,,3.546,2.727,4.394,4.455
necessity,calibration,,,3.8,5.156,5.807,4.844
neck,calibration,,,3.581,5.367,5.433,2.903
necklace,calibration,,,1.543,5.743,5.2,2.771
nectar,calibration,,,2.794,6.6,5.314,2.853
need,calibration,,,3.25,3.788,5.344,4.939
needle,calibration,,,3.286,3.677,4.829,2.0
neglect,calibration,,,4.429,1.571,4.576,4.912
negotiation,calibration,,,4.424,6.03,4.559,5.091
neon,calibration,,,3.667,6.0,6.029,3.588
nest,calibration,,,2.897,5.855,3.925,2.464
net,calibration,,,4.147,4.781,3.667,3.2
network,calibration,,,4.364,5.677,4.194,6.0
neutron,calibration,,,4.909,5.424,3.333,2.871
news,calibration,,,4.267,4.75,4.909,5.25
night,calibration,,,3.686,5.906,5.324,5.515
nightfall,calibration,,,4.214,5.781,5.323,5.097
nightmare,calibration,,,4.471,1.765,5.735,5.061
nipple,calibration,,,2.559,5.879,5.758,2.212
noise,calibration,,,4.441,4.229,5.364,4.576
none,calibration,,,4.0,4.114,3.0,2.429
nonsense,calibration,,,4.061,3.394,4.121,3.849
noon,calibration,,,3.914,5.353,3.771,3.971
norm,calibration,,,4.121,4.912,3.455,4.152
nose,calibration,,,3.966,5.033,3.667,2.452
note,calibration,,,3.429,5.594,4.065,2.3
notebook,calibration,,,3.147,5.529,3.625,2.529
notice,calibration,,,3.839,5.265,4.118,3.323
notion,calibration,,,3.964,5.656,4.774,4.032
noun,calibration,,,3.879,5.25,2.903,2.849
nourishment,calibration,,,2.765,7.886,5.206,5.0
novel,calibration,,,3.485,6.485,5.375,3.594
nucleus,calibration,,,4.061,5.471,3.853,1.941
nude,calibration,,,2.735,5.647,6.647,3.882
nugget,calibration,,,4.242,5.091,3.636,2.324
nursery,calibration,,,2.529,6.429,3.719,3.324
nut,calibration,,,4.727,5.25,3.156,2.194
nutmeg,calibration,,,3.588,5.697,3.412,2.029
nutrient,calibration,,,3.353,7.235,4.941,4.0
nutrition,calibration,,,3.636,6.939,5.242,4.788
nuts,calibration,,,4.886,5.2,4.606,2.086
nylon,calibration,,,3.059,5.273,3.677,2.706
oak,calibration,,,4.758,5.625,3.788,5.061
oath,calibration,,,4.667,6.25,4.971,5.647
oats,calibration,,,4.313,5.313,3.094,1.909
obedience,calibration,,,3.576,5.118,4.618,4.667
obesity,calibration,,,3.912,1.971,3.941,5.824
object,calibration,,,4.057,5.059,3.941,3.382
oblivion,calibration,,,5.118,3.5,5.515,5.771
observation,calibration,,,4.235,5.735,4.515,4.969
obsession,calibration,,,3.546,3.212,5.794,6.059
obstacle,calibration,,,4.5,3.543,4.235,4.914
occasion,calibration,,,3.242,6.743,6.171,5.606
occupation,calibration,,,4.486,5.794,4.057,5.257
occurrence,calibration,,,4.086,5.343,3.303,4.118
ocean,calibration,,,3.69,6.469,5.636,6.606
oil,calibration,,,4.886,5.086,3.914,4.257
olive,calibration,,,3.152,5.394,4.273,2.118
omission,calibration,,,4.161,3.313,4.455,3.939
onion,calibration,,,3.933,5.242,3.31,1.968
onslaught,calibration,,,4.967,2.844,4.471,5.167
opening,calibration,,,3.375,6.344,5.0,4.097
opinion,calibration,,,3.677,6.086,5.706,4.8
opium,calibration,,,4.0,4.226,5.531,3.839
opportunity,calibration,,,4.156,7.75,6.563,5.903
opposition,calibration,,,4.829,3.412,5.057,4.849
optimism,calibration,,,3.382,8.471,6.765,5.971
option,calibration,,,3.788,6.086,4.286,3.969
orange,calibration,,,3.69,5.697,4.788,2.906
orbit,calibration,,,4.5,5.969,5.594,5.969
orchard,calibration,,,2.971,6.235,4.543,5.171
ordeal,calibration,,,3.75,2.6,4.588,5.543
organism,calibration,,,4.118,5.5,4.515,3.206
orgasm,calibration,,,3.057,8.2,7.941,5.171
origin,calibration,,,3.939,5.529,4.206,4.719
ounce,calibration,,,3.667,4.939,3.333,2.188
outbreak,calibration,,,4.6,3.5,4.364,5.697
outcome,calibration,,,4.265,5.706,4.324,4.382
outdoors,calibration,,,4.364,6.794,5.844,6.029
outlook,calibration,,,4.121,5.97,4.5,4.824
output,calibration,,,4.941,5.382,3.394,4.531
outrage,calibration,,,4.677,2.371,5.794,5.818
oval,calibration,,,3.257,5.0,3.059,2.941
oven,calibration,,,3.2,5.294,4.086,3.657
overcast,calibration,,,4.559,3.212,3.219,4.438
ownership,calibration,,,4.677,6.0,4.936,4.774
oxygen,calibration,,,3.941,6.794,4.941,4.788
package,calibration,,,5.094,5.903,4.452,3.226
packet,calibration,,,4.265,5.177,3.765,2.914
pact,calibration,,,4.484,5.794,4.75,4.563
pain,calibration,,,4.546,1.941,5.515,5.147
pamphlet,calibration,,,3.706,5.088,2.882,2.719
pan,calibration,,,3.943,4.943,2.969,2.794
pancake,calibration,,,3.257,6.314,4.853,2.657
panic,calibration,,,3.697,2.273,5.688,5.455
panorama,calibration,,,4.129,5.882,5.25,5.906
paper,calibration,,,3.852,5.645,3.655,2.75
parachute,calibration,,,4.515,5.788,6.118,5.121
parade,calibration,,,3.706,6.8,6.059,5.912
paradise,calibration,,,3.029,8.375,7.485,5.909
paradox,calibration,,,4.333,4.483,4.875,4.781
paralysis,calibration,,,4.206,1.882,4.441,4.849
parcel,calibration,,,4.114,6.0,5.429,3.177
park,calibration,,,3.828,6.688,4.516,5.387
parlour,calibration,,,2.844,5.516,4.0,3.909
parole,calibration,,,5.133,4.563,4.438,4.375
parsley,calibration,,,3.546,5.485,3.219,2.419
part,calibration,,,4.114,5.0,3.143,3.029
parts,calibration,,,4.5,5.125,4.065,3.433
passage,calibration,,,3.807,5.625,4.586,3.9
passion,calibration,,,2.839,8.125,7.576,5.647
pasta,calibration,,,3.516,5.97,4.212,2.333
paste,calibration,,,4.0,5.121,2.882,2.909
pastry,calibration,,,2.824,5.971,4.177,2.353
patch,calibration,,,4.324,4.667,3.618,2.758
path,calibration,,,3.879,5.971,4.235,3.909
pause,calibration,,,3.939,4.882,2.879,3.281
payment,calibration,,,4.719,5.656,4.594,4.581
payroll,calibration,,,4.543,6.257,4.235,4.147
pea,calibration,,,3.667,5.226,3.097,1.546
peace,calibration,,,2.636,8.647,4.879,5.794
peanut,calibration,,,4.412,5.147,3.343,1.824
pear,calibration,,,3.343,5.343,3.484,2.559
pearl,calibration,,,1.815,6.576,5.561,2.015
peas,calibration,,,3.885,5.431,3.364,1.727
pebble,calibration,,,3.303,5.455,3.219,1.909
peek,calibration,,,3.6,4.972,4.471,2.829
peg,calibration,,,3.735,5.059,2.794,1.588
pelvis,calibration,,,4.088,5.091,4.824,3.471
pen,calibration,,,4.235,5.364,2.912,1.765
penalty,calibration,,,5.4,3.258,4.091,4.188
pence,calibration,,,3.735,5.343,3.333,1.647
pencil,calibration,,,4.097,5.455,3.882,2.125
penicillin,calibration,,,4.172,6.936,4.548,3.333
penis,calibration,,,6.714,6.353,6.5,4.406
penny,calibration,,,3.636,5.871,3.5,1.516
pension,calibration,,,4.258,5.788,3.607,3.906
penthouse,calibration,,,4.706,6.219,5.853,5.171
pepper,calibration,,,4.235,5.382,4.412,2.061
percent,calibration,,,4.4,5.182,3.265,3.382
perception,calibration,,,3.714,5.714,5.118,4.943
performance,calibration,,,3.914,6.429,6.229,5.257
perfume,calibration,,,1.75,6.821,5.849,2.636
period,calibration,,,2.529,4.324,3.849,3.529
periodical,calibration,,,4.206,4.758,2.719,4.206
perjury,calibration,,,4.433,2.786,4.821,5.069
permission,calibration,,,3.303,5.6,4.088,4.412
persecution,calibration,,,4.686,2.235,5.294,5.514
pest,calibration,,,4.727,2.906,4.219,3.065
petal,calibration,,,1.914,6.943,4.114,1.714
petrol,calibration,,,5.061,4.571,3.774,4.088
phantom,calibration,,,4.667,3.406,5.294,4.469
pharmacy,calibration,,,3.588,5.471,3.788,4.5
phase,calibration,,,4.057,5.059,3.618,3.765
phenomenon,calibration,,,3.909,6.886,6.886,6.059
philosophy,calibration,,,4.031,5.97,4.594,5.563
phone,calibration,,,3.821,5.355,4.563,2.839
photo,calibration,,,3.5,5.967,5.182,2.971
phrase,calibration,,,3.886,4.971,3.059,3.114
physics,calibration,,,5.429,5.457,3.788,5.909
piano,calibration,,,3.621,6.419,5.6,4.844
pickle,calibration,,,4.353,4.857,3.5,1.941
picture,calibration,,,3.382,6.118,4.879,3.794
pie,calibration,,,4.543,6.2,5.147,2.618
piece,calibration,,,3.656,5.088,3.471,2.118
pier,calibration,,,4.194,5.438,4.552,4.406
pile,calibration,,,4.364,4.576,3.061,3.606
pill,calibration,,,3.357,4.406,4.625,1.906
pillow,calibration,,,3.147,6.343,4.914,3.324
pin,calibration,,,3.529,4.758,2.938,1.531
pinch,calibration,,,3.849,3.75,4.939,2.419
pine,calibration,,,3.706,5.147,3.242,3.765
pineapple,calibration,,,3.294,6.088,4.235,3.029
pint,calibration,,,5.546,5.765,4.788,2.697
pipe,calibration,,,5.4,4.743,3.364,2.735
pistol,calibration,,,5.706,2.941,4.794,3.294
pity,calibration,,,3.333,3.226,3.515,3.742
pizza,calibration,,,4.667,7.033,6.188,3.387
plane,calibration,,,4.765,5.765,4.771,5.486
plasma,calibration,,,4.343,5.257,3.971,3.441
plate,calibration,,,3.774,5.207,3.065,2.606
platter,calibration,,,3.853,5.5,3.853,3.677
plea,calibration,,,3.257,3.6,4.912,3.941
pleasure,calibration,,,2.971,8.091,7.257,5.343
plight,calibration,,,3.625,3.807,4.613,4.467
plot,calibration,,,4.406,4.25,4.727,4.879
plough,calibration,,,5.355,5.061,4.433,4.2
ploy,calibration,,,4.303,3.758,4.529,3.906
plug,calibration,,,4.686,5.0,2.857,2.257
plum,calibration,,,3.182,5.606,3.5,1.912
pocket,calibration,,,4.303,5.219,2.882,2.813
poetry,calibration,,,3.029,6.771,4.457,3.882
point,calibration,,,4.061,4.857,4.094,2.765
poker,calibration,,,5.686,4.514,4.882,3.571
polish,calibration,,,3.171,5.833,3.857,3.265
poll,calibration,,,4.364,5.129,3.394,3.879
pollution,calibration,,,4.613,1.727,4.824,5.938
polyester,calibration,,,3.912,4.714,3.086,2.971
pond,calibration,,,3.629,5.486,3.971,3.371
pool,calibration,,,3.588,6.324,4.941,4.471
pork,calibration,,,5.0,5.147,3.677,3.546
portal,calibration,,,4.647,5.394,4.529,4.387
portion,calibration,,,3.886,5.4,4.059,3.97
portrait,calibration,,,3.735,5.735,4.324,4.0
position,calibration,,,4.152,5.294,4.571,4.0
possession,calibration,,,4.029,5.457,5.571,4.177
posture,calibration,,,3.618,6.156,4.03,4.121
pot,calibration,,,3.909,5.143,3.286,2.97
potato,calibration,,,4.5,5.559,2.882,2.265
pottery,calibration,,,3.0,5.364,3.379,3.133
pound,calibration,,,4.588,5.765,4.686,2.943
poverty,calibration,,,4.324,1.771,4.594,5.939
power,calibration,,,5.333,5.781,5.882,5.677
practice,calibration,,,3.941,6.212,4.844,4.879
prairie,calibration,,,3.094,5.767,4.1,5.103
praise,calibration,,,2.657,8.057,6.029,5.091
prayer,calibration,,,3.429,5.314,3.029,3.941
predicament,calibration,,,4.091,3.229,4.912,4.939
preface,calibration,,,4.091,5.333,2.5,3.375
prefix,calibration,,,3.853,5.0,3.0,2.559
premium,calibration,,,4.118,6.97,4.912,5.152
pressure,calibration,,,4.469,2.969,5.029,5.344
prestige,calibration,,,4.529,7.029,6.059,5.441
preview,calibration,,,4.061,5.657,4.088,3.371
pride,calibration,,,4.857,5.943,5.857,5.147
print,calibration,,,4.185,5.281,4.0,3.31
prison,calibration,,,5.548,1.906,5.063,5.613
privacy,calibration,,,3.286,6.441,4.714,4.2
probe,calibration,,,4.765,4.0,4.438,2.879
procession,calibration,,,4.121,5.618,3.844,5.161
product,calibration,,,4.324,5.059,3.829,3.771
production,calibration,,,4.4,6.286,4.971,5.088
profile,calibration,,,4.061,5.242,4.147,3.697
profit,calibration,,,4.824,7.114,6.031,5.471
programme,calibration,,,4.281,5.667,4.063,4.242
progress,calibration,,,4.182,7.0,5.559,5.094
progression,calibration,,,4.177,7.559,5.667,5.333
projector,calibration,,,4.5,5.314,3.629,3.706
promotion,calibration,,,4.485,7.394,5.588,4.571
pronoun,calibration,,,4.235,5.257,3.324,3.029
proof,calibration,,,4.303,6.424,4.156,4.871
property,calibration,,,4.686,5.714,3.6,5.171
prose,calibration,,,3.294,5.906,4.286,3.818
prosecution,calibration,,,4.971,3.576,5.515,5.182
prosperity,calibration,,,3.743,7.735,6.382,6.0
protection,calibration,,,4.879,7.088,5.314,5.0
protest,calibration,,,4.455,4.273,6.258,5.394
psychology,calibration,,,3.606,5.941,5.485,5.273
pudding,calibration,,,3.438,6.406,5.529,3.0
pulpit,calibration,,,4.714,4.714,3.148,3.667
pulse,calibration,,,3.788,6.059,5.656,3.727
pumpkin,calibration,,,3.706,5.606,4.125,3.206
punch,calibration,,,5.931,2.742,5.567,4.129
punishment,calibration,,,5.069,2.375,6.125,5.125
purse,calibration,,,1.452,5.581,4.813,2.364
pursuit,calibration,,,4.559,5.794,5.853,4.971
pus,calibration,,,4.25,2.875,3.933,2.567
puzzle,calibration,,,4.114,5.429,5.118,3.514
quality,calibration,,,3.486,7.324,5.441,5.29
quantity,calibration,,,4.324,5.382,3.382,4.794
quantum,calibration,,,5.03,5.5,4.571,4.939
quarrel,calibration,,,3.939,3.029,5.152,4.656
quay,calibration,,,4.613,5.069,3.5,4.433
question,calibration,,,3.735,5.882,4.686,4.324
queue,calibration,,,3.849,3.5,2.636,3.727
quill,calibration,,,3.516,5.355,4.067,1.931
rabies,calibration,,,4.235,1.765,4.697,4.235
race,calibration,,,4.303,5.303,4.853,4.212
racket,calibration,,,4.727,4.912,4.515,3.25
radiator,calibration,,,4.241,5.742,3.467,3.5
radio,calibration,,,4.387,6.059,5.063,3.29
rage,calibration,,,5.886,2.057,6.486,5.2
rain,calibration,,,3.882,3.971,4.636,4.303
rainbow,calibration,,,2.171,7.943,6.088,5.514
rainforest,calibration,,,3.576,6.719,5.939,6.059
raisin,calibration,,,3.394,5.424,2.844,1.606
ranch,calibration,,,4.971,5.343,3.857,4.912
range,calibration,,,4.118,5.4,2.849,4.882
rape,calibration,,,4.818,1.03,5.324,5.677
rash,calibration,,,4.514,2.829,3.571,2.943
raspberry,calibration,,,2.667,6.485,5.0,2.0
rate,calibration,,,4.061,5.031,4.061,3.788
ration,calibration,,,4.235,4.0,3.242,2.849
rattle,calibration,,,3.818,5.061,4.455,2.441
razor,calibration,,,5.161,4.406,5.636,2.281
reaction,calibration,,,3.941,5.0,4.818,4.206
reason,calibration,,,3.853,6.265,4.594,4.853
rebound,calibration,,,4.059,3.943,4.714,3.909
recital,calibration,,,3.576,5.606,3.849,3.788
recognition,calibration,,,3.97,6.471,4.618,4.382
record,calibration,,,4.281,5.485,4.121,3.824
rectangle,calibration,,,4.429,5.257,2.765,3.688
red,calibration,,,4.03,5.486,6.03,4.235
reef,calibration,,,3.607,6.0,4.839,4.844
reel,calibration,,,4.333,5.226,3.355,3.258
refill,calibration,,,4.242,5.6,3.971,3.886
reflection,calibration,,,2.971,6.03,5.281,4.636
reflex,calibration,,,4.559,5.735,4.941,3.636
refrigerator,calibration,,,4.069,5.677,4.226,4.469
reggae,calibration,,,4.824,5.97,4.813,4.0
region,calibration,,,4.03,5.059,3.086,5.206
regulation,calibration,,,4.758,4.424,3.313,4.656
relation,calibration,,,3.265,6.222,3.912,4.857
release,calibration,,,3.849,6.156,5.281,4.438
relic,calibration,,,4.333,5.563,4.546,3.879
relish,calibration,,,3.765,6.364,5.5,4.088
remark,calibration,,,3.688,4.697,3.636,3.294
remedy,calibration,,,3.156,7.032,4.567,4.25
reminder,calibration,,,3.546,5.529,4.031,4.097
remorse,calibration,,,3.771,3.794,3.546,4.29
rendezvous,calibration,,,3.267,6.276,5.903,4.31
report,calibration,,,4.735,4.543,3.371,4.057
research,calibration,,,4.25,7.103,5.387,5.3
resentment,calibration,,,4.056,1.941,4.8,5.333
reserve,calibration,,,3.452,5.226,3.515,3.97
residual,calibration,,,3.897,4.667,3.419,3.219
residue,calibration,,,4.382,4.147,3.091,2.677
resort,calibration,,,4.067,5.781,4.367,4.613
respect,calibration,,,3.6,7.939,5.743,5.571
responsibility,calibration,,,3.455,6.059,4.647,5.941
restaurant,calibration,,,3.943,6.257,5.6,4.971
review,calibration,,,4.0,5.0,3.824,3.794
revolution,calibration,,,5.152,5.706,6.469,6.441
revolver,calibration,,,5.364,2.853,4.939,3.382
reward,calibration,,,3.857,7.771,6.514,5.147
rhapsody,calibration,,,4.286,5.517,5.143,4.448
rhyme,calibration,,,3.143,6.061,4.6,3.4
rhythm,calibration,,,3.294,6.794,6.4,4.147
ribs,calibration,,,4.382,5.242,4.059,3.029
rice,calibration,,,3.618,5.2,3.364,1.657
ridicule,calibration,,,4.0,2.394,3.743,4.441
ring,calibration,,,2.5,6.438,5.484,2.548
riot,calibration,,,5.424,2.258,5.969,6.097
risk,calibration,,,4.813,3.514,6.324,5.636
ritual,calibration,,,4.242,4.485,5.333,4.813
river,calibration,,,3.559,6.206,4.706,5.303
road,calibration,,,4.852,5.267,4.0,4.903
robbery,calibration,,,5.324,1.758,5.765,5.147
robe,calibration,,,4.0,5.371,3.774,3.029
rock,calibration,,,5.457,4.914,3.914,3.286
rocket,calibration,,,5.719,5.758,6.438,5.818
rod,calibration,,,5.206,4.941,3.375,2.6
role,calibration,,,4.061,5.688,4.281,4.273
romance,calibration,,,2.114,7.486,7.086,5.5
roof,calibration,,,4.5,5.469,3.781,4.677
root,calibration,,,4.0,5.313,3.469,3.375
rot,calibration,,,4.968,2.382,3.781,3.824
rubble,calibration,,,4.788,3.788,4.313,4.097
ruby,calibration,,,2.314,6.4,4.941,2.943
rugby,calibration,,,6.241,5.433,4.903,4.469
ruin,calibration,,,4.853,3.059,4.853,5.303
rumour,calibration,,,3.086,3.0,5.0,4.147
rust,calibration,,,5.611,3.694,3.057,2.794
sack,calibration,,,4.765,4.125,3.088,3.281
sadness,calibration,,,3.667,1.849,3.767,4.688
safety,calibration,,,3.5,7.029,3.849,4.735
salad,calibration,,,2.969,5.733,3.633,2.438
salary,calibration,,,4.471,5.971,5.515,4.588
sale,calibration,,,3.0,6.618,5.212,4.206
saloon,calibration,,,4.424,5.29,3.875,4.258
salsa,calibration,,,3.267,5.645,5.727,3.323
salvage,calibration,,,4.559,5.029,4.471,4.353
sandals,calibration,,,3.382,5.324,3.0,2.515
sanity,calibration,,,3.629,6.343,5.371,5.206
sapphire,calibration,,,2.303,6.788,5.813,2.758
satire,calibration,,,4.697,5.233,4.5,4.031
satisfaction,calibration,,,3.294,7.794,6.686,5.324
sauna,calibration,,,3.029,6.4,5.286,3.943
sausage,calibration,,,5.333,5.781,4.303,2.563
saxophone,calibration,,,4.118,5.8,5.576,3.853
scale,calibration,,,3.912,5.029,2.853,4.147
scandal,calibration,,,3.088,2.543,6.257,5.371
scar,calibration,,,4.857,3.514,4.177,2.943
scare,calibration,,,4.276,2.656,6.688,4.6
scarecrow,calibration,,,5.036,4.5,4.3,4.031
scarlet,calibration,,,2.229,5.343,5.8,3.588
scars,calibration,,,4.909,2.909,5.438,3.943
scent,calibration,,,2.2,6.706,5.563,3.647
scheme,calibration,,,4.121,4.394,3.849,4.441
science,calibration,,,5.257,7.059,6.029,6.114
scissors,calibration,,,3.8,4.429,4.657,2.8
scoop,calibration,,,4.177,5.394,3.97,2.656
scooter,calibration,,,4.3,5.281,4.438,3.469
scope,calibration,,,4.32,5.097,4.032,4.5
score,calibration,,,4.731,5.839,4.677,4.258
scorn,calibration,,,3.936,2.636,4.879,4.379
scrap,calibration,,,4.679,4.032,4.0,2.625
scream,calibration,,,2.778,2.543,6.857,5.471
screwdriver,calibration,,,6.091,4.824,3.853,2.265
script,calibration,,,4.0,5.424,4.031,3.471
scrum,calibration,,,5.594,4.452,3.667,4.033
sea,calibration,,,3.849,6.091,5.546,6.057
seal,calibration,,,3.688,5.807,4.094,3.161
season,calibration,,,3.182,5.758,4.875,4.719
seat,calibration,,,4.057,5.257,3.265,3.0
second,calibration,,,3.853,5.091,3.182,2.735
section,calibration,,,4.265,4.886,3.6,3.559
seduction,calibration,,,2.516,6.242,7.563,4.909
selection,calibration,,,3.714,5.303,4.353,4.486
semester,calibration,,,4.129,5.097,3.938,4.613
sense,calibration,,,3.2,6.257,5.857,4.706
sentence,calibration,,,3.813,5.0,3.469,3.156
sentiment,calibration,,,2.469,6.333,4.656,4.727
series,calibration,,,3.912,5.441,4.118,4.182
sermon,calibration,,,4.529,4.516,2.818,3.906
service,calibration,,,4.177,5.971,3.853,4.412
services,calibration,,,3.706,5.813,4.406,4.5
session,calibration,,,4.206,5.25,4.03,3.788
setback,calibration,,,4.152,3.118,4.091,4.156
sex,calibration,,,4.177,7.061,7.424,4.588
shade,calibration,,,3.714,5.03,3.471,3.839
shadow,calibration,,,4.091,4.147,4.625,4.0
shaft,calibration,,,5.138,4.727,5.065,3.7
shampoo,calibration,,,2.613,5.793,3.548,2.188
shape,calibration,,,3.324,5.441,3.471,3.853
share,calibration,,,3.147,6.824,4.471,4.677
shawl,calibration,,,2.138,5.233,3.936,2.936
shelf,calibration,,,4.6,4.97,3.118,3.294
shell,calibration,,,3.423,5.469,3.677,1.897
shelter,calibration,,,3.824,6.559,3.829,4.559
sherry,calibration,,,3.0,5.357,4.71,2.8
shield,calibration,,,5.588,6.265,5.515,4.5
shirt,calibration,,,5.133,5.258,4.133,3.094
shit,calibration,,,5.143,2.343,3.371,3.471
shock,calibration,,,3.828,3.25,5.807,5.156
shoe,calibration,,,3.171,5.629,4.265,2.829
shoes,calibration,,,2.364,6.057,4.212,2.788
shortage,calibration,,,4.029,2.943,3.371,3.441
shotgun,calibration,,,6.0,2.6,5.412,4.559
shroud,calibration,,,3.69,4.258,3.452,3.71
shrug,calibration,,,4.194,3.882,3.147,2.8
shudder,calibration,,,3.813,3.281,5.333,3.406
sickness,calibration,,,3.971,2.371,3.794,4.886
sigh,calibration,,,3.333,3.688,3.059,2.882
signal,calibration,,,4.212,5.486,4.091,3.943
silence,calibration,,,3.529,4.909,3.531,3.971
silk,calibration,,,1.969,6.742,5.719,2.71
simmer,calibration,,,3.6,5.206,3.719,2.849
sin,calibration,,,4.735,2.059,5.781,5.559
sins,calibration,,,4.706,2.471,4.424,5.152
situation,calibration,,,4.0,4.743,4.559,4.971
skeleton,calibration,,,4.758,4.303,4.394,4.455
sketch,calibration,,,3.514,5.941,3.771,3.343
ski,calibration,,,4.171,5.686,5.0,3.559
skiing,calibration,,,4.207,5.879,5.758,3.688
skill,calibration,,,4.125,7.455,5.939,4.758
skin,calibration,,,3.071,5.645,5.774,4.094
skirt,calibration,,,1.618,5.909,5.061,2.969
skis,calibration,,,4.091,5.719,4.633,3.061
skull,calibration,,,4.808,4.552,5.0,3.355
sky,calibration,,,3.294,6.882,5.606,6.343
skyline,calibration,,,4.063,6.394,5.03,5.771
skyscraper,calibration,,,4.971,5.057,4.571,6.171
slab,calibration,,,4.75,4.323,2.548,3.531
slap,calibration,,,3.182,2.529,5.471,4.182
slaughter,calibration,,,5.849,1.438,5.656,5.29
sleep,calibration,,,3.677,7.758,5.273,4.273
slide,calibration,,,3.912,5.441,4.697,4.061
slime,calibration,,,4.613,3.061,4.194,2.656
slip,calibration,,,3.177,3.514,4.657,3.457
slope,calibration,,,4.194,5.139,3.6,4.735
slug,calibration,,,4.594,3.719,2.677,1.613
slum,calibration,,,4.656,2.25,4.065,5.032
smallpox,calibration,,,4.265,2.265,4.118,3.471
smear,calibration,,,3.5,4.118,3.636,2.857
smell,calibration,,,4.588,4.265,4.441,3.8
smoke,calibration,,,4.613,3.333,5.212,4.152
snack,calibration,,,4.206,6.177,5.029,2.424
snap,calibration,,,4.179,4.065,5.323,2.781
snatch,calibration,,,3.793,3.226,5.548,3.419
snow,calibration,,,3.343,6.029,6.629,4.429
snowman,calibration,,,5.086,6.743,5.824,4.086
sobriety,calibration,,,3.607,5.714,4.448,4.448
sock,calibration,,,4.5,5.429,2.853,2.206
sofa,calibration,,,3.727,5.941,3.265,4.0
soil,calibration,,,4.471,5.294,2.606,3.657
sole,calibration,,,4.152,5.286,3.324,3.0
solution,calibration,,,3.618,7.394,4.879,4.97
sonar,calibration,,,4.533,5.393,3.679,4.065
song,calibration,,,2.758,7.206,6.265,4.029
sorrow,calibration,,,3.314,2.061,3.657,4.457
soup,calibration,,,3.333,5.788,3.875,2.697
source,calibration,,,4.333,5.639,3.686,4.057
spa,calibration,,,2.0,7.063,5.333,4.031
space,calibration,,,4.758,5.794,4.686,6.059
spaceship,calibration,,,5.485,5.941,6.273,5.765
spade,calibration,,,4.926,4.75,3.633,3.097
spank,calibration,,,4.314,3.886,6.571,3.886
spark,calibration,,,4.182,6.303,6.629,3.086
spear,calibration,,,5.529,3.273,5.844,4.061
speciality,calibration,,,3.286,7.235,5.576,4.281
speech,calibration,,,3.647,6.063,5.333,4.794
speed,calibration,,,5.167,5.485,7.125,4.968
sperm,calibration,,,6.6,5.441,5.353,2.514
sphere,calibration,,,3.733,5.656,4.452,4.031
spinach,calibration,,,4.576,5.125,3.152,2.375
spine,calibration,,,3.969,5.606,3.882,3.697
spire,calibration,,,4.588,5.324,4.129,4.903
spirit,calibration,,,3.382,6.875,6.375,5.156
spit,calibration,,,5.618,2.697,3.813,2.6
split,calibration,,,4.0,4.091,3.879,3.061
spoon,calibration,,,3.719,5.5,3.313,2.031
sport,calibration,,,5.486,6.314,5.059,4.714
sports,calibration,,,5.455,6.324,5.424,5.212
spot,calibration,,,4.0,3.938,3.75,2.133
spray,calibration,,,3.559,4.941,3.882,3.457
spree,calibration,,,3.2,4.733,6.067,4.467
spring,calibration,,,2.849,7.118,6.313,5.0
spur,calibration,,,4.778,5.276,4.6,3.0
spurs,calibration,,,5.303,4.281,4.394,3.029
squash,calibration,,,4.206,4.2,4.343,3.229
stab,calibration,,,5.324,1.853,6.182,4.441
stack,calibration,,,4.414,5.344,3.433,3.71
stadium,calibration,,,5.471,5.829,4.265,5.824
stage,calibration,,,3.621,5.515,5.226,4.625
stain,calibration,,,3.862,3.303,3.485,2.758
stake,calibration,,,5.0,4.324,4.758,3.613
stall,calibration,,,4.2,4.629,2.771,3.647
stamp,calibration,,,4.143,5.219,3.516,1.839
stance,calibration,,,5.0,5.618,4.514,4.647
stand,calibration,,,4.367,5.333,4.188,3.781
staple,calibration,,,4.471,5.091,2.765,2.412
statue,calibration,,,4.647,5.5,4.029,5.303
status,calibration,,,4.969,5.706,5.5,5.118
statute,calibration,,,4.633,5.0,3.484,4.556
steak,calibration,,,5.931,6.091,5.273,3.406
stealth,calibration,,,4.563,5.188,5.313,3.677
steel,calibration,,,5.303,4.912,3.727,4.424
stem,calibration,,,3.471,5.353,3.636,2.829
stench,calibration,,,4.97,2.606,4.25,4.742
stereotype,calibration,,,3.743,2.912,4.343,4.886
steroids,calibration,,,5.931,3.063,5.097,3.813
stock,calibration,,,4.807,5.406,3.438,4.091
stomach,calibration,,,4.088,5.059,4.031,3.441
stone,calibration,,,4.929,5.063,3.344,2.879
stool,calibration,,,4.457,4.706,2.343,2.829
stop,calibration,,,4.531,3.452,4.355,4.219
storage,calibration,,,4.412,5.088,2.943,4.771
store,calibration,,,3.897,5.344,3.667,4.774
story,calibration,,,3.893,6.71,5.484,4.581
stove,calibration,,,3.667,5.588,3.636,3.625
strain,calibration,,,4.529,2.824,4.424,3.824
strand,calibration,,,3.235,4.941,3.382,2.594
strap,calibration,,,4.314,4.714,4.2,2.824
straw,calibration,,,3.909,5.03,2.875,2.125
strawberry,calibration,,,2.912,6.419,5.412,2.794
streak,calibration,,,4.677,4.941,4.647,3.471
stream,calibration,,,3.528,6.114,4.382,4.278
street,calibration,,,4.313,5.313,3.656,4.121
strength,calibration,,,5.853,7.152,6.735,6.061
stress,calibration,,,4.147,1.912,5.441,4.971
stride,calibration,,,5.059,5.971,4.941,4.546
strife,calibration,,,4.412,3.5,4.903,4.903
string,calibration,,,4.029,5.229,3.118,2.242
stroke,calibration,,,3.771,3.8,4.629,3.771
stroll,calibration,,,3.206,6.455,4.559,3.606
study,calibration,,,4.029,5.429,3.743,4.765
style,calibration,,,2.382,6.441,5.914,4.457
subject,calibration,,,4.0,4.971,3.546,4.531
substance,calibration,,,4.029,5.303,4.5,4.0
suburb,calibration,,,3.333,4.788,2.938,4.879
suburbs,calibration,,,3.667,4.567,3.2,4.697
success,calibration,,,3.829,8.371,6.8,6.057
suffix,calibration,,,4.0,4.677,2.938,2.645
sugar,calibration,,,3.0,6.2,5.515,2.125
suit,calibration,,,5.6,5.719,4.273,3.636
suitcase,calibration,,,4.529,5.485,3.455,3.875
sulphur,calibration,,,4.588,4.765,3.629,2.882
summer,calibration,,,2.714,7.8,6.886,5.543
sun,calibration,,,3.188,7.469,6.212,6.273
sunlight,calibration,,,3.088,7.364,6.265,5.057
sunrise,calibration,,,3.226,7.788,6.182,5.727
sunset,calibration,,,2.4,7.472,5.886,5.882
sunshine,calibration,,,2.793,8.156,7.281,5.903
supermarket,calibration,,,3.313,5.486,4.121,5.441
support,calibration,,,2.938,7.429,4.758,4.971
suppression,calibration,,,4.182,2.576,3.818,4.412
surgery,calibration,,,4.324,3.939,5.469,5.647
surplus,calibration,,,4.242,5.182,4.032,5.147
surprise,calibration,,,2.706,7.088,7.353,5.394
surrender,calibration,,,4.172,3.344,5.0,4.452
suspension,calibration,,,4.429,4.212,4.727,4.743
suspicion,calibration,,,3.629,2.771,5.2,4.771
swamp,calibration,,,4.735,3.636,3.486,5.171
sweat,calibration,,,5.667,4.457,4.971,3.286
sweatshirt,calibration,,,5.188,5.656,3.485,3.5
sword,calibration,,,5.829,4.147,5.714,4.029
syllable,calibration,,,3.636,5.303,3.471,3.143
symbol,calibration,,,3.914,5.469,4.636,3.424
sympathy,calibration,,,2.088,6.088,5.294,4.794
symptom,calibration,,,3.849,3.5,4.226,4.394
synagogue,calibration,,,4.563,5.121,2.971,5.212
syphilis,calibration,,,4.226,1.677,5.065,3.906
syringe,calibration,,,4.032,3.438,5.469,2.438
system,calibration,,,4.606,4.771,3.813,4.906
table,calibration,,,4.0,5.129,3.357,3.875
tablespoon,calibration,,,3.485,5.485,2.636,2.303
tact,calibration,,,3.412,5.758,3.677,3.943
tail,calibration,,,3.971,5.0,3.939,2.647
tale,calibration,,,3.528,5.889,5.029,3.743
tandem,calibration,,,3.714,5.5,4.036,3.793
tango,calibration,,,3.147,5.912,5.879,3.455
tank,calibration,,,5.743,4.0,4.457,5.353
tape,calibration,,,4.182,5.086,3.171,2.452
taper,calibration,,,3.931,5.039,3.393,2.963
tapestry,calibration,,,2.485,5.909,3.743,4.394
tariff,calibration,,,4.706,4.059,3.059,3.882
taste,calibration,,,3.455,6.882,6.182,4.75
teaspoon,calibration,,,3.177,5.343,3.182,2.029
teeth,calibration,,,3.885,5.433,4.548,2.065
telephone,calibration,,,3.333,5.382,4.0,3.206
television,calibration,,,4.543,5.686,4.969,4.177
tempest,calibration,,,3.708,3.462,5.923,5.077
temple,calibration,,,3.971,5.706,4.529,5.121
tempo,calibration,,,4.147,5.514,4.771,3.727
temptation,calibration,,,3.457,4.294,6.914,5.371
tendency,calibration,,,3.697,4.765,3.824,3.971
tennis,calibration,,,4.29,5.871,4.677,3.548
tension,calibration,,,4.576,3.364,5.625,4.742
tent,calibration,,,5.088,4.857,3.629,3.286
text,calibration,,,4.118,5.371,4.529,3.143
texture,calibration,,,3.457,5.543,4.4,3.771
thanks,calibration,,,3.121,7.515,5.5,4.412
theatre,calibration,,,3.0,6.636,6.121,5.212
theme,calibration,,,3.724,5.515,4.697,4.467
theology,calibration,,,3.909,5.03,4.226,5.355
theory,calibration,,,4.471,6.118,4.257,5.147
therapy,calibration,,,3.029,6.235,4.743,4.657
thermometer,calibration,,,4.147,4.941,3.706,2.588
thigh,calibration,,,2.879,5.167,4.75,3.375
thighs,calibration,,,2.706,5.429,5.714,4.029
third,calibration,,,4.115,4.807,3.567,3.563
thirst,calibration,,,3.636,3.75,4.969,4.677
thistle,calibration,,,3.889,5.645,4.733,2.517
thorn,calibration,,,3.939,3.324,4.5,2.147
threat,calibration,,,5.543,1.943,5.457,5.618
throat,calibration,,,4.229,5.057,3.886,2.912
throne,calibration,,,4.371,5.971,6.029,5.441
thumb,calibration,,,4.677,5.206,3.529,2.471
ticket,calibration,,,4.121,5.457,4.788,3.0
tie,calibration,,,5.677,4.909,3.5,2.485
till,calibration,,,4.0,5.0,3.265,2.719
tilt,calibration,,,4.086,5.0,3.771,2.765
time,calibration,,,3.936,5.625,3.903,6.032
tobacco,calibration,,,5.455,3.118,3.441,3.375
toilet,calibration,,,4.514,4.486,3.6,3.2
toll,calibration,,,4.706,3.788,3.029,3.645
tomato,calibration,,,3.765,5.629,3.206,2.371
tomb,calibration,,,4.467,3.065,5.133,4.871
tone,calibration,,,3.743,5.343,4.743,3.735
tongue,calibration,,,3.677,5.576,5.515,2.606
tool,calibration,,,5.788,5.059,3.629,2.941
tooth,calibration,,,4.077,5.406,4.226,1.742
toothbrush,calibration,,,4.088,5.559,2.765,2.606
top,calibration,,,3.857,5.971,4.457,4.118
torch,calibration,,,5.0,5.829,4.559,3.177
torment,calibration,,,4.781,1.939,6.194,5.25
tornado,calibration,,,5.429,2.0,5.909,6.406
torture,calibration,,,5.412,1.515,4.677,5.118
tour,calibration,,,3.853,5.794,4.771,4.758
towel,calibration,,,3.867,5.8,3.419,2.774
tower,calibration,,,4.559,5.2,4.382,6.0
toxin,calibration,,,4.529,2.471,5.353,3.529
toy,calibration,,,4.088,6.471,5.606,2.941
toys,calibration,,,3.765,6.606,5.441,3.353
track,calibration,,,4.6,5.367,4.1,4.219
traction,calibration,,,4.71,5.2,3.531,3.867
tractor,calibration,,,5.714,5.324,3.382,4.677
trade,calibration,,,5.382,5.677,3.849,4.5
traffic,calibration,,,4.5,3.0,4.0,5.563
tragedy,calibration,,,3.688,1.576,6.688,6.0
tram,calibration,,,4.393,5.0,3.576,4.606
trance,calibration,,,3.765,5.088,5.061,4.152
transition,calibration,,,3.943,5.5,4.206,4.886
transportation,calibration,,,4.824,5.471,4.188,5.382
trap,calibration,,,4.515,2.971,4.882,3.818
trauma,calibration,,,4.519,1.75,5.781,5.531
tray,calibration,,,3.971,4.909,2.914,2.629
treason,calibration,,,5.313,1.818,4.849,5.382
treasure,calibration,,,3.941,7.824,6.909,5.029
treaty,calibration,,,4.406,6.182,4.182,4.576
tremble,calibration,,,3.182,3.571,5.588,3.543
trend,calibration,,,3.452,5.548,5.091,4.667
trial,calibration,,,4.767,4.0,5.727,4.656
triangle,calibration,,,4.229,5.029,3.543,2.857
tribute,calibration,,,4.121,6.618,4.875,4.939
trick,calibration,,,4.543,3.886,5.212,3.719
trinity,calibration,,,3.788,5.5,4.367,5.167
trio,calibration,,,3.829,5.576,4.265,3.606
tripod,calibration,,,4.533,5.265,2.613,3.129
trophy,calibration,,,5.057,7.543,6.4,4.343
trouble,calibration,,,4.914,2.457,6.029,5.143
trousers,calibration,,,5.912,5.294,3.515,3.121
truce,calibration,,,4.242,6.968,4.531,4.323
truck,calibration,,,5.75,4.706,3.677,5.212
trunk,calibration,,,4.559,4.706,3.324,4.412
trust,calibration,,,3.147,7.406,5.147,5.177
truth,calibration,,,3.343,7.686,6.177,5.235
tsunami,calibration,,,4.588,1.636,5.818,6.441
tube,calibration,,,4.727,4.844,3.364,3.091
tulip,calibration,,,2.143,6.943,3.971,2.324
tumour,calibration,,,4.31,1.344,5.516,3.667
tune,calibration,,,3.767,6.469,5.742,3.516
turf,calibration,,,5.039,4.871,4.267,3.936
TV,calibration,,,4.629,5.706,4.824,3.333
tweed,calibration,,,4.655,5.065,3.967,2.967
twilight,calibration,,,2.849,6.152,5.576,4.455
twins,calibration,,,3.529,6.061,4.941,3.909
Twitter,calibration,,,3.829,4.943,4.235,4.771
typewriter,calibration,,,3.813,5.394,3.485,3.394
typhoon,calibration,,,4.844,3.25,6.455,6.25
tyre,calibration,,,5.706,5.031,3.088,3.147
ulcer,calibration,,,4.265,2.912,3.657,2.343
umbrella,calibration,,,3.059,5.618,4.029,3.177
unicorn,calibration,,,2.177,7.257,6.03,4.531
unit,calibration,,,4.543,5.242,2.943,2.879
universal,calibration,,,4.0,6.971,5.969,6.303
universe,calibration,,,4.735,6.853,6.364,6.912
upgrade,calibration,,,4.419,7.2,5.6,4.943
upkeep,calibration,,,3.235,5.588,3.794,4.114
urine,calibration,,,4.686,4.257,2.971,2.857
use,calibration,,,4.143,5.226,4.364,3.719
vacation,calibration,,,3.5,7.667,5.914,5.032
vaccination,calibration,,,4.0,6.057,3.943,3.303
vaccine,calibration,,,3.742,7.091,4.871,3.727
vacuum,calibration,,,3.414,4.871,3.967,3.849
vagina,calibration,,,1.281,5.97,7.152,3.152
valley,calibration,,,3.088,6.147,4.059,5.441
value,calibration,,,3.882,6.353,5.143,5.086
vampire,calibration,,,5.029,3.743,5.849,4.4
vanity,calibration,,,2.486,3.177,4.514,4.4
vapour,calibration,,,4.118,4.875,4.697,2.938
varnish,calibration,,,3.625,5.29,3.581,3.313
vase,calibration,,,2.382,5.6,3.559,2.656
veal,calibration,,,4.313,4.594,3.879,3.219
vegetable,calibration,,,3.588,5.588,3.294,2.647
vehicle,calibration,,,5.097,5.438,4.097,4.516
veil,calibration,,,2.257,5.4,4.171,2.941
vein,calibration,,,4.177,4.667,4.147,2.588
veins,calibration,,,4.103,5.387,4.0,2.633
velocity,calibration,,,4.5,5.529,5.394,5.029
venom,calibration,,,4.515,2.576,5.353,3.735
venture,calibration,,,4.457,6.647,6.0,4.971
verb,calibration,,,4.097,5.29,3.455,3.636
verge,calibration,,,4.242,4.618,4.697,4.375
verse,calibration,,,3.618,5.743,3.6,3.156
version,calibration,,,3.844,5.118,3.647,4.059
vessel,calibration,,,4.469,5.088,3.029,4.735
victory,calibration,,,5.294,8.364,7.086,5.97
video,calibration,,,4.367,5.813,5.758,3.281
vigilance,calibration,,,5.0,5.897,5.5,5.03
vinegar,calibration,,,4.516,4.182,3.969,2.656
viola,calibration,,,2.824,5.771,5.029,3.412
violation,calibration,,,4.471,2.114,4.824,5.229
violence,calibration,,,5.765,1.559,5.879,5.647
violet,calibration,,,2.618,6.0,4.677,3.177
violin,calibration,,,3.138,6.0,5.094,2.875
virtue,calibration,,,2.8,7.618,5.471,4.743
virus,calibration,,,4.543,2.486,3.849,3.912
vision,calibration,,,3.625,6.629,4.844,5.032
vitamin,calibration,,,3.118,6.546,4.613,2.529
vodka,calibration,,,3.706,5.03,5.765,3.471
voice,calibration,,,3.455,5.971,5.629,3.909
volcano,calibration,,,5.0,3.968,7.563,6.0
volume,calibration,,,4.233,5.288,5.212,5.094
vomit,calibration,,,4.735,2.543,3.118,3.971
vote,calibration,,,4.324,6.344,4.906,4.571
vowel,calibration,,,3.688,5.367,3.212,2.727
voyage,calibration,,,4.5,6.686,6.629,5.939
wagon,calibration,,,4.936,5.035,3.71,4.303
waist,calibration,,,2.182,5.265,4.576,2.879
wall,calibration,,,4.613,4.697,2.75,4.438
wallet,calibration,,,5.903,5.313,5.03,2.677
walnut,calibration,,,4.118,5.364,3.091,1.879
waltz,calibration,,,2.613,6.438,5.219,3.936
wand,calibration,,,3.5,6.25,5.774,2.438
war,calibration,,,6.147,1.412,5.844,6.613
wardrobe,calibration,,,2.824,5.235,3.546,4.257
warehouse,calibration,,,5.286,4.697,2.882,5.324
warmth,calibration,,,2.333,7.969,6.375,5.091
warrant,calibration,,,4.625,3.788,4.121,4.094
water,calibration,,,3.886,6.882,4.857,4.941
waterfall,calibration,,,2.912,6.618,6.147,5.438
wave,calibration,,,3.618,6.324,6.061,4.714
weakness,calibration,,,3.485,2.294,3.546,3.382
wealth,calibration,,,4.647,7.235,6.25,5.514
weapon,calibration,,,5.939,2.344,5.188,4.903
web,calibration,,,3.909,5.853,4.546,4.688
wedding,calibration,,,2.235,7.829,6.849,5.886
week,calibration,,,3.963,5.355,3.581,4.355
weekend,calibration,,,3.871,7.774,6.441,4.061
weight,calibration,,,3.771,4.343,4.257,4.8
welfare,calibration,,,3.824,5.323,4.125,5.177
wheat,calibration,,,4.0,5.677,3.273,2.879
wheel,calibration,,,4.6,5.429,3.6,3.371
whisky,calibration,,,5.6,5.613,5.727,2.97
whisper,calibration,,,2.897,5.313,5.281,2.25
wiggle,calibration,,,2.857,5.788,6.531,3.0
wilderness,calibration,,,4.714,5.571,6.543,5.939
wilt,calibration,,,3.667,3.091,3.177,2.636
wind,calibration,,,3.939,4.424,4.97,4.879
windmill,calibration,,,4.206,5.645,3.882,4.265
window,calibration,,,3.824,5.486,3.636,3.735
wine,calibration,,,2.472,6.229,5.618,3.0
wing,calibration,,,3.364,5.485,4.125,3.697
winter,calibration,,,3.857,5.114,4.457,5.114
wisdom,calibration,,,3.656,8.188,5.939,5.677
wit,calibration,,,4.533,7.152,6.697,3.742
woe,calibration,,,3.63,2.419,4.281,4.355
womb,calibration,,,1.235,6.235,4.265,3.424
wonder,calibration,,,3.448,7.25,6.516,5.281
wood,calibration,,,5.235,5.206,3.0,3.727
woods,calibration,,,4.6,5.4,4.943,5.4
wool,calibration,,,2.636,5.969,2.97,3.061
word,calibration,,,4.114,5.294,3.371,2.886
words,calibration,,,3.9,6.194,4.742,4.3
worth,calibration,,,4.0,6.788,5.647,5.156
wrapper,calibration,,,4.091,5.094,3.546,2.469
wrath,calibration,,,4.867,2.636,6.129,5.313
wreck,calibration,,,4.8,2.857,5.257,5.324
wrist,calibration,,,3.515,5.156,3.563,2.548
yacht,calibration,,,4.824,5.941,4.118,4.971
yard,calibration,,,4.457,5.171,2.788,4.286
yarn,calibration,,,2.813,5.273,2.75,2.394
yeast,calibration,,,3.382,4.613,3.219,2.706
yeti,calibration,,,5.588,4.735,4.758,4.933
yoga,calibration,,,2.147,6.563,4.235,3.406
yolk,calibration,,,3.586,5.194,4.121,2.161
zeal,calibration,,,3.909,6.429,5.913,4.474
zest,calibration,,,3.452,6.818,5.969,2.636
zoo,calibration,,,4.059,6.235,5.909,4.844
zoology,calibration,,,3.657,5.765,4.571,4.571
