lemma,type,gloss_m,gloss_f,set,gender,lang
coma,meaning_split,coma (deep sleep),comma (punctuation mark),multi,multi,es
cometa,meaning_split,comet,kite (flying toy),multi,multi,es
corte,meaning_split,cut (the act of cutting),"court (the hall, chamber, or place, where justice is administered)",multi,multi,es
cólera,meaning_split,cholera,anger,multi,multi,es
frente,meaning_split,front,"forehead, brow",multi,multi,es
orden,meaning_split,"order (arrangement, sequence, organization)",order (command),multi,multi,es
parte,meaning_split,message; report; dispatch,part; section; portion; share; piece; bit; cut; proportion,multi,multi,es
radio,meaning_split,radius,"radio (industry, signal)",multi,multi,es
armazón,same_meaning,"frame, framework","frame, framework",multi,multi,es
arte,same_meaning,art,art,multi,multi,es
azúcar,same_meaning,sugar,sugar,multi,multi,es
mar,same_meaning,sea,sea,multi,multi,es
maratón,same_meaning,marathon,marathon,multi,multi,es
margen,same_meaning,"margin, edge",river bank,multi,multi,es
sartén,same_meaning,frying pan,frying pan,multi,multi,es
