lang,lemma,gender,concept_en,set,source,zipf
es,puente,m,bridge,pair,data/lexicon/pairs_de_es.csv,4.71
es,tarta,f,pie,pair,data/lexicon/pairs_de_es.csv,3.79
es,estufa,f,stove,pair,data/lexicon/pairs_de_es.csv,3.49
es,manzana,f,apple,pair,data/lexicon/pairs_de_es.csv,4.15
es,mochila,f,backpack,pair,data/lexicon/pairs_de_es.csv,4.05
es,hígado,m,liver,pair,data/lexicon/pairs_de_es.csv,3.97
es,teclado,m,keyboard,pair,data/lexicon/pairs_de_es.csv,4.11
es,cigarrillo,m,cigarette,pair,data/lexicon/pairs_de_es.csv,3.7
es,chatarra,f,scrap,pair,data/lexicon/pairs_de_es.csv,3.57
es,aterrizaje,m,landing,pair,data/lexicon/pairs_de_es.csv,3.79
es,carril,m,lane,pair,data/lexicon/pairs_de_es.csv,3.85
es,pulmón,m,lung,pair,data/lexicon/pairs_de_es.csv,3.8
es,sima,f,abyss,pair,data/lexicon/pairs_de_es.csv,3.23
es,granja,f,farm,pair,data/lexicon/pairs_de_es.csv,4.07
es,mostaza,f,mustard,pair,data/lexicon/pairs_de_es.csv,3.51
es,montaje,m,assembly,pair,data/lexicon/pairs_de_es.csv,4.01
es,manguera,f,hose,pair,data/lexicon/pairs_de_es.csv,3.35
es,callejón,m,alley,pair,data/lexicon/pairs_de_es.csv,3.66
es,jabón,m,soap,pair,data/lexicon/pairs_de_es.csv,3.88
es,colchón,m,mattress,pair,data/lexicon/pairs_de_es.csv,3.7
es,algodón,m,cotton,pair,data/lexicon/pairs_de_es.csv,4.09
es,televisora,f,tv station,pair,data/lexicon/pairs_de_es.csv,3.09
es,tubo,m,tube,pair,data/lexicon/pairs_de_es.csv,4.15
es,catarata,f,waterfall,pair,data/lexicon/pairs_de_es.csv,3.12
es,brújula,f,compass,pair,data/lexicon/pairs_de_es.csv,3.35
es,gorrito,m,bonnet,pair,data/lexicon/pairs_de_es.csv,2.74
es,riñón,m,kidney,pair,data/lexicon/pairs_de_es.csv,3.55
es,hebra,f,thread,pair,data/lexicon/pairs_de_es.csv,2.73
es,calabaza,f,pumpkin,pair,data/lexicon/pairs_de_es.csv,3.55
es,carruaje,m,carriage,pair,data/lexicon/pairs_de_es.csv,3.22
es,espinaca,f,spinach,pair,data/lexicon/pairs_de_es.csv,2.87
es,calcetín,m,sock,pair,data/lexicon/pairs_de_es.csv,3.0
es,daga,f,dagger,pair,data/lexicon/pairs_de_es.csv,3.22
es,picota,f,pillory,pair,data/lexicon/pairs_de_es.csv,2.83
es,casete,m,cassette,pair,data/lexicon/pairs_de_es.csv,2.58
es,chimenea,f,chimney,pair,data/lexicon/pairs_de_es.csv,3.69
es,lavaplatos,m,dishwasher,pair,data/lexicon/pairs_de_es.csv,2.65
es,abeto,m,fir,pair,data/lexicon/pairs_de_es.csv,2.79
es,fideo,m,noodle,pair,data/lexicon/pairs_de_es.csv,2.8
es,artefacto,m,device,pair,data/lexicon/pairs_de_es.csv,3.45
es,cartucho,m,cartridge,pair,data/lexicon/pairs_de_es.csv,3.39
es,otero,m,knoll,pair,data/lexicon/pairs_de_es.csv,3.51
es,rosaleda,f,rose garden,pair,data/lexicon/pairs_de_es.csv,2.6
es,cigarro,m,cigar,pair,data/lexicon/pairs_de_es.csv,3.66
es,abedul,m,birch,pair,data/lexicon/pairs_de_es.csv,2.58
es,perejil,m,parsley,pair,data/lexicon/pairs_de_es.csv,3.29
es,sendero,m,trail,pair,data/lexicon/pairs_de_es.csv,3.89
es,franela,f,flannel,pair,data/lexicon/pairs_de_es.csv,2.91
es,coliflor,f,cauliflower,pair,data/lexicon/pairs_de_es.csv,2.8
es,parachoques,m,bumper,pair,data/lexicon/pairs_de_es.csv,2.84
es,bodega,f,wine cellar,pair,data/lexicon/pairs_de_es.csv,3.83
es,esófago,m,oesophagus,pair,data/lexicon/pairs_de_es.csv,3.02
es,cavidad,f,cavity,pair,data/lexicon/pairs_de_es.csv,3.54
es,broche,m,clasp,pair,data/lexicon/pairs_de_es.csv,3.3
es,bulbo,m,bulb,pair,data/lexicon/pairs_de_es.csv,2.86
es,espantapájaros,m,scarecrow,pair,data/lexicon/pairs_de_es.csv,2.85
es,superestructura,f,superstructure,pair,data/lexicon/pairs_de_es.csv,2.72
es,carabina,f,carbine,pair,data/lexicon/pairs_de_es.csv,3.02
es,electrodo,m,electrode,pair,data/lexicon/pairs_de_es.csv,2.83
es,huso,m,spindle,pair,data/lexicon/pairs_de_es.csv,2.94
es,mesón,m,workbench,pair,data/lexicon/pairs_de_es.csv,2.96
es,berro,m,cress,pair,data/lexicon/pairs_de_es.csv,2.6
es,maletín,m,briefcase,pair,data/lexicon/pairs_de_es.csv,3.29
es,sidra,f,cider,pair,data/lexicon/pairs_de_es.csv,3.27
es,girasol,m,sunflower,pair,data/lexicon/pairs_de_es.csv,3.28
es,tulipán,m,tulip,pair,data/lexicon/pairs_de_es.csv,2.58
es,trinchera,f,trench,pair,data/lexicon/pairs_de_es.csv,3.33
es,cronómetro,m,stopwatch,pair,data/lexicon/pairs_de_es.csv,2.86
es,uña,f,fingernail,pair,data/lexicon/pairs_de_es.csv,3.51
es,aparador,m,sideboard,pair,data/lexicon/pairs_de_es.csv,2.62
es,marga,f,marl,pair,data/lexicon/pairs_de_es.csv,3.1
es,caballete,m,easel,pair,data/lexicon/pairs_de_es.csv,2.74
es,sanatorio,m,sanatorium,pair,data/lexicon/pairs_de_es.csv,3.35
es,grúa,f,tow truck,pair,data/lexicon/pairs_de_es.csv,3.4
es,termo,m,thermos,pair,data/lexicon/pairs_de_es.csv,3.31
es,olmo,m,elm,pair,data/lexicon/pairs_de_es.csv,3.27
es,ventrículo,m,ventricle,pair,data/lexicon/pairs_de_es.csv,2.82
es,cedro,m,cedar,pair,data/lexicon/pairs_de_es.csv,3.22
es,lado,m,side,pair,data/lexicon/pairs_de_es.csv,5.53
es,rol,m,role,pair,data/lexicon/pairs_de_es.csv,4.49
es,oposición,f,opposition,pair,data/lexicon/pairs_de_es.csv,4.83
es,tratamiento,m,treatment,pair,data/lexicon/pairs_de_es.csv,4.77
es,ventaja,f,advantage,pair,data/lexicon/pairs_de_es.csv,4.51
es,sugerencia,f,suggestion,pair,data/lexicon/pairs_de_es.csv,3.94
es,valentía,f,courage,pair,data/lexicon/pairs_de_es.csv,3.92
es,pérdida,f,loss,pair,data/lexicon/pairs_de_es.csv,4.72
es,nacimiento,m,birth,pair,data/lexicon/pairs_de_es.csv,4.57
es,vencimiento,m,defeat,pair,data/lexicon/pairs_de_es.csv,3.63
es,casualidad,f,chance,pair,data/lexicon/pairs_de_es.csv,4.31
es,paisaje,m,landscape,pair,data/lexicon/pairs_de_es.csv,4.3
es,infierno,m,hell,pair,data/lexicon/pairs_de_es.csv,4.44
es,voltaje,m,voltage,pair,data/lexicon/pairs_de_es.csv,3.45
es,conocimiento,m,knowledge,pair,data/lexicon/pairs_de_es.csv,4.94
es,botín,m,booty,pair,data/lexicon/pairs_de_es.csv,3.7
es,bendición,f,blessing,pair,data/lexicon/pairs_de_es.csv,4.0
es,desempleo,m,unemployment,pair,data/lexicon/pairs_de_es.csv,4.2
es,procesamiento,m,processing,pair,data/lexicon/pairs_de_es.csv,3.92
es,riqueza,f,wealth,pair,data/lexicon/pairs_de_es.csv,4.48
es,eje,m,axis,pair,data/lexicon/pairs_de_es.csv,4.29
es,prosperidad,f,prosperity,pair,data/lexicon/pairs_de_es.csv,3.93
es,redacción,f,essay,pair,data/lexicon/pairs_de_es.csv,4.3
es,aburrimiento,m,boredom,pair,data/lexicon/pairs_de_es.csv,3.54
es,estatuto,m,statute,pair,data/lexicon/pairs_de_es.csv,4.0
es,tacto,m,touch,pair,data/lexicon/pairs_de_es.csv,3.72
es,violación,f,violation,pair,data/lexicon/pairs_de_es.csv,4.33
es,asesinato,m,assassination,pair,data/lexicon/pairs_de_es.csv,4.71
es,minería,f,mining,pair,data/lexicon/pairs_de_es.csv,4.19
es,parentesco,m,kinship,pair,data/lexicon/pairs_de_es.csv,3.43
es,manojo,m,handful,pair,data/lexicon/pairs_de_es.csv,2.97
es,pudor,m,shame,pair,data/lexicon/pairs_de_es.csv,3.29
es,catarro,m,cold,pair,data/lexicon/pairs_de_es.csv,2.74
es,encarcelamiento,m,imprisonment,pair,data/lexicon/pairs_de_es.csv,3.33
es,escepticismo,m,skepticism,pair,data/lexicon/pairs_de_es.csv,3.5
es,pesadilla,f,nightmare,pair,data/lexicon/pairs_de_es.csv,3.98
es,cariño,m,affection,pair,data/lexicon/pairs_de_es.csv,4.59
es,cansancio,m,tiredness,pair,data/lexicon/pairs_de_es.csv,3.88
es,calentamiento,m,warming,pair,data/lexicon/pairs_de_es.csv,3.83
es,anverso,m,opposite side,pair,data/lexicon/pairs_de_es.csv,2.89
es,hostigamiento,m,harassment,pair,data/lexicon/pairs_de_es.csv,3.18
es,chantaje,m,blackmail,pair,data/lexicon/pairs_de_es.csv,3.62
es,desintegración,f,disintegration,pair,data/lexicon/pairs_de_es.csv,3.32
es,simbolismo,m,symbolism,pair,data/lexicon/pairs_de_es.csv,3.46
es,encabezamiento,m,headline,pair,data/lexicon/pairs_de_es.csv,2.58
es,disfraz,m,disguise,pair,data/lexicon/pairs_de_es.csv,3.75
es,fichaje,m,signing,pair,data/lexicon/pairs_de_es.csv,3.54
es,sanidad,f,health,pair,data/lexicon/pairs_de_es.csv,4.31
es,psicoanálisis,m,psychoanalysis,pair,data/lexicon/pairs_de_es.csv,3.49
es,nerviosismo,m,nervousness,pair,data/lexicon/pairs_de_es.csv,3.26
es,posicionamiento,m,positioning,pair,data/lexicon/pairs_de_es.csv,3.72
es,anonimato,m,anonymity,pair,data/lexicon/pairs_de_es.csv,3.6
es,trofeo,m,trophy,pair,data/lexicon/pairs_de_es.csv,3.82
es,fuero,m,charter,pair,data/lexicon/pairs_de_es.csv,3.65
es,desplazamiento,m,displacement,pair,data/lexicon/pairs_de_es.csv,3.94
es,endeudamiento,m,indebtedness,pair,data/lexicon/pairs_de_es.csv,3.52
es,renacimiento,m,rebirth,pair,data/lexicon/pairs_de_es.csv,3.89
es,esclarecimiento,m,unveiling,pair,data/lexicon/pairs_de_es.csv,2.98
es,camuflaje,m,camouflage,pair,data/lexicon/pairs_de_es.csv,3.18
es,desorden,m,disorder,pair,data/lexicon/pairs_de_es.csv,3.97
es,avistamiento,m,sighting,pair,data/lexicon/pairs_de_es.csv,2.95
es,apareamiento,m,mating,pair,data/lexicon/pairs_de_es.csv,2.94
es,busto,m,bust,pair,data/lexicon/pairs_de_es.csv,3.57
es,yihad,f,jihad,pair,data/lexicon/pairs_de_es.csv,2.92
es,encerrona,f,ambush,pair,data/lexicon/pairs_de_es.csv,2.54
es,cúspide,f,peak,pair,data/lexicon/pairs_de_es.csv,3.21
es,debilitamiento,m,weakening,pair,data/lexicon/pairs_de_es.csv,3.15
es,alud,m,avalanche,pair,data/lexicon/pairs_de_es.csv,2.94
es,misticismo,m,mysticism,pair,data/lexicon/pairs_de_es.csv,2.98
es,estreñimiento,m,constipation,pair,data/lexicon/pairs_de_es.csv,2.94
es,involución,f,regression,pair,data/lexicon/pairs_de_es.csv,2.71
es,tez,f,complexion,pair,data/lexicon/pairs_de_es.csv,3.22
es,ocio,m,leisure,pair,data/lexicon/pairs_de_es.csv,3.78
es,oleaje,m,surf,pair,data/lexicon/pairs_de_es.csv,3.16
es,ajuar,m,dowry,pair,data/lexicon/pairs_de_es.csv,2.8
es,mordaza,f,gag,pair,data/lexicon/pairs_de_es.csv,3.39
es,preámbulo,m,preamble,pair,data/lexicon/pairs_de_es.csv,3.28
es,éxtasis,m,ecstasy,pair,data/lexicon/pairs_de_es.csv,3.48
es,periplo,m,round trip,pair,data/lexicon/pairs_de_es.csv,3.06
es,electorado,m,electorate,pair,data/lexicon/pairs_de_es.csv,3.76
es,diluvio,m,deluge,pair,data/lexicon/pairs_de_es.csv,3.27
es,veracidad,f,veracity,pair,data/lexicon/pairs_de_es.csv,3.69
es,frenesí,m,frenzy,pair,data/lexicon/pairs_de_es.csv,3.16
es,reasentamiento,m,resettlement,pair,data/lexicon/pairs_de_es.csv,2.58
es,aseguramiento,m,assurance,pair,data/lexicon/pairs_de_es.csv,2.96
es,trayecto,m,route,pair,data/lexicon/pairs_de_es.csv,3.9
es,motín,m,mutiny,pair,data/lexicon/pairs_de_es.csv,3.52
es,tatuaje,m,tattoo,pair,data/lexicon/pairs_de_es.csv,3.85
es,pesquería,f,fishing,pair,data/lexicon/pairs_de_es.csv,2.55
es,licenciatura,f,degree,pair,data/lexicon/pairs_de_es.csv,3.91
es,enriquecimiento,m,enrichment,pair,data/lexicon/pairs_de_es.csv,3.56
es,plató,m,set,pair,data/lexicon/pairs_de_es.csv,3.23
es,saneamiento,m,sanitation,pair,data/lexicon/pairs_de_es.csv,3.66
es,autoabastecimiento,m,self-sufficiency,pair,data/lexicon/pairs_de_es.csv,2.5
es,redescubrimiento,m,rediscovery,pair,data/lexicon/pairs_de_es.csv,2.54
es,estrechamiento,m,narrowing,pair,data/lexicon/pairs_de_es.csv,2.57
es,letargo,m,lethargy,pair,data/lexicon/pairs_de_es.csv,3.03
es,virtuosismo,m,virtuosity,pair,data/lexicon/pairs_de_es.csv,2.69
es,xenofobia,f,xenophobia,pair,data/lexicon/pairs_de_es.csv,3.51
es,descarrilamiento,m,derailment,pair,data/lexicon/pairs_de_es.csv,2.52
es,empobrecimiento,m,impoverishment,pair,data/lexicon/pairs_de_es.csv,3.0
es,hipoxia,f,hypoxia,pair,data/lexicon/pairs_de_es.csv,2.52
es,sangría,f,bloodletting,pair,data/lexicon/pairs_de_es.csv,3.11
es,ocaso,m,dusk,pair,data/lexicon/pairs_de_es.csv,3.31
es,jaqueca,f,headache,pair,data/lexicon/pairs_de_es.csv,2.53
es,empresariado,m,business world,pair,data/lexicon/pairs_de_es.csv,3.08
es,escalafón,m,ranking,pair,data/lexicon/pairs_de_es.csv,3.08
es,detenimiento,m,thoroughness,pair,data/lexicon/pairs_de_es.csv,3.06
es,atletismo,m,athletics,pair,data/lexicon/pairs_de_es.csv,3.74
es,riada,f,flood,pair,data/lexicon/pairs_de_es.csv,2.5
es,ensañamiento,m,irritation,pair,data/lexicon/pairs_de_es.csv,2.66
es,bulto,m,bulge,pair,data/lexicon/pairs_de_es.csv,3.53
es,culebrón,m,soap opera,pair,data/lexicon/pairs_de_es.csv,2.63
es,marejada,f,swell,pair,data/lexicon/pairs_de_es.csv,2.73
es,enrojecimiento,m,redness,pair,data/lexicon/pairs_de_es.csv,2.61
es,incursión,f,raid,pair,data/lexicon/pairs_de_es.csv,3.58
es,espín,m,spin,pair,data/lexicon/pairs_de_es.csv,2.66
es,sobreexplotación,f,overexploitation,pair,data/lexicon/pairs_de_es.csv,2.67
es,ovulación,f,ovulation,pair,data/lexicon/pairs_de_es.csv,2.73
es,quiste,m,cyst,pair,data/lexicon/pairs_de_es.csv,2.86
es,autoservicio,m,self-service,pair,data/lexicon/pairs_de_es.csv,2.84
es,refinamiento,m,refinement,pair,data/lexicon/pairs_de_es.csv,3.01
es,panocha,f,corncob,pair,data/lexicon/pairs_de_es.csv,2.54
es,primacía,f,primacy,pair,data/lexicon/pairs_de_es.csv,2.94
es,platillo,m,saucer,pair,data/lexicon/pairs_de_es.csv,3.45
es,partidismo,m,partisanship,pair,data/lexicon/pairs_de_es.csv,2.52
es,vestuario,m,clothing,pair,data/lexicon/pairs_de_es.csv,3.92
es,suciedad,f,dirt,pair,data/lexicon/pairs_de_es.csv,3.5
es,silla,f,chair,pair,data/lexicon/pairs_de_es.csv,4.43
es,catedral,f,cathedral,pair,data/lexicon/pairs_de_es.csv,4.26
es,estrato,m,layer,pair,data/lexicon/pairs_de_es.csv,3.37
es,retrete,m,toilet,pair,data/lexicon/pairs_de_es.csv,3.05
es,boquete,m,gap,pair,data/lexicon/pairs_de_es.csv,2.79
es,pantalla,f,screen,pair,data/lexicon/pairs_de_es.csv,4.73
es,vivienda,f,housing,pair,data/lexicon/pairs_de_es.csv,4.61
es,correa,f,belt,pair,data/lexicon/pairs_de_es.csv,4.26
es,canasta,f,basket,pair,data/lexicon/pairs_de_es.csv,3.73
es,charca,f,pond,pair,data/lexicon/pairs_de_es.csv,2.75
es,bol,m,bowl,pair,data/lexicon/pairs_de_es.csv,3.58
es,pimienta,f,pepper,pair,data/lexicon/pairs_de_es.csv,3.89
es,pegatina,f,sticker,pair,data/lexicon/pairs_de_es.csv,2.86
es,transbordador,m,ferry,pair,data/lexicon/pairs_de_es.csv,3.21
es,armamento,m,armament,pair,data/lexicon/pairs_de_es.csv,3.79
es,restaurante,m,restaurant,pair,data/lexicon/pairs_de_es.csv,4.45
es,gimnasio,m,gym,pair,data/lexicon/pairs_de_es.csv,4.19
es,buhardilla,f,attic,pair,data/lexicon/pairs_de_es.csv,2.59
es,viña,f,vineyard,pair,data/lexicon/pairs_de_es.csv,3.91
es,mapa,m,map,pair,data/lexicon/pairs_de_es.csv,4.63
es,portillo,m,gate,pair,data/lexicon/pairs_de_es.csv,3.44
es,circuito,m,circuit,pair,data/lexicon/pairs_de_es.csv,4.26
es,porche,m,veranda,pair,data/lexicon/pairs_de_es.csv,3.23
es,púlpito,m,pulpit,pair,data/lexicon/pairs_de_es.csv,3.04
es,horca,f,gallows,pair,data/lexicon/pairs_de_es.csv,3.27
es,noguera,f,walnut,pair,data/lexicon/pairs_de_es.csv,3.0
es,portafolio,m,portfolio,pair,data/lexicon/pairs_de_es.csv,3.35
es,paja,f,straw,pair,data/lexicon/pairs_de_es.csv,4.38
es,depósito,m,deposit,pair,data/lexicon/pairs_de_es.csv,4.24
es,hostal,m,hostel,pair,data/lexicon/pairs_de_es.csv,3.09
es,trombón,m,trombone,pair,data/lexicon/pairs_de_es.csv,2.7
es,grabación,f,recording,pair,data/lexicon/pairs_de_es.csv,4.21
es,talón,m,heel,pair,data/lexicon/pairs_de_es.csv,3.35
es,piscina,f,swimming pool,pair,data/lexicon/pairs_de_es.csv,4.15
es,tablón,m,plank,pair,data/lexicon/pairs_de_es.csv,3.07
es,vertedero,m,landfill,pair,data/lexicon/pairs_de_es.csv,3.26
es,paquete,m,parcel,pair,data/lexicon/pairs_de_es.csv,4.41
es,ornato,m,ornament,pair,data/lexicon/pairs_de_es.csv,2.64
es,garita,f,watchtower,pair,data/lexicon/pairs_de_es.csv,2.92
es,páncreas,m,pancreas,pair,data/lexicon/pairs_de_es.csv,3.21
es,aminoácido,m,amino acid,pair,data/lexicon/pairs_de_es.csv,2.66
es,cabello,m,hair,pair,data/lexicon/pairs_de_es.csv,4.54
es,mantel,m,tablecloth,pair,data/lexicon/pairs_de_es.csv,3.09
es,teatro,m,theater,pair,data/lexicon/pairs_de_es.csv,4.83
es,banquillo,m,dock,pair,data/lexicon/pairs_de_es.csv,3.55
es,infusión,f,infusion,pair,data/lexicon/pairs_de_es.csv,3.24
es,valeriana,f,valerian,pair,data/lexicon/pairs_de_es.csv,2.62
es,calcita,f,calcite,pair,data/lexicon/pairs_de_es.csv,2.65
es,porvenir,m,future,pair,data/lexicon/pairs_de_es.csv,3.52
es,lenguaje,m,language,pair,data/lexicon/pairs_de_es.csv,4.75
es,municipio,m,municipality,pair,data/lexicon/pairs_de_es.csv,4.7
es,elenco,m,list,pair,data/lexicon/pairs_de_es.csv,3.72
es,contribución,f,contribution,pair,data/lexicon/pairs_de_es.csv,4.13
es,rendimiento,m,performance,pair,data/lexicon/pairs_de_es.csv,4.36
es,coherencia,f,coherence,pair,data/lexicon/pairs_de_es.csv,3.79
es,protección,f,protection,pair,data/lexicon/pairs_de_es.csv,4.92
es,exclusión,f,exclusion,pair,data/lexicon/pairs_de_es.csv,3.99
es,impresión,f,impression,pair,data/lexicon/pairs_de_es.csv,4.52
es,plomo,m,lead,pair,data/lexicon/pairs_de_es.csv,3.98
es,efecto,m,effect,pair,data/lexicon/pairs_de_es.csv,4.97
es,insinuación,f,hint,pair,data/lexicon/pairs_de_es.csv,2.97
es,lejanía,f,distance,pair,data/lexicon/pairs_de_es.csv,3.18
es,trifulca,f,quarrel,pair,data/lexicon/pairs_de_es.csv,2.63
es,broma,f,joke,pair,data/lexicon/pairs_de_es.csv,4.46
es,construcción,f,construction,pair,data/lexicon/pairs_de_es.csv,5.04
es,expresión,f,expression,pair,data/lexicon/pairs_de_es.csv,4.83
es,convenio,m,agreement,pair,data/lexicon/pairs_de_es.csv,4.28
es,mensaje,m,message,pair,data/lexicon/pairs_de_es.csv,5.1
es,origen,m,origin,pair,data/lexicon/pairs_de_es.csv,4.96
es,notificación,f,notification,pair,data/lexicon/pairs_de_es.csv,3.95
es,escalón,m,step,pair,data/lexicon/pairs_de_es.csv,3.51
es,expansión,f,expansion,pair,data/lexicon/pairs_de_es.csv,4.35
es,abastecimiento,m,supply,pair,data/lexicon/pairs_de_es.csv,3.84
es,mejoramiento,m,improvement,pair,data/lexicon/pairs_de_es.csv,3.71
es,suspicacia,f,suspicion,pair,data/lexicon/pairs_de_es.csv,2.7
es,felicitación,f,congratulation,pair,data/lexicon/pairs_de_es.csv,3.38
es,indicación,f,indication,pair,data/lexicon/pairs_de_es.csv,3.65
es,gestión,f,process,pair,data/lexicon/pairs_de_es.csv,4.78
es,reportaje,m,report,pair,data/lexicon/pairs_de_es.csv,4.0
es,disturbio,m,disturbance,pair,data/lexicon/pairs_de_es.csv,2.95
es,mudanza,f,move,pair,data/lexicon/pairs_de_es.csv,3.53
es,nombramiento,m,appointment,pair,data/lexicon/pairs_de_es.csv,4.07
es,compensación,f,compensation,pair,data/lexicon/pairs_de_es.csv,4.01
es,voluntad,f,will,pair,data/lexicon/pairs_de_es.csv,4.72
es,fichero,m,file,pair,data/lexicon/pairs_de_es.csv,3.14
es,descubrimiento,m,discovery,pair,data/lexicon/pairs_de_es.csv,4.25
es,reforzamiento,m,reinforcement,pair,data/lexicon/pairs_de_es.csv,2.92
es,proyección,f,projection,pair,data/lexicon/pairs_de_es.csv,4.07
es,cálculo,m,calculation,pair,data/lexicon/pairs_de_es.csv,4.17
es,emergencia,f,emergency,pair,data/lexicon/pairs_de_es.csv,4.56
es,jubilación,f,retirement,pair,data/lexicon/pairs_de_es.csv,3.9
es,excursión,f,excursion,pair,data/lexicon/pairs_de_es.csv,3.63
es,alojamiento,m,accommodation,pair,data/lexicon/pairs_de_es.csv,3.95
es,mantenimiento,m,maintenance,pair,data/lexicon/pairs_de_es.csv,4.45
es,desenvolvimiento,m,development,pair,data/lexicon/pairs_de_es.csv,2.88
es,delito,m,crime,pair,data/lexicon/pairs_de_es.csv,4.69
es,caminata,f,walk,pair,data/lexicon/pairs_de_es.csv,3.68
es,obtención,f,acquisition,pair,data/lexicon/pairs_de_es.csv,3.89
es,decadencia,f,decline,pair,data/lexicon/pairs_de_es.csv,3.83
es,fama,f,fame,pair,data/lexicon/pairs_de_es.csv,4.41
es,romanticismo,m,romanticism,pair,data/lexicon/pairs_de_es.csv,3.58
es,conservación,f,conservation,pair,data/lexicon/pairs_de_es.csv,4.4
es,ademán,m,gesture,pair,data/lexicon/pairs_de_es.csv,2.53
es,demolición,f,demolition,pair,data/lexicon/pairs_de_es.csv,3.53
es,interrogatorio,m,interrogation,pair,data/lexicon/pairs_de_es.csv,3.64
es,dinero,m,money,pair,data/lexicon/pairs_de_es.csv,5.47
es,vereda,f,path,pair,data/lexicon/pairs_de_es.csv,3.74
es,acercamiento,m,approach,pair,data/lexicon/pairs_de_es.csv,3.91
es,frustración,f,frustration,pair,data/lexicon/pairs_de_es.csv,3.85
es,agradecimiento,m,gratitude,pair,data/lexicon/pairs_de_es.csv,3.99
es,servicio,m,service,pair,data/lexicon/pairs_de_es.csv,5.34
es,reconstrucción,f,reconstruction,pair,data/lexicon/pairs_de_es.csv,4.14
es,sepelio,m,burial,pair,data/lexicon/pairs_de_es.csv,2.84
es,intentona,f,attempt,pair,data/lexicon/pairs_de_es.csv,2.66
es,almacenamiento,m,storage,pair,data/lexicon/pairs_de_es.csv,4.0
es,descenso,m,descent,pair,data/lexicon/pairs_de_es.csv,4.13
es,precedencia,f,precedence,pair,data/lexicon/pairs_de_es.csv,2.53
es,espionaje,m,espionage,pair,data/lexicon/pairs_de_es.csv,3.72
es,nicho,m,niche,pair,data/lexicon/pairs_de_es.csv,3.47
es,hartazgo,m,discontent,pair,data/lexicon/pairs_de_es.csv,2.92
es,omisión,f,omission,pair,data/lexicon/pairs_de_es.csv,3.57
es,graduación,f,graduation,pair,data/lexicon/pairs_de_es.csv,3.81
es,enfriamiento,m,cooling,pair,data/lexicon/pairs_de_es.csv,3.28
es,emisión,f,emission,pair,data/lexicon/pairs_de_es.csv,4.27
es,referéndum,m,referendum,pair,data/lexicon/pairs_de_es.csv,4.12
es,reconocimiento,m,recognition,pair,data/lexicon/pairs_de_es.csv,4.71
es,homenaje,m,homage,pair,data/lexicon/pairs_de_es.csv,4.51
es,indemnización,f,indemnification,pair,data/lexicon/pairs_de_es.csv,3.88
es,confort,m,comfort,pair,data/lexicon/pairs_de_es.csv,3.55
es,talento,m,talent,pair,data/lexicon/pairs_de_es.csv,4.52
es,intervalo,m,interval,pair,data/lexicon/pairs_de_es.csv,3.61
es,regresión,f,setback,pair,data/lexicon/pairs_de_es.csv,3.27
es,invasión,f,invasion,pair,data/lexicon/pairs_de_es.csv,4.24
es,menú,m,menu,pair,data/lexicon/pairs_de_es.csv,3.85
es,localidad,f,locality,pair,data/lexicon/pairs_de_es.csv,4.44
es,patrocinio,m,sponsorship,pair,data/lexicon/pairs_de_es.csv,3.61
es,horticultura,f,horticulture,pair,data/lexicon/pairs_de_es.csv,2.79
es,casamiento,m,marriage,pair,data/lexicon/pairs_de_es.csv,3.64
es,revocación,f,revocation,pair,data/lexicon/pairs_de_es.csv,3.43
es,idilio,m,idyll,pair,data/lexicon/pairs_de_es.csv,2.74
es,estancamiento,m,stagnation,pair,data/lexicon/pairs_de_es.csv,3.48
es,exención,f,exemption,pair,data/lexicon/pairs_de_es.csv,3.32
es,intervención,f,intervention,pair,data/lexicon/pairs_de_es.csv,4.64
es,patronato,m,patronage,pair,data/lexicon/pairs_de_es.csv,3.59
es,tumulto,m,tumult,pair,data/lexicon/pairs_de_es.csv,3.05
es,acné,m,acne,pair,data/lexicon/pairs_de_es.csv,3.22
es,hibernación,f,hibernation,pair,data/lexicon/pairs_de_es.csv,2.74
es,hipertensión,f,hypertension,pair,data/lexicon/pairs_de_es.csv,3.39
es,superstición,f,superstition,pair,data/lexicon/pairs_de_es.csv,3.21
es,exterminio,m,extermination,pair,data/lexicon/pairs_de_es.csv,3.48
es,autocontrol,m,self-control,pair,data/lexicon/pairs_de_es.csv,3.16
es,cáncer,m,cancer,pair,data/lexicon/pairs_de_es.csv,4.67
es,eslogan,m,slogan,pair,data/lexicon/pairs_de_es.csv,3.42
es,nepotismo,m,nepotism,pair,data/lexicon/pairs_de_es.csv,3.31
es,desequilibrio,m,imbalance,pair,data/lexicon/pairs_de_es.csv,3.42
es,cucharadita,f,teaspoon,pair,data/lexicon/pairs_de_es.csv,2.91
es,intersección,f,intersection,pair,data/lexicon/pairs_de_es.csv,3.56
es,exclamación,f,exclamation,pair,data/lexicon/pairs_de_es.csv,2.99
es,memorándum,m,memorandum,pair,data/lexicon/pairs_de_es.csv,3.2
es,hemisferio,m,hemisphere,pair,data/lexicon/pairs_de_es.csv,3.75
es,subgrupo,m,subgroup,pair,data/lexicon/pairs_de_es.csv,3.03
es,picazón,f,itch,pair,data/lexicon/pairs_de_es.csv,2.78
es,tromba,f,whirlwind,pair,data/lexicon/pairs_de_es.csv,2.72
es,rabieta,f,tantrum,pair,data/lexicon/pairs_de_es.csv,2.59
es,parque,m,park,pair,data/lexicon/pairs_de_es.csv,4.85
es,falacia,f,fallacy,pair,data/lexicon/pairs_de_es.csv,3.32
es,paranoia,f,paranoia,pair,data/lexicon/pairs_de_es.csv,3.46
es,latitud,f,latitude,pair,data/lexicon/pairs_de_es.csv,3.58
es,traición,f,treason,pair,data/lexicon/pairs_de_es.csv,4.17
es,tino,m,skill,pair,data/lexicon/pairs_de_es.csv,3.27
es,tríada,f,triad,pair,data/lexicon/pairs_de_es.csv,2.82
es,hacinamiento,m,overpopulation,pair,data/lexicon/pairs_de_es.csv,3.09
es,movimiento,m,movement,pair,data/lexicon/pairs_de_es.csv,5.16
es,parra,f,grapevine,pair,data/lexicon/pairs_de_es.csv,3.72
es,internamiento,m,internment,pair,data/lexicon/pairs_de_es.csv,2.98
es,monocultivo,m,monoculture,pair,data/lexicon/pairs_de_es.csv,2.7
es,gonorrea,f,gonorrhea,pair,data/lexicon/pairs_de_es.csv,2.94
es,confluencia,f,confluence,pair,data/lexicon/pairs_de_es.csv,3.68
es,sacrificio,m,sacrifice,pair,data/lexicon/pairs_de_es.csv,4.23
es,silbato,m,whistle,pair,data/lexicon/pairs_de_es.csv,2.99
es,azar,m,luck,pair,data/lexicon/pairs_de_es.csv,4.15
es,crucero,m,cruise,pair,data/lexicon/pairs_de_es.csv,3.9
es,valoración,f,valuation,pair,data/lexicon/pairs_de_es.csv,4.0
