en,es,de,es_invariant,AROU,VAL,DOM,CNC,IMAG,FAM,AOA,SIZE,GEND,es_ntok_qwen3,de_ntok_qwen3,es_ntok_eurollm,de_ntok_eurollm
abdominal,abdominal,,True,3.875,5.212,4.667,5.735,5.03,4.807,5.706,3.788,4.242,1,0,1,0
absurd,,absurd,False,5.452,3.563,4.719,2.065,2.375,4.793,5.281,4.531,4.1,0,1,0,1
academic,académico,akademisch,False,5.733,7.313,5.788,4.03,4.258,6.2,4.939,5.515,4.303,3,3,1,2
accidental,accidental,,True,4.382,3.941,4.182,2.941,3.177,5.906,3.324,4.029,3.939,1,0,1,0
active,activo,,False,6.531,7.0,6.581,3.75,4.75,6.484,3.581,4.774,4.156,2,0,1,0
addicted,adicto,süchtig,False,6.094,2.424,2.364,3.515,3.121,5.727,4.969,5.484,4.969,3,3,2,2
adequate,adecuado,adäquat,False,3.778,5.333,4.765,2.5,2.912,5.281,5.571,3.794,4.056,3,3,1,4
adorable,adorable,,True,6.936,7.781,5.375,2.258,3.469,5.63,4.281,4.31,2.3,1,0,2,0
adult,adulto,adult,False,5.059,5.882,6.091,4.933,5.433,6.552,2.706,4.452,4.156,2,1,1,1
adverse,adverso,,False,4.371,3.091,3.636,2.455,2.529,4.743,5.765,4.765,4.353,2,0,2,0
affordable,asequible,bezahlbar,True,4.774,6.8,4.857,3.2,3.171,5.971,4.771,3.588,3.941,3,3,3,3
aged,envejecido,,False,2.857,3.879,3.849,3.441,4.371,5.485,4.371,4.424,4.429,4,0,4,0
aggressive,agresivo,aggressiv,False,6.455,2.094,5.909,3.03,4.094,5.533,4.636,5.226,6.033,3,2,2,2
agile,ágil,,True,6.333,6.941,5.788,3.606,4.5,4.273,5.382,3.771,3.303,2,0,2,0
alcoholic,alcohólico,,False,4.686,2.0,2.886,4.5,5.469,6.0,5.686,4.571,5.229,4,0,3,0
amusing,donoso,,False,6.088,7.818,6.206,2.677,3.765,6.125,4.5,4.177,4.088,2,0,2,0
animal,animal,,True,5.323,6.206,5.485,6.424,6.647,6.333,1.857,4.257,3.97,1,0,1,0
anxious,ansioso,,False,5.686,2.657,3.265,2.657,3.806,6.0,5.306,4.618,3.056,2,0,2,0
armed,armado,bewaffnet,False,6.254,3.029,5.923,4.746,5.108,4.754,4.536,5.092,5.892,2,3,1,3
arrogant,arrogante,arrogant,True,4.5,2.156,5.452,3.25,3.969,6.0,5.438,4.807,5.844,2,1,2,2
ashamed,,beschämt,False,4.182,1.844,2.818,2.727,3.303,5.531,4.727,4.576,4.061,0,3,0,2
astonished,asombrado,,False,6.429,5.8,4.857,2.5,3.4,5.758,5.114,5.457,3.471,4,0,3,0
athletic,atlético,,False,5.656,7.029,6.219,4.546,5.25,5.613,4.088,4.559,4.879,2,0,2,0
atomic,atómico,,False,5.844,3.618,4.394,4.576,5.303,4.594,5.529,5.294,5.0,3,0,2,0
authentic,,authentisch,False,5.061,7.156,6.281,3.182,3.212,5.406,5.515,4.344,3.667,0,3,0,2
awesome,,porno,False,6.688,8.29,6.656,2.061,2.719,6.31,4.344,5.161,4.152,0,1,0,1
bad,malo,arg,False,5.059,1.853,4.471,2.771,3.6,6.471,1.588,4.667,4.714,2,1,1,1
bald,calvo,,False,2.697,3.515,4.424,5.879,6.281,5.818,3.061,2.906,6.455,2,0,2,0
bare,despojado,bar,False,5.194,5.094,4.25,3.938,4.29,5.214,3.688,3.467,3.667,4,1,3,1
beige,,beige,False,2.594,4.606,4.618,4.273,5.849,5.516,4.294,2.818,3.353,0,1,0,2
beneficial,beneficioso,,False,5.971,7.971,5.886,2.8,2.829,5.543,5.371,5.471,3.543,3,0,2,0
bitter,amargado,bitter,False,4.794,2.471,4.324,3.0,3.088,4.941,4.412,3.788,4.294,3,1,3,1
bizarre,,bizarr,False,6.156,4.758,4.844,2.129,2.871,4.821,5.063,4.375,4.414,0,2,0,2
black,negro,,False,3.657,4.088,5.4,5.371,6.143,6.75,2.086,4.629,5.059,1,0,1,0
blessed,bendito,,False,5.455,8.118,5.286,2.059,3.657,5.177,4.2,5.412,2.686,2,0,2,0
blue,azul,blau,True,4.912,5.206,5.313,4.886,6.471,6.758,1.882,3.606,5.2,2,2,1,2
bored,,gelangweilt,False,2.469,2.943,4.088,3.057,3.457,6.412,2.706,3.971,4.143,0,4,0,3
brilliant,,brillant,False,7.394,8.371,7.086,2.886,3.314,6.086,3.543,5.657,3.543,0,2,0,2
brutal,brutal,brutal,True,5.543,1.824,4.971,3.686,4.371,5.242,5.257,5.143,5.618,1,1,1,1
busy,,beschäftigt,False,4.382,4.647,4.559,3.571,4.091,6.097,2.5,4.212,3.879,0,3,0,1
capable,,fähig,False,5.057,7.029,7.371,2.8,2.914,5.686,4.706,4.857,3.971,0,3,0,3
careful,cuidadoso,,False,4.152,6.147,4.5,3.147,3.0,6.219,2.882,3.882,2.735,3,0,2,0
chaotic,,chaotisch,False,7.177,2.765,4.091,2.714,4.618,5.088,4.912,5.857,4.543,0,3,0,3
cheap,bara,,True,5.0,5.303,4.727,3.03,3.147,6.276,3.382,3.0,4.097,1,0,1,0
cheerful,,fidel,False,6.171,8.0,6.8,3.618,5.314,6.059,3.429,4.882,3.143,0,2,0,1
circular,circular,,True,3.727,5.412,5.0,5.29,5.606,5.375,3.857,3.765,3.647,1,0,1,0
civilized,civilizado,,False,4.121,7.061,5.303,3.324,4.0,5.75,5.618,5.294,3.424,2,0,2,0
classical,,klassisch,False,4.971,6.114,5.059,3.121,3.529,5.471,5.171,4.914,3.514,0,2,0,2
clean,limpio,sauber,False,5.147,7.088,6.088,4.667,5.206,6.452,2.343,4.294,2.471,2,2,2,2
clever,pillo,clever,False,5.765,7.629,6.824,3.286,3.886,6.375,2.771,4.912,4.0,2,1,2,1
cloudy,nublado,bewölkt,False,3.912,4.029,4.094,5.086,6.412,6.242,2.294,5.229,4.059,4,3,3,3
clumsy,taba,,True,4.265,3.629,4.265,2.943,4.629,5.697,3.441,4.118,3.794,2,0,2,0
cold,frío,,False,4.086,3.257,3.588,5.0,5.353,6.455,1.829,4.0,4.6,2,0,1,0
common,,geläufig,False,3.0,4.313,4.355,3.188,3.125,6.387,3.839,4.194,4.152,0,3,0,3
competent,competente,kompetent,True,5.0,6.719,7.0,3.485,2.875,5.118,5.455,4.625,4.438,2,3,1,2
conceptual,conceptual,,True,4.8,5.452,5.75,1.939,2.031,4.455,6.281,4.903,3.406,1,0,1,0
confident,confiado,zuversichtlich,False,7.0,7.813,7.516,2.625,3.419,6.333,4.313,5.567,4.581,2,4,2,3
confused,confuso,verwirrt,False,4.323,3.438,3.219,2.719,3.219,6.179,3.625,4.226,3.704,2,3,2,3
continental,continental,,True,4.067,5.813,4.967,4.355,4.133,5.063,5.313,5.1,4.097,1,0,1,0
corrupt,,korrupt,False,4.212,2.147,4.059,3.171,3.182,4.533,5.412,5.182,5.516,0,2,0,2
costly,,kostspielig,False,4.412,2.971,3.429,3.829,3.941,5.706,4.6,4.971,4.057,0,3,0,3
courageous,,mutig,False,6.588,8.091,7.057,2.914,3.441,5.125,4.8,5.6,4.419,0,2,0,2
crazy,crazy,crazy,True,6.206,3.059,4.879,2.794,4.412,5.733,3.147,4.912,3.677,1,1,1,1
criminal,,kriminell,False,5.353,2.029,4.314,5.143,5.265,5.242,3.943,4.943,5.324,0,4,0,2
cruel,cruel,,True,4.029,1.743,4.971,2.706,3.471,5.576,4.143,4.543,4.559,1,0,1,0
cultural,,kulturell,False,5.364,6.152,4.697,3.03,3.606,6.063,5.091,5.697,3.818,0,3,0,2
cunning,,gerissen,False,6.0,4.853,5.939,2.529,3.182,4.576,5.029,4.588,4.333,0,2,0,2
cynical,,zynisch,False,4.206,2.735,5.118,2.235,2.406,4.606,6.088,4.455,4.353,0,3,0,3
damaged,dañado,,False,4.371,2.314,3.6,4.171,4.657,5.559,4.0,5.0,4.486,3,0,2,0
dark,oscuro,,False,4.294,3.714,4.5,4.515,6.086,6.353,1.829,5.229,4.939,2,0,1,0
dead,muerto,,False,4.571,1.629,2.588,5.588,5.765,6.088,2.629,5.029,4.4,2,0,1,0
deaf,sordo,taub,False,3.344,3.5,2.625,5.091,3.5,5.533,3.229,4.235,4.03,2,2,2,2
decent,decente,,True,5.094,6.875,5.875,2.636,2.97,5.654,4.606,4.387,4.156,2,0,2,0
defiant,,trotzig,False,5.121,4.636,6.875,2.839,2.941,4.375,5.364,4.906,4.313,0,2,0,2
democratic,democrático,demokratisch,False,4.242,6.229,5.455,2.765,3.314,4.839,6.0,5.324,4.844,2,4,2,2
deserving,merecedor,,False,5.219,7.571,6.0,2.788,2.667,5.235,4.333,4.813,3.546,3,0,3,0
desirable,deseable,,True,6.909,7.606,6.387,2.807,4.375,5.727,5.394,5.161,2.594,2,0,2,0
desperate,desesperado,verzweifelt,False,5.152,2.029,3.424,2.333,3.471,6.118,4.647,4.667,3.514,3,4,2,3
detached,,abgelöst,False,3.114,3.375,4.829,3.029,3.343,4.657,5.257,4.029,4.588,0,3,0,2
digital,,digital,False,4.382,6.143,5.286,5.063,4.546,6.235,4.886,4.273,4.455,0,1,0,1
dirty,,dreckig,False,4.824,2.971,4.265,4.677,5.438,6.313,2.059,3.912,5.029,0,3,0,3
disappointed,,enttäuscht,False,3.818,2.441,3.485,2.471,3.177,6.182,3.471,4.441,3.909,0,5,0,3
discrete,discreto,,False,4.125,5.147,5.121,3.219,3.121,4.939,5.543,3.235,3.697,2,0,2,0
distant,distante,entfernt,True,3.5,3.97,3.774,3.147,4.088,6.194,4.424,4.727,4.206,2,2,1,1
diverse,diverso,,False,5.088,7.229,5.286,2.485,3.771,5.412,5.857,5.457,4.0,2,0,1,0
divine,divino,,False,6.125,7.469,5.419,1.936,2.484,4.367,4.625,5.719,2.931,2,0,1,0
dizzy,,schwindelig,False,4.839,3.516,3.531,3.0,3.875,5.071,3.281,3.323,3.464,0,3,0,3
dull,,matt,False,2.057,2.694,4.206,3.139,3.971,6.125,3.833,2.943,4.75,0,1,0,1
eager,ilusionado,,False,6.656,6.824,6.647,3.625,3.571,5.697,4.429,4.697,3.531,3,0,3,0
easy,,einfach,False,4.914,6.8,6.371,3.143,3.257,6.0,2.059,3.559,3.4,0,1,0,1
eccentric,excéntrico,,False,6.5,6.125,6.516,2.594,3.633,5.032,5.71,5.033,4.419,4,0,4,0
economic,económico,ökonomisch,False,3.515,4.581,3.3,2.469,2.303,5.414,5.909,5.281,4.69,1,4,1,3
efficient,eficiente,effizient,True,5.088,7.794,6.882,2.735,3.229,5.419,5.5,4.735,3.677,2,3,1,2
electric,,elektrisch,False,6.5,6.088,5.647,4.394,4.182,6.125,3.765,4.5,4.719,0,3,0,2
electronic,electrónico,elektronisch,False,4.939,6.029,5.971,5.097,4.818,6.129,4.114,4.559,5.182,1,3,1,2
elegant,,elegant,False,6.212,7.788,6.343,2.531,5.094,5.879,4.824,4.516,1.588,0,1,0,1
emotional,emocional,emotional,True,6.364,4.788,4.156,2.515,3.563,6.0,4.636,4.839,2.29,2,1,1,1
endless,,endlos,False,4.063,4.727,3.839,2.656,3.0,5.625,4.094,6.516,4.0,0,2,0,2
enthusiastic,entusiasta,,True,7.882,8.314,6.938,3.324,4.636,6.0,4.829,5.441,3.206,3,0,2,0
erotic,erótico,erotisch,False,7.879,7.182,6.273,3.029,4.794,5.324,6.265,5.065,3.156,2,1,2,2
ethnic,étnico,ethnisch,False,4.807,5.031,4.781,3.152,3.781,4.903,5.938,4.594,3.967,3,2,2,2
exact,exacto,,False,3.882,5.971,5.824,3.6,3.286,5.938,3.824,3.441,4.086,2,0,2,0
excellent,posta,exzellent,True,6.625,8.563,6.781,2.333,2.719,6.387,3.188,5.438,3.667,2,3,1,3
expensive,salado,,False,6.059,3.457,4.706,3.647,4.086,6.324,4.171,5.257,2.971,2,0,2,0
expert,,expert,False,6.226,7.531,7.032,3.688,3.548,5.724,4.452,5.226,4.464,0,1,0,1
exquisite,exquisito,,False,5.971,7.941,6.0,2.471,2.909,4.441,6.371,4.257,2.8,3,0,3,0
extravagant,extravagante,,True,6.441,6.324,6.324,2.735,4.03,4.656,5.844,5.719,3.086,2,0,2,0
extreme,ultra,extrem,True,6.781,4.594,5.452,2.75,3.125,6.367,4.394,6.0,5.344,1,1,1,1
fabulous,,fabelhaft,False,6.636,8.029,6.294,2.771,3.771,5.818,3.971,5.177,1.941,0,3,0,3
fair,,fair,False,4.406,7.118,6.063,2.667,3.125,6.419,2.636,4.094,2.813,0,1,0,1
fantastic,fantástico,fantastisch,False,7.03,8.257,6.235,2.971,3.257,6.061,3.257,5.4,3.441,3,2,2,2
fat,gordo,fett,False,4.029,2.5,4.265,5.333,6.152,6.636,2.727,5.088,3.706,2,2,2,1
fatal,fatal,,True,5.629,1.353,3.314,4.629,3.943,5.424,5.118,5.429,4.686,1,0,1,0
festive,festivo,festlich,False,6.906,7.514,5.771,4.086,5.029,5.758,4.029,5.143,3.294,2,2,2,2
feudal,feudal,,True,4.8,2.857,3.688,2.759,3.214,3.029,6.156,4.5,5.387,1,0,1,0
filthy,inmundo,versaut,False,5.088,2.714,4.706,4.029,5.514,5.455,3.6,4.677,4.882,3,2,2,2
financial,financiero,finanziell,False,4.118,5.114,4.455,3.697,3.849,5.667,5.471,5.424,5.0,2,2,2,2
fluent,,fließend,False,5.794,7.147,7.03,3.121,3.333,5.968,4.882,4.281,3.212,0,4,0,3
fluid,fluido,,False,4.5,5.177,5.194,5.429,6.121,5.121,4.371,3.636,3.375,2,0,1,0
fond,aficionado,,False,5.114,6.8,5.6,2.943,3.324,4.909,4.2,3.571,2.714,2,0,2,0
foolish,salame,,True,5.0,2.636,3.788,2.818,3.912,5.533,3.735,4.303,4.706,2,0,2,0
former,,erstere,False,3.125,4.438,4.767,2.281,2.161,4.607,5.387,3.563,4.08,0,2,0,2
fresh,fresco,frisch,False,6.235,6.909,5.394,3.938,4.088,6.032,3.257,3.97,3.206,2,2,1,2
friendly,amistoso,,False,6.677,8.088,7.194,2.697,4.324,6.656,2.647,5.0,2.879,3,0,2,0
funny,chispa,spaßig,True,7.371,8.057,6.657,2.971,4.629,6.455,2.229,4.912,4.353,3,3,3,3
future,futuro,,False,6.594,6.606,5.364,3.091,3.667,5.933,3.788,6.161,3.606,1,0,1,0
general,,generell,False,3.286,5.057,5.118,2.943,2.743,6.125,4.177,4.029,4.143,0,2,0,1
generous,generoso,großzügig,False,6.143,7.571,6.029,2.743,3.727,5.969,4.143,5.514,3.257,2,5,2,4
gentle,,sanft,False,5.147,7.212,5.235,2.657,3.714,6.121,3.029,3.294,2.5,0,2,0,2
global,global,global,True,5.576,6.286,4.647,3.818,4.324,5.941,5.0,6.486,4.629,1,1,1,1
golden,dorado,,False,5.8,7.441,5.743,4.765,5.235,5.156,3.056,4.794,2.629,2,0,2,0
good,bueno,gut,False,5.853,8.152,6.281,2.813,3.688,6.656,1.912,4.774,3.625,1,1,1,1
gradual,gradual,allmählich,True,3.333,5.273,5.177,3.177,2.909,5.515,5.088,3.546,3.706,1,4,1,4
graphic,gráfico,,False,4.829,4.771,5.543,3.912,4.086,5.065,5.2,4.147,4.882,2,0,1,0
grateful,grato,,False,5.059,7.182,5.406,2.939,3.265,6.0,3.971,4.909,2.912,2,0,2,0
great,magno,,False,6.212,8.229,6.636,2.879,2.875,6.484,2.657,5.765,4.0,2,0,2,0
greedy,,gierig,False,4.5,2.563,5.29,3.531,4.75,6.031,2.906,5.032,5.121,0,3,0,2
half,medio,,False,3.629,4.657,5.114,4.636,4.714,6.152,2.529,3.177,3.971,1,0,1,0
happy,fausto,,False,6.938,8.242,7.182,2.594,4.5,6.6,1.939,5.1,3.467,2,0,2,0
hard,duro,hart,False,5.0,3.727,5.563,4.387,4.406,6.7,2.125,4.581,5.394,1,1,1,1
harmful,,schädlich,False,4.765,2.257,4.114,2.97,3.286,5.516,4.029,5.294,4.6,0,3,0,3
healthy,,gesund,False,5.743,8.088,6.529,3.714,5.0,6.323,3.114,4.714,3.5,0,2,0,1
heavy,heavy,,True,4.844,3.758,4.032,3.645,3.849,6.321,2.387,5.281,5.333,1,0,1,0
helpful,,hilfsbereit,False,5.303,7.849,6.394,3.182,3.516,5.88,3.25,4.742,3.156,0,4,0,3
helpless,,hilflos,False,4.147,2.273,2.406,2.71,3.344,5.546,4.029,4.212,3.364,0,3,0,3
hesitant,,zögerlich,False,3.839,3.546,3.258,2.788,3.094,5.032,5.394,3.5,3.697,0,4,0,3
historical,histórico,geschichtlich,False,3.714,5.514,4.429,3.912,3.314,4.727,4.829,5.314,4.794,1,3,1,2
holy,,heilig,False,4.844,5.212,4.559,2.849,3.677,4.906,3.706,4.879,3.882,0,2,0,2
honest,honesto,,False,5.559,7.735,6.333,2.879,3.059,6.419,2.912,5.333,2.824,2,0,2,0
hostile,hostil,,True,5.677,2.273,4.419,3.581,3.606,5.065,5.636,4.909,5.618,2,0,1,0
human,humano,,False,5.633,6.433,5.9,5.567,6.433,6.48,2.844,5.031,3.839,1,0,1,0
humane,,human,False,4.853,7.156,5.971,2.971,3.029,5.219,5.853,5.0,3.546,0,1,0,1
humanitarian,humanitario,,False,4.485,7.188,6.419,3.688,3.719,3.515,6.424,5.061,3.758,3,0,2,0
humble,humilde,demütig,True,4.2,6.829,5.171,2.412,3.114,5.727,4.882,3.6,3.4,2,3,2,3
humorous,humorístico,humorvoll,False,6.875,8.061,6.871,3.094,4.375,6.194,4.871,5.226,4.212,2,3,2,2
ideal,ideal,ideal,True,5.824,7.387,5.818,2.807,2.273,5.733,4.706,4.788,3.485,1,1,1,1
idle,,untätig,False,3.219,3.387,3.909,2.818,3.25,4.345,5.188,3.452,4.433,0,2,0,3
ignorant,ignorante,,True,4.656,2.125,4.182,2.727,2.879,5.625,5.182,4.875,4.727,2,0,2,0
immature,inmaduro,,False,3.857,3.057,4.824,2.706,3.912,5.606,4.229,3.382,4.743,3,0,3,0
immense,inmenso,,False,6.75,7.0,6.188,2.625,2.936,5.7,5.455,6.313,4.844,3,0,2,0
immoral,inmoral,unmoralisch,True,4.029,2.235,5.229,1.647,2.371,4.818,5.857,4.743,4.265,3,3,2,3
immune,inmune,immun,True,4.094,6.853,5.656,3.606,2.697,5.529,5.324,4.394,4.063,3,1,2,1
impossible,imposible,unmöglich,True,4.086,2.171,3.206,2.118,2.546,6.088,3.971,5.909,4.6,3,3,1,2
impressive,impresionante,,True,7.171,7.857,7.114,3.114,3.6,5.706,4.886,5.882,4.059,3,0,2,0
incompetent,incompetente,inkompetent,True,3.441,2.353,3.677,2.882,2.8,4.412,6.057,4.177,4.486,2,4,2,3
independent,independiente,,True,6.939,7.697,7.936,3.0,3.258,6.539,4.813,5.133,3.483,2,0,1,0
indifferent,indiferente,gleichgültig,True,2.824,4.314,5.2,3.0,3.118,5.294,5.6,3.706,4.242,3,4,2,3
industrial,industrial,industriell,True,3.849,4.455,5.286,4.6,4.677,4.844,5.343,5.471,5.394,1,2,1,2
inefficient,ineficiente,,True,3.086,2.771,3.563,2.177,2.571,5.257,6.171,3.429,4.441,3,0,3,0
inferior,inferior,unterlegen,True,3.546,2.455,3.5,2.531,3.364,5.355,5.588,3.625,4.371,1,2,1,2
infinite,infinito,unendlich,False,5.618,6.382,4.647,1.636,1.971,4.824,5.265,6.647,3.906,2,3,1,2
innocent,inocente,unschuldig,True,4.559,7.314,4.25,2.588,3.677,5.853,4.086,3.706,2.571,2,4,2,3
insufficient,insuficiente,,True,3.156,2.97,2.71,3.0,2.97,5.323,5.625,2.807,3.875,3,0,2,0
insulting,insultante,,True,5.242,2.343,4.471,3.125,4.0,5.697,4.4,5.059,4.529,2,0,2,0
intellectual,intelectual,,True,6.743,7.882,6.912,2.829,3.6,6.091,5.794,5.5,3.771,3,0,1,0
intelligent,inteligente,intelligent,True,6.559,7.971,6.943,3.485,4.424,6.188,4.235,5.706,3.686,2,1,1,1
interim,,zwischenzeitlich,False,3.074,4.741,4.68,3.269,2.357,3.147,6.484,4.04,4.231,0,3,0,3
intimate,íntimo,,False,6.588,7.206,5.941,2.882,4.344,6.156,5.824,4.364,2.265,3,0,2,0
irresistible,irresistible,unwiderstehlich,True,7.485,7.546,6.129,2.968,4.061,5.788,5.355,5.129,2.333,1,5,3,5
irritating,irritante,,True,5.258,2.344,4.5,2.774,3.281,5.724,4.29,4.281,3.929,2,0,2,0
jealous,celoso,eifersüchtig,False,5.529,2.294,4.206,2.471,4.03,6.0,3.647,4.667,3.147,2,5,2,5
latent,,latent,False,2.867,4.414,4.2,3.097,2.8,3.452,6.636,3.655,4.406,0,1,0,1
legal,legal,,True,3.849,5.029,3.364,4.242,3.182,6.032,4.735,5.0,4.727,1,0,1,0
light,,leicht,False,5.656,7.188,5.933,4.968,5.688,6.52,2.069,4.688,2.862,0,1,0,1
limited,limitado,,False,4.161,3.273,3.03,2.455,2.469,5.387,4.546,2.906,3.931,2,0,1,0
linear,lineal,,True,3.194,5.5,4.618,3.857,3.971,4.667,5.944,3.824,4.333,2,0,2,0
liquid,líquido,,False,4.177,5.382,4.941,6.118,6.086,6.125,3.2,3.618,3.629,3,0,1,0
lonely,solitario,,False,3.625,1.844,3.219,2.727,3.484,6.482,3.656,4.344,3.8,3,0,1,0
long,largo,,False,4.059,4.882,5.314,3.657,4.294,6.364,2.059,4.971,4.647,1,0,1,0
loose,flojo,locker,False,3.793,4.303,4.75,3.313,3.813,4.931,3.313,3.758,3.482,2,1,2,2
lovely,,reizend,False,6.382,7.794,5.706,3.265,4.0,6.242,3.029,4.364,2.059,0,3,0,2
loyal,,loyal,False,6.242,8.156,5.849,3.091,3.091,5.875,4.212,5.313,3.212,0,1,0,1
magical,,magisch,False,7.486,8.086,6.0,1.886,4.257,5.765,2.886,5.6,2.486,0,2,0,2
magnificent,magnífico,,False,7.353,8.457,6.943,2.514,3.943,5.294,4.714,5.886,3.857,3,0,2,0
main,,hauptsächlich,False,4.0,5.4,6.177,3.343,2.794,6.353,3.333,4.765,4.778,0,5,0,1
malicious,malicioso,,False,5.912,1.849,4.714,3.057,3.143,4.667,6.177,4.912,4.457,3,0,2,0
martial,marcial,,True,4.0,4.548,4.645,3.786,3.767,3.333,5.647,4.219,4.774,2,0,2,0
massive,masivo,,False,5.882,5.794,5.758,3.529,5.0,6.219,3.412,6.294,5.5,2,0,2,0
material,material,materiell,True,3.824,5.441,5.394,5.606,5.382,5.788,3.758,3.735,3.382,1,3,1,2
medieval,medieval,,True,4.406,5.406,4.936,4.273,4.758,4.548,4.727,5.194,4.818,1,0,1,0
messy,desordenado,,False,4.706,3.242,5.188,4.448,5.606,6.394,2.441,4.471,4.697,3,0,3,0
mild,,mild,False,2.75,5.531,3.936,3.531,3.212,6.172,3.71,3.375,3.364,0,1,0,1
military,militar,militärisch,True,4.765,3.794,4.324,5.618,5.912,5.303,4.177,5.909,6.324,1,4,1,2
miraculous,milagroso,,False,6.412,7.618,5.559,2.265,2.559,5.029,5.177,6.029,3.029,4,0,3,0
miserable,miserable,elend,True,3.314,1.706,3.147,2.563,4.094,5.625,3.829,4.206,4.182,1,2,1,2
moral,moral,moralisch,True,4.563,6.971,5.909,2.294,2.656,5.355,4.758,5.219,3.281,1,2,1,2
muddy,barroso,,False,4.313,4.152,4.857,5.303,5.908,5.367,2.418,3.891,5.154,3,0,2,0
mural,mural,,True,3.355,5.906,5.567,5.645,5.033,3.355,5.344,4.133,3.469,1,0,1,0
muscular,muscular,,True,5.818,6.485,6.613,5.313,5.645,5.586,5.063,4.936,5.969,1,0,1,0
musical,,musikalisch,False,5.742,6.5,5.323,4.138,4.625,5.633,3.656,4.581,2.903,0,3,0,2
naked,,nackt,False,7.133,5.469,3.906,5.063,5.69,6.172,2.968,4.29,3.633,0,1,0,2
national,,national,False,4.546,5.943,4.844,3.563,3.333,5.636,4.6,5.794,4.719,0,1,0,1
natural,natural,,True,4.818,7.088,5.147,3.629,4.118,5.971,3.588,4.606,2.5,1,0,1,0
naval,naval,,True,4.156,5.0,5.294,5.188,4.824,4.129,5.226,3.625,4.546,1,0,1,0
near,próximo,,False,4.546,5.559,5.212,3.735,4.242,6.485,2.5,3.382,3.879,1,0,1,0
necessary,,nötig,False,3.818,5.086,4.771,2.686,2.514,5.882,4.2,4.412,4.091,0,3,0,1
negative,negativo,negativ,False,4.061,1.735,3.735,3.581,2.849,6.25,4.0,5.03,4.529,2,2,1,1
nervous,,nervös,False,5.114,3.029,2.647,3.486,4.514,6.156,3.743,4.2,3.294,0,2,0,2
neutral,neutral,neutral,True,4.0,5.206,4.774,3.394,2.636,5.323,4.5,3.909,3.485,1,1,1,1
new,nuevo,neu,False,6.031,7.063,5.71,4.219,4.313,6.484,2.125,4.133,3.667,1,1,1,1
nice,nice,,True,4.457,7.429,5.571,2.941,3.765,6.333,2.088,3.629,2.677,1,0,1,0
noisy,,unruhig,False,5.438,3.314,4.971,3.941,4.143,6.156,2.4,4.647,4.706,0,4,0,3
obedient,obediente,gehorsam,True,4.771,6.088,3.0,3.118,3.941,5.484,4.706,4.235,3.824,2,3,3,3
obese,obeso,,False,3.333,2.152,4.375,5.353,6.219,6.063,5.147,5.75,4.559,2,0,2,0
objective,objetivo,objektiv,False,4.235,5.546,5.735,2.794,2.853,5.613,5.265,4.324,4.063,1,3,1,2
obscene,obsceno,,False,5.286,2.571,4.647,3.057,3.882,4.333,5.686,4.882,5.029,2,0,2,0
obsessive,obsesivo,,False,5.171,3.059,3.8,2.941,3.515,5.697,5.486,5.294,3.529,3,0,2,0
obvious,obvio,,False,4.412,5.057,6.029,2.714,2.559,6.226,4.371,4.657,4.273,2,0,2,0
odd,,ungerade,False,3.879,4.139,4.647,2.471,3.118,5.936,3.194,3.457,4.143,0,3,0,3
offensive,ofensivo,,False,5.419,1.969,4.875,2.333,2.742,5.621,4.938,5.0,4.833,3,0,2,0
optimal,,optimal,False,6.094,7.618,6.303,3.182,3.152,5.241,5.667,4.781,4.0,0,1,0,1
optimistic,,optimistisch,False,7.121,8.182,7.206,2.882,3.364,5.969,5.471,5.794,3.382,0,3,0,2
oral,oral,mündlich,True,5.938,5.629,5.314,4.114,4.2,5.333,5.4,3.6,3.939,1,3,1,3
other,,anderweitig,False,2.742,4.936,4.667,2.844,2.1,6.321,2.5,3.344,4.121,0,3,0,3
outstanding,sobresaliente,herausragend,True,6.8,8.469,6.467,2.313,2.938,4.966,4.594,5.406,4.036,4,3,3,3
oval,oval,oval,True,3.059,5.0,4.914,5.343,5.886,4.853,3.143,2.941,3.257,1,1,1,1
own,propio,,False,4.324,6.212,7.265,3.529,3.546,6.281,2.529,4.061,4.273,1,0,1,0
painful,doloroso,schmerzhaft,False,5.875,1.849,3.818,2.706,4.529,6.313,2.971,5.364,4.429,2,4,2,4
pale,,blass,False,4.061,3.903,4.063,3.581,4.97,5.172,3.548,3.375,2.966,0,2,0,2
paranoid,paranoico,paranoid,False,5.618,2.286,2.606,2.6,3.618,5.206,5.706,4.971,3.824,3,1,2,2
partial,parcial,,True,3.206,5.118,4.735,2.529,2.471,4.606,4.882,3.294,4.03,2,0,1,0
passionate,,leidenschaftlich,False,8.177,8.143,7.061,2.515,4.486,5.794,5.286,6.0,2.6,0,4,0,3
passive,pasivo,passiv,False,3.0,4.229,3.849,2.4,2.735,5.125,5.889,3.714,3.286,2,2,2,2
peaceful,pacífico,,False,4.382,7.824,6.03,2.875,5.0,6.156,3.853,4.618,2.485,3,0,2,0
peculiar,peculiar,,True,5.059,4.563,4.625,2.594,2.794,4.909,5.529,4.424,4.394,1,0,1,0
permanent,permanente,,True,4.281,4.824,4.531,3.719,3.0,5.606,4.636,5.188,4.281,2,0,1,0
persistent,persistente,,True,5.303,5.794,6.882,2.8,3.571,5.212,5.324,4.886,3.471,2,0,2,0
personal,personal,,True,5.647,6.086,5.938,2.818,2.714,6.156,4.057,4.588,3.314,1,0,1,0
phenomenal,fenomenal,phänomenal,True,7.4,8.086,6.314,2.057,3.0,5.0,5.371,6.353,4.029,3,4,2,4
physical,físico,physisch,False,6.029,6.171,6.424,4.618,3.588,6.032,4.771,4.829,5.441,1,3,1,2
plain,sencillo,,False,2.529,4.412,4.618,4.088,4.114,6.0,2.857,3.121,3.824,3,0,1,0
polar,polar,polar,True,4.353,4.818,5.171,4.364,4.088,4.177,4.314,4.382,4.143,1,1,1,1
polite,,höflich,False,5.29,7.469,5.156,2.677,3.258,6.069,3.156,3.969,3.0,0,3,0,3
poor,pobre,arm,True,3.258,2.194,3.313,3.129,4.355,6.367,2.818,3.581,4.313,2,1,1,1
positive,positivo,positiv,False,6.485,8.457,6.324,3.286,3.629,6.471,3.514,5.0,3.371,2,2,1,1
potent,potente,,True,5.5,5.353,6.333,3.515,3.121,4.412,5.818,4.697,4.206,2,0,1,0
powerful,poderoso,,False,7.031,6.625,7.938,3.719,4.849,6.438,3.677,6.29,5.406,2,0,1,0
powerless,,machtlos,False,4.059,2.2,1.941,2.971,3.265,4.29,4.829,3.853,3.229,0,2,0,2
practical,práctico,praktisch,False,4.781,6.471,6.758,3.849,2.788,5.967,4.543,4.394,4.5,3,2,2,1
precise,preciso,präzise,False,4.9,6.667,6.5,3.267,2.71,5.241,4.813,2.742,3.75,2,4,1,3
primary,,primär,False,3.581,6.032,4.818,3.818,3.879,5.548,2.706,3.333,3.5,0,2,0,2
private,,privat,False,4.968,5.394,5.543,3.424,3.829,5.903,3.714,3.971,3.303,0,1,0,1
professional,profesional,,True,6.0,7.257,7.0,3.886,3.971,6.229,5.057,5.412,4.486,1,0,1,0
protected,protegido,,False,5.2,7.314,4.971,3.2,3.758,5.471,4.029,5.353,3.8,3,0,2,0
proud,orgulloso,stolz,False,6.092,7.439,7.03,2.692,3.667,5.912,3.349,5.53,4.242,3,3,3,2
prudent,,abgeklärt,False,3.849,4.367,4.839,3.161,2.656,3.886,6.257,3.813,3.242,0,4,0,3
public,público,öffentlich,False,5.273,5.529,4.818,4.971,5.382,6.206,3.743,5.857,4.294,1,2,1,1
racist,racista,rassistisch,True,3.912,1.229,5.286,3.455,3.943,5.529,5.571,4.686,4.6,2,3,2,2
random,random,random,True,4.733,4.97,4.455,2.031,2.455,6.107,4.333,4.188,3.903,1,1,1,1
rare,raro,,False,5.353,5.647,5.094,3.091,3.177,5.71,4.177,2.697,3.912,2,0,1,0
rash,arrojado,,False,3.571,2.829,3.686,5.029,5.147,5.343,3.571,2.943,4.514,4,0,3,0
real,real,,True,5.314,6.371,5.343,3.686,3.029,6.344,2.686,4.8,3.941,1,0,1,0
reasonable,razonable,,True,3.971,7.057,5.583,2.412,2.588,6.0,4.889,4.629,3.278,3,0,3,0
recent,reciente,kürzlich,True,3.441,5.265,5.091,3.441,2.394,6.088,3.886,3.706,3.853,2,4,1,2
regional,regional,regional,True,2.844,5.088,4.765,3.857,2.971,4.515,5.229,4.882,4.294,1,1,1,1
relative,,relativ,False,4.875,6.194,5.333,4.212,4.29,5.939,3.485,4.5,3.75,0,1,0,1
reliable,,verlässlich,False,4.647,7.771,6.2,3.118,2.829,6.057,4.886,4.765,3.257,0,3,0,2
remote,,fern,False,3.4,4.706,4.543,4.857,5.147,5.576,3.886,3.088,4.571,0,1,0,1
resident,,wohnhaft,False,3.2,5.457,5.0,5.177,4.788,5.03,5.2,3.818,4.353,0,3,0,3
residential,residencial,,True,3.303,5.0,4.818,4.0,4.29,5.375,5.412,4.063,4.059,2,0,1,0
rich,rico,,False,6.412,7.278,6.629,4.143,5.343,6.364,2.714,5.647,4.829,1,0,1,0
ridiculous,ridículo,,False,5.97,3.618,4.333,2.677,3.182,6.031,4.471,4.727,4.147,2,0,2,0
rigid,,starr,False,3.567,3.531,5.063,4.125,4.031,4.6,5.438,3.594,4.875,0,2,0,2
ripe,maduro,reif,False,4.324,6.235,4.941,4.2,4.941,5.059,3.6,3.457,3.486,2,2,2,2
risky,,riskant,False,6.469,3.813,4.441,2.394,3.546,6.0,4.147,5.031,4.818,0,2,0,2
romantic,romántico,romantisch,False,7.265,7.677,4.971,2.824,5.0,6.438,4.324,5.029,2.5,3,2,3,2
rough,,rau,False,5.344,3.581,5.233,3.645,4.156,5.667,3.161,4.0,5.429,0,2,0,1
royal,,royal,False,5.313,5.633,5.581,4.063,4.594,5.37,3.438,5.25,3.367,0,1,0,1
rude,,unhöflich,False,4.853,2.382,4.853,3.29,3.971,6.091,2.886,4.314,4.849,0,4,0,4
rural,,ländlich,False,3.875,5.333,5.267,4.273,5.194,5.138,5.094,4.485,3.967,0,3,0,3
sad,,traurig,False,3.941,2.2,3.031,2.412,5.094,5.912,1.771,4.229,3.686,0,3,0,2
safe,salvo,,False,4.912,7.706,5.719,3.5,4.129,6.433,2.546,4.697,3.849,2,0,1,0
salty,salado,,False,5.032,4.355,5.188,4.0,3.313,5.833,3.094,3.194,4.517,2,0,2,0
sane,cuerdo,,False,4.912,6.657,6.029,2.529,3.2,5.147,4.971,4.618,3.914,2,0,2,0
scarce,,knapp,False,3.697,2.912,3.758,3.333,3.061,4.206,5.382,2.818,3.849,0,2,0,1
scientific,científico,wissenschaftlich,False,5.2,6.429,5.882,4.229,4.0,6.206,4.657,5.618,5.086,1,3,1,2
seasonal,estacional,saisonal,True,5.059,6.273,4.177,3.333,5.0,5.853,4.324,5.219,3.546,2,2,2,2
sensational,sensacional,sensationell,True,6.853,7.667,6.333,2.5,3.029,5.063,5.147,5.281,3.0,2,2,2,2
sensitive,sensible,sensibel,True,5.206,5.677,3.455,2.576,3.188,6.033,3.969,3.824,2.118,1,2,1,2
sensual,sensual,,True,6.882,7.364,6.344,3.061,3.719,5.125,6.091,4.656,2.364,1,0,1,0
sentimental,sentimental,sentimental,True,5.588,6.706,4.588,2.394,2.794,5.344,5.647,4.941,1.971,1,1,1,1
serious,,ernsthaft,False,3.879,3.914,5.849,3.171,3.657,6.059,3.4,5.091,4.686,0,3,0,2
severe,severo,,False,5.206,2.5,4.559,2.471,3.147,5.758,4.941,5.029,4.875,2,0,2,0
sexual,sexual,,True,7.686,7.257,6.686,3.559,4.706,6.03,5.8,4.657,3.765,1,0,1,0
sexy,,sexy,False,7.719,7.686,6.625,2.879,5.438,6.429,5.257,5.273,2.0,0,1,0,1
shallow,,flach,False,3.618,3.441,4.147,3.441,4.177,5.576,4.059,2.912,3.706,0,2,0,2
shameful,vergonzoso,beschämend,False,4.515,2.333,3.394,2.441,2.576,4.844,4.853,5.088,4.303,3,3,3,3
sharp,afilado,,False,6.29,3.774,5.313,4.033,4.933,5.778,2.625,3.367,4.345,3,0,3,0
shy,,scheu,False,4.177,3.886,2.807,2.727,4.353,6.0,2.6,3.0,2.882,0,2,0,2
silent,silencioso,wortlos,False,4.057,5.0,4.171,3.394,3.314,6.156,2.657,4.057,3.8,3,3,2,2
simple,simple,,True,4.29,5.909,5.781,2.719,2.606,6.5,3.226,3.125,4.0,1,0,1,0
sincere,sincero,,False,4.543,7.118,5.765,2.647,2.853,5.0,5.206,4.324,2.882,2,0,2,0
singular,singular,,True,3.419,4.912,5.588,4.182,3.546,4.594,4.829,2.677,3.879,1,0,1,0
sinister,siniestro,,False,5.212,2.0,4.0,2.636,3.765,5.344,5.471,4.636,4.97,3,0,3,0
sleepy,,verschlafen,False,2.697,4.121,3.353,3.382,4.529,6.758,1.824,3.559,3.471,0,3,0,2
slow,lento,langsam,False,2.636,3.467,3.469,3.387,3.875,6.323,2.182,2.576,3.767,2,2,1,1
smart,smart,smart,True,6.5,7.8,7.091,2.829,4.0,6.333,3.0,4.971,3.735,1,1,1,1
smooth,liso,,False,5.485,6.939,5.4,3.97,5.758,6.125,3.059,3.606,2.455,2,0,2,0
sober,sobrio,nüchtern,False,4.303,6.299,6.508,3.809,4.5,6.206,5.687,3.849,4.294,2,4,2,4
social,social,,True,5.844,6.781,6.194,2.727,3.4,6.482,4.581,5.219,3.448,1,0,1,0
socialist,socialista,,True,4.742,5.29,5.188,3.233,3.367,4.677,6.645,4.733,3.903,2,0,1,0
soft,blando,weich,False,5.029,6.941,5.029,4.857,4.794,6.324,1.743,3.371,2.4,2,2,2,2
solar,solar,solar,True,5.281,6.581,4.697,4.438,3.968,4.786,5.125,5.968,4.0,1,1,1,1
solemn,solemne,,True,2.906,3.75,3.5,2.548,3.25,4.3,5.452,3.625,4.519,3,0,3,0
solid,,solid,False,3.824,5.629,5.853,5.559,5.029,5.727,3.629,4.257,4.886,0,1,0,1
sovereign,soberano,souverän,False,4.133,5.2,5.467,4.1,4.517,3.182,5.938,5.172,4.393,2,3,2,2
special,especial,,True,6.824,7.727,6.088,2.206,3.0,6.313,2.471,5.382,2.909,1,0,1,0
spectacular,espectacular,spektakulär,True,7.97,8.382,6.818,2.188,3.0,5.4,5.029,6.032,3.618,2,5,1,3
stagnant,estancado,,False,3.069,3.071,3.857,3.267,3.452,3.667,6.065,3.621,4.807,3,0,3,0
stale,,schal,False,2.548,2.903,4.333,3.813,3.75,4.964,4.032,3.161,4.333,0,2,0,2
steep,,steil,False,4.908,3.746,4.262,4.493,5.354,4.864,3.833,4.742,4.617,0,2,0,2
strange,,fremd,False,5.303,3.971,4.353,2.412,3.382,6.156,3.088,4.563,4.147,0,2,0,2
stressful,,stressig,False,4.333,2.121,3.438,3.152,4.242,6.548,4.971,5.121,3.879,0,2,0,2
strict,estricto,,False,5.097,3.469,3.875,2.813,3.281,5.346,3.531,3.968,4.25,3,0,3,0
strong,fuerte,stark,True,6.706,7.571,7.618,3.943,5.086,6.515,2.485,5.882,5.8,2,1,1,1
stylish,,stilvoll,False,5.743,7.086,6.029,3.171,4.2,5.333,5.118,4.735,2.206,0,3,0,2
subjective,subjetivo,subjektiv,False,3.824,4.943,4.714,2.314,2.314,4.656,6.222,4.059,3.417,3,3,2,2
sublime,sublime,,True,5.233,6.71,5.613,2.484,2.25,3.939,5.938,4.4,3.3,1,0,1,0
substantial,sustancial,,True,5.0,6.514,6.364,3.543,3.235,5.121,6.0,5.758,4.382,2,0,2,0
subtle,sutil,subtil,True,3.879,5.818,4.882,2.529,2.412,5.2,5.441,2.882,3.182,2,2,2,2
successful,,erfolgreich,False,6.853,8.206,7.091,2.677,4.5,6.258,4.588,5.471,3.818,0,1,0,1
suicidal,suicida,,True,3.6,1.343,4.057,2.727,3.886,5.171,6.029,5.765,4.429,2,0,2,0
summary,sumario,,False,3.543,4.971,5.2,4.114,3.286,5.559,4.971,3.177,4.257,2,0,2,0
sunny,soleado,sonnig,False,6.882,8.265,5.706,5.257,6.6,6.424,1.882,4.853,2.829,2,3,2,2
supreme,supremo,,False,6.485,7.182,6.853,2.559,2.909,4.147,5.235,5.971,4.353,2,0,2,0
sweet,dulce,,True,6.2,7.647,5.206,4.394,5.114,6.471,2.059,3.086,2.147,2,0,1,0
talented,talentoso,talentiert,False,6.588,8.206,6.912,2.824,4.333,6.3,3.667,5.344,3.576,2,2,2,2
tall,alto,,False,5.094,6.324,6.406,5.294,6.441,6.125,2.114,5.485,5.559,1,0,1,0
technical,técnico,,False,3.714,5.171,4.788,3.486,3.457,5.457,5.029,4.543,5.571,1,0,1,0
terrible,,furchtbar,False,6.031,1.697,3.871,2.313,2.667,5.929,3.5,5.29,4.429,0,4,0,3
terrifying,aterrador,,False,5.457,1.824,3.857,3.029,4.171,5.743,4.182,5.75,5.114,3,0,2,0
theatrical,teatral,,True,6.606,5.971,5.882,3.306,4.971,5.529,5.083,5.229,2.75,3,0,1,0
thematic,temático,thematisch,False,4.261,5.25,5.044,2.81,2.667,2.375,6.143,4.364,3.556,2,2,2,2
theoretical,teórico,theoretisch,False,3.727,5.656,4.75,2.061,1.968,5.182,6.394,5.0,4.212,3,2,2,2
thick,,dick,False,3.394,4.303,4.909,4.471,4.294,5.667,3.029,4.412,4.606,0,1,0,2
thirsty,,durstig,False,4.0,3.618,3.853,4.529,4.343,6.531,1.886,4.03,3.886,0,3,0,3
tidy,arreglado,aufgeräumt,False,5.294,7.314,5.667,4.257,5.485,6.061,2.657,3.853,2.882,4,5,3,4
tight,apretado,,False,4.788,4.364,3.667,4.235,4.771,5.657,2.912,2.714,3.03,3,0,3,0
tiny,meñique,,True,3.969,4.636,3.936,3.424,4.438,5.567,2.438,1.485,2.867,3,0,3,0
tough,,knallhart,False,4.636,4.636,5.97,3.559,3.546,6.063,3.588,4.71,5.849,0,3,0,3
toxic,tóxico,toxisch,False,5.8,1.859,3.539,3.984,3.844,5.017,4.462,4.844,4.823,3,3,2,2
tragic,trágico,tragisch,False,6.152,1.727,3.121,2.188,2.485,5.633,4.576,5.438,3.767,3,2,3,2
traumatic,traumático,,False,5.143,1.743,3.143,2.912,3.429,5.029,5.343,5.486,4.143,3,0,2,0
triangular,triangular,,True,3.25,4.969,4.839,5.0,6.344,5.1,3.788,3.0,4.065,1,0,1,0
tribal,tribal,,True,5.147,5.677,5.914,4.235,4.943,4.314,5.514,5.086,5.333,1,0,1,0
trustworthy,,vertrauenswürdig,False,5.667,8.581,6.625,2.727,3.29,6.065,4.969,5.625,3.063,0,7,0,4
ugly,,hässlich,False,4.147,2.0,3.606,2.939,5.177,6.303,2.677,4.382,4.177,0,3,0,3
uncomfortable,incómodo,ungemütlich,False,4.469,2.697,3.125,2.656,3.188,6.414,4.125,4.367,4.0,3,4,3,4
undesirable,indeseable,,True,3.727,1.97,3.375,2.257,3.147,5.188,5.229,4.088,4.121,3,0,3,0
unhappy,infeliz,,True,3.0,1.971,3.6,2.273,3.882,5.765,2.686,4.457,3.971,3,0,2,0
unique,,einzigartig,False,6.839,7.484,6.968,2.156,2.844,6.0,4.469,4.281,3.533,0,4,0,2
unsuccessful,,erfolglos,False,3.242,1.882,3.0,2.735,3.147,5.576,5.147,4.588,4.324,0,3,0,2
unusual,inusual,unüblich,True,5.242,5.029,5.206,2.4,2.743,5.594,3.886,4.424,4.171,2,3,2,3
urban,urbano,urban,False,4.118,5.177,5.265,3.912,4.429,4.849,5.394,4.849,4.714,2,1,1,1
urgent,urgente,dringend,True,6.594,4.032,4.774,2.813,2.733,5.407,4.452,5.484,4.138,2,3,1,2
useful,útil,,True,4.563,7.588,6.394,3.114,3.441,6.121,3.647,4.5,3.686,1,0,1,0
usual,usual,üblich,True,3.03,5.406,5.219,3.0,2.5,6.581,3.406,3.3,3.844,1,3,1,1
vacant,vacante,,True,3.656,4.088,4.406,3.939,3.849,5.147,4.971,4.0,4.152,2,0,2,0
vague,vago,vage,False,3.313,3.875,3.969,1.849,2.0,5.032,5.156,3.567,3.897,2,2,2,2
vain,vano,eitel,False,4.636,2.971,4.647,3.156,3.281,5.0,5.314,4.333,3.686,2,2,2,2
valuable,valioso,wertvoll,False,6.242,7.588,5.969,3.382,3.677,5.903,4.5,5.438,3.677,2,4,2,2
vast,vasto,,False,5.839,5.781,5.484,2.906,4.031,5.063,5.242,6.355,4.563,2,0,1,0
verbal,verbal,verbal,True,4.706,5.429,6.647,3.667,3.059,5.794,4.8,4.171,3.857,1,1,1,1
vigilant,,wachsam,False,5.206,6.182,6.727,2.824,3.143,3.735,6.286,5.118,4.273,0,3,0,3
violent,violento,gewalttätig,False,5.771,1.824,5.441,4.314,5.029,5.909,3.971,5.086,5.647,2,4,1,5
vivid,,anschaulich,False,6.941,7.0,5.941,2.588,3.235,5.303,5.177,5.152,3.118,0,3,0,3
vulgar,vulgar,,True,5.471,2.294,4.625,2.281,2.969,4.75,5.5,4.125,5.061,1,0,1,0
warm,cálido,,False,5.857,7.743,5.429,4.206,4.714,6.576,2.147,4.441,2.914,2,0,2,0
weak,débil,,True,2.613,2.419,2.6,2.938,3.818,5.833,3.273,2.419,3.469,2,0,1,0
wild,,wild,False,6.912,5.576,6.424,3.706,4.571,5.656,2.971,5.152,4.343,0,1,0,1
wise,,weise,False,5.906,7.97,6.906,2.719,3.0,5.821,3.788,4.969,4.414,0,2,0,2
worthy,digno,würdig,False,4.8,7.206,6.029,2.882,2.824,4.882,4.8,5.206,4.063,2,2,2,2
wrong,,verkehrt,False,5.273,2.273,4.313,2.424,3.364,6.567,2.206,4.688,4.625,0,3,0,3
yellow,,gelb,False,4.188,5.971,5.059,5.441,6.735,6.606,1.382,3.765,3.086,0,2,0,2
youthful,,jugendlich,False,6.194,7.5,5.129,3.156,4.161,4.967,5.167,4.156,2.897,0,3,0,2
