lemma,stem,form_o,form_a,zipf_o,zipf_a,zipf_min,source
necesitar,necesit,necesito,necesita,5.13,5.14,5.13,wiktionary:kaikki@2026-10-03
llevar,llev,llevo,lleva,4.72,5.17,4.72,wiktionary:kaikki@2026-10-03
crear,cre,creo,crea,5.79,4.63,4.63,wiktionary:kaikki@2026-10-03
llegar,lleg,llego,llega,4.49,5.06,4.49,wiktionary:kaikki@2026-10-03
alegrar,alegr,alegro,alegra,4.2,4.19,4.19,wiktionary:kaikki@2026-10-03
considerar,consider,considero,considera,4.17,4.79,4.17,wiktionary:kaikki@2026-10-03
entrar,entr,entro,entra,4.13,4.77,4.13,wiktionary:kaikki@2026-10-03
asegurar,asegur,aseguro,asegura,4.08,4.34,4.08,wiktionary:kaikki@2026-10-03
imaginar,imagin,imagino,imagina,4.46,4.07,4.07,wiktionary:kaikki@2026-10-03
aceptar,acept,acepto,acepta,4.05,4.35,4.05,wiktionary:kaikki@2026-10-03
presentar,present,presento,presenta,4.03,4.91,4.03,wiktionary:kaikki@2026-10-03
cagar,cag,cago,caga,4.0,3.96,3.96,wiktionary:kaikki@2026-10-03
explicar,explic,explico,explica,3.93,4.71,3.93,wiktionary:kaikki@2026-10-03
levantar,levant,levanto,levanta,3.77,4.29,3.77,wiktionary:kaikki@2026-10-03
apuntar,apunt,apunto,apunta,3.71,4.21,3.71,wiktionary:kaikki@2026-10-03
disfrutar,disfrut,disfruto,disfruta,3.7,4.25,3.7,wiktionary:kaikki@2026-10-03
soportar,soport,soporto,soporta,3.68,3.78,3.68,wiktionary:kaikki@2026-10-03
dedicar,dedic,dedico,dedica,3.68,4.25,3.68,wiktionary:kaikki@2026-10-03
declarar,declar,declaro,declara,3.65,4.24,3.65,wiktionary:kaikki@2026-10-03
opinar,opin,opino,opina,3.62,4.06,3.62,wiktionary:kaikki@2026-10-03
acompañar,acompañ,acompaño,acompaña,3.58,4.15,3.58,wiktionary:kaikki@2026-10-03
aconsejar,aconsej,aconsejo,aconseja,3.55,3.7,3.55,wiktionary:kaikki@2026-10-03
aprovechar,aprovech,aprovecho,aprovecha,3.54,4.05,3.54,wiktionary:kaikki@2026-10-03
ignorar,ignor,ignoro,ignora,3.51,3.92,3.51,wiktionary:kaikki@2026-10-03
perdonar,perdon,perdono,perdona,3.51,4.11,3.51,wiktionary:kaikki@2026-10-03
viajar,viaj,viajo,viaja,3.49,4.07,3.49,wiktionary:kaikki@2026-10-03
utilizar,utiliz,utilizo,utiliza,3.48,4.65,3.48,wiktionary:kaikki@2026-10-03
preocupar,preocup,preocupo,preocupa,3.43,4.5,3.43,wiktionary:kaikki@2026-10-03
preparar,prepar,preparo,prepara,3.42,4.24,3.42,wiktionary:kaikki@2026-10-03
participar,particip,participo,participa,3.4,4.3,3.4,wiktionary:kaikki@2026-10-03
alcanzar,alcanz,alcanzo,alcanza,3.4,4.45,3.4,wiktionary:kaikki@2026-10-03
confirmar,confirm,confirmo,confirma,3.39,4.2,3.39,wiktionary:kaikki@2026-10-03
observar,observ,observo,observa,3.39,4.27,3.39,wiktionary:kaikki@2026-10-03
admirar,admir,admiro,admira,3.78,3.37,3.37,wiktionary:kaikki@2026-10-03
arrancar,arranc,arranco,arranca,3.37,3.98,3.37,wiktionary:kaikki@2026-10-03
agregar,agreg,agrego,agrega,3.36,4.13,3.36,wiktionary:kaikki@2026-10-03
ocupar,ocup,ocupo,ocupa,3.36,4.43,3.36,wiktionary:kaikki@2026-10-03
aclarar,aclar,aclaro,aclara,3.33,3.82,3.33,wiktionary:kaikki@2026-10-03
valorar,valor,valoro,valora,3.32,3.69,3.32,wiktionary:kaikki@2026-10-03
mear,me,meo,mea,3.42,3.32,3.32,wiktionary:kaikki@2026-10-03
mencionar,mencion,menciono,menciona,3.32,4.34,3.32,wiktionary:kaikki@2026-10-03
informar,inform,informo,informa,3.29,4.31,3.29,wiktionary:kaikki@2026-10-03
reiterar,reiter,reitero,reitera,3.23,3.3,3.23,wiktionary:kaikki@2026-10-03
ordenar,orden,ordeno,ordena,3.22,3.99,3.22,wiktionary:kaikki@2026-10-03
importar,import,importo,importa,3.21,5.2,3.21,wiktionary:kaikki@2026-10-03
bailar,bail,bailo,baila,3.19,3.84,3.19,wiktionary:kaikki@2026-10-03
brindar,brind,brindo,brinda,3.18,4.1,3.18,wiktionary:kaikki@2026-10-03
conformar,conform,conformo,conforma,3.18,3.58,3.18,wiktionary:kaikki@2026-10-03
juzgar,juzg,juzgo,juzga,3.17,3.56,3.17,wiktionary:kaikki@2026-10-03
inclinar,inclin,inclino,inclina,3.17,3.31,3.17,wiktionary:kaikki@2026-10-03
afirmar,afirm,afirmo,afirma,3.15,4.52,3.15,wiktionary:kaikki@2026-10-03
resultar,result,resulto,resulta,3.13,4.89,3.13,wiktionary:kaikki@2026-10-03
acostumbrar,acostumbr,acostumbro,acostumbra,3.13,3.57,3.13,wiktionary:kaikki@2026-10-03
revisar,revis,reviso,revisa,3.13,3.99,3.13,wiktionary:kaikki@2026-10-03
nombrar,nombr,nombro,nombra,3.13,3.79,3.13,wiktionary:kaikki@2026-10-03
funcionar,funcion,funciono,funciona,3.12,4.83,3.12,wiktionary:kaikki@2026-10-03
señalar,señal,señalo,señala,3.11,4.51,3.11,wiktionary:kaikki@2026-10-03
obligar,oblig,obligo,obliga,3.09,4.25,3.09,wiktionary:kaikki@2026-10-03
detestar,detest,detesto,detesta,3.68,3.09,3.09,wiktionary:kaikki@2026-10-03
realizar,realiz,realizo,realiza,3.09,4.62,3.09,wiktionary:kaikki@2026-10-03
garantizar,garantiz,garantizo,garantiza,3.06,4.05,3.06,wiktionary:kaikki@2026-10-03
comunicar,comunic,comunico,comunica,3.05,3.83,3.05,wiktionary:kaikki@2026-10-03
colocar,coloc,coloco,coloca,3.04,4.07,3.04,wiktionary:kaikki@2026-10-03
arriesgar,arriesg,arriesgo,arriesga,3.03,3.33,3.03,wiktionary:kaikki@2026-10-03
apagar,apag,apago,apaga,3.03,3.78,3.03,wiktionary:kaikki@2026-10-03
hallar,hall,hallo,halla,3.03,4.06,3.03,wiktionary:kaikki@2026-10-03
anotar,anot,anoto,anota,3.02,3.67,3.02,wiktionary:kaikki@2026-10-03
representar,represent,represento,representa,3.02,4.79,3.02,wiktionary:kaikki@2026-10-03
recuperar,recuper,recupero,recupera,3.01,3.8,3.01,wiktionary:kaikki@2026-10-03
identificar,identific,identifico,identifica,3.01,3.99,3.01,wiktionary:kaikki@2026-10-03
conectar,conect,conecto,conecta,3.0,3.98,3.0,wiktionary:kaikki@2026-10-03
aplicar,aplic,aplico,aplica,2.99,4.38,2.99,wiktionary:kaikki@2026-10-03
tolerar,toler,tolero,tolera,2.98,3.28,2.98,wiktionary:kaikki@2026-10-03
controlar,control,controlo,controla,2.97,4.1,2.97,wiktionary:kaikki@2026-10-03
rescatar,rescat,rescato,rescata,2.96,3.27,2.96,wiktionary:kaikki@2026-10-03
asustar,asust,asusto,asusta,2.95,3.83,2.95,wiktionary:kaikki@2026-10-03
destacar,destac,destaco,destaca,2.93,4.44,2.93,wiktionary:kaikki@2026-10-03
descartar,descart,descarto,descarta,2.92,3.49,2.92,wiktionary:kaikki@2026-10-03
aspirar,aspir,aspiro,aspira,2.92,3.65,2.92,wiktionary:kaikki@2026-10-03
acusar,acus,acuso,acusa,2.92,4.02,2.92,wiktionary:kaikki@2026-10-03
interesar,interes,intereso,interesa,2.92,4.67,2.92,wiktionary:kaikki@2026-10-03
exagerar,exager,exagero,exagera,2.92,3.06,2.92,wiktionary:kaikki@2026-10-03
grabar,grab,grabo,graba,2.92,3.65,2.92,wiktionary:kaikki@2026-10-03
explotar,explot,exploto,explota,2.92,3.75,2.92,wiktionary:kaikki@2026-10-03
atacar,atac,ataco,ataca,2.9,4.04,2.9,wiktionary:kaikki@2026-10-03
ubicar,ubic,ubico,ubica,2.89,3.9,2.89,wiktionary:kaikki@2026-10-03
cuestionar,cuestion,cuestiono,cuestiona,2.88,3.6,2.88,wiktionary:kaikki@2026-10-03
enamorar,enamor,enamoro,enamora,2.85,3.62,2.85,wiktionary:kaikki@2026-10-03
organizar,organiz,organizo,organiza,2.84,4.03,2.84,wiktionary:kaikki@2026-10-03
arruinar,arruin,arruino,arruina,2.84,3.35,2.84,wiktionary:kaikki@2026-10-03
enfrentar,enfrent,enfrento,enfrenta,2.83,4.1,2.83,wiktionary:kaikki@2026-10-03
reportar,report,reporto,reporta,2.83,3.69,2.83,wiktionary:kaikki@2026-10-03
limitar,limit,limito,limita,2.82,4.12,2.82,wiktionary:kaikki@2026-10-03
comparar,compar,comparo,compara,2.82,4.0,2.82,wiktionary:kaikki@2026-10-03
contemplar,contempl,contemplo,contempla,2.81,3.87,2.81,wiktionary:kaikki@2026-10-03
analizar,analiz,analizo,analiza,2.8,4.03,2.8,wiktionary:kaikki@2026-10-03
interpretar,interpret,interpreto,interpreta,2.79,3.78,2.79,wiktionary:kaikki@2026-10-03
actualizar,actualiz,actualizo,actualiza,2.79,3.57,2.79,wiktionary:kaikki@2026-10-03
eliminar,elimin,elimino,elimina,2.78,3.9,2.78,wiktionary:kaikki@2026-10-03
provocar,provoc,provoco,provoca,2.78,4.24,2.78,wiktionary:kaikki@2026-10-03
enganchar,enganch,engancho,engancha,2.75,3.12,2.75,wiktionary:kaikki@2026-10-03
invocar,invoc,invoco,invoca,2.75,3.13,2.75,wiktionary:kaikki@2026-10-03
avanzar,avanz,avanzo,avanza,2.74,4.05,2.74,wiktionary:kaikki@2026-10-03
concentrar,concentr,concentro,concentra,2.73,3.7,2.73,wiktionary:kaikki@2026-10-03
apelar,apel,apelo,apela,2.73,3.23,2.73,wiktionary:kaikki@2026-10-03
autorizar,autoriz,autorizo,autoriza,2.72,3.61,2.72,wiktionary:kaikki@2026-10-03
investigar,investig,investigo,investiga,2.72,3.89,2.72,wiktionary:kaikki@2026-10-03
emocionar,emocion,emociono,emociona,2.72,3.47,2.72,wiktionary:kaikki@2026-10-03
sudar,sud,sudo,suda,2.71,3.2,2.71,wiktionary:kaikki@2026-10-03
colaborar,colabor,colaboro,colabora,2.71,3.73,2.71,wiktionary:kaikki@2026-10-03
encajar,encaj,encajo,encaja,2.71,3.66,2.71,wiktionary:kaikki@2026-10-03
asociar,asoci,asocio,asocia,2.7,3.69,2.7,wiktionary:kaikki@2026-10-03
instalar,instal,instalo,instala,2.68,3.62,2.68,wiktionary:kaikki@2026-10-03
calificar,calific,califico,califica,2.68,3.77,2.68,wiktionary:kaikki@2026-10-03
discrepar,discrep,discrepo,discrepa,2.83,2.67,2.67,wiktionary:kaikki@2026-10-03
apartar,apart,aparto,aparta,2.66,3.5,2.66,wiktionary:kaikki@2026-10-03
pronunciar,pronunci,pronuncio,pronuncia,2.66,3.7,2.66,wiktionary:kaikki@2026-10-03
transformar,transform,transformo,transforma,2.65,3.97,2.65,wiktionary:kaikki@2026-10-03
reafirmar,reafirm,reafirmo,reafirma,2.65,3.28,2.65,wiktionary:kaikki@2026-10-03
detectar,detect,detecto,detecta,2.64,3.49,2.64,wiktionary:kaikki@2026-10-03
reaccionar,reaccion,reacciono,reacciona,2.64,3.66,2.64,wiktionary:kaikki@2026-10-03
profesar,profes,profeso,profesa,2.64,2.93,2.64,wiktionary:kaikki@2026-10-03
revelar,revel,revelo,revela,2.63,4.33,2.63,wiktionary:kaikki@2026-10-03
militar,milit,milito,milita,2.63,3.11,2.63,wiktionary:kaikki@2026-10-03
alabar,alab,alabo,alaba,2.63,3.22,2.63,wiktionary:kaikki@2026-10-03
arrastrar,arrastr,arrastro,arrastra,2.63,3.52,2.63,wiktionary:kaikki@2026-10-03
solucionar,solucion,soluciono,soluciona,2.62,3.47,2.62,wiktionary:kaikki@2026-10-03
aportar,aport,aporto,aporta,2.62,4.04,2.62,wiktionary:kaikki@2026-10-03
averiguar,averigu,averiguo,averigua,2.62,3.44,2.62,wiktionary:kaikki@2026-10-03
sacrificar,sacrific,sacrifico,sacrifica,2.61,3.05,2.61,wiktionary:kaikki@2026-10-03
traicionar,traicion,traiciono,traiciona,2.61,3.18,2.61,wiktionary:kaikki@2026-10-03
convocar,convoc,convoco,convoca,2.61,3.82,2.61,wiktionary:kaikki@2026-10-03
justificar,justific,justifico,justifica,2.6,3.96,2.6,wiktionary:kaikki@2026-10-03
añorar,añor,añoro,añora,2.59,2.67,2.59,wiktionary:kaikki@2026-10-03
retomar,retom,retomo,retoma,2.58,3.28,2.58,wiktionary:kaikki@2026-10-03
optar,opt,opto,opta,2.57,3.24,2.57,wiktionary:kaikki@2026-10-03
captar,capt,capto,capta,2.57,3.37,2.57,wiktionary:kaikki@2026-10-03
inspirar,inspir,inspiro,inspira,2.57,3.77,2.57,wiktionary:kaikki@2026-10-03
coleccionar,coleccion,colecciono,colecciona,2.57,2.63,2.57,wiktionary:kaikki@2026-10-03
implorar,implor,imploro,implora,2.55,2.58,2.55,wiktionary:kaikki@2026-10-03
secundar,secund,secundo,secunda,2.59,2.55,2.55,wiktionary:kaikki@2026-10-03
simpatizar,simpatiz,simpatizo,simpatiza,2.55,2.86,2.55,wiktionary:kaikki@2026-10-03
relacionar,relacion,relaciono,relaciona,2.54,3.88,2.54,wiktionary:kaikki@2026-10-03
acariciar,acarici,acaricio,acaricia,2.53,3.07,2.53,wiktionary:kaikki@2026-10-03
otorgar,otorg,otorgo,otorga,2.53,4.14,2.53,wiktionary:kaikki@2026-10-03
afanar,afan,afano,afana,2.53,2.6,2.53,wiktionary:kaikki@2026-10-03
atrapar,atrap,atrapo,atrapa,2.52,3.46,2.52,wiktionary:kaikki@2026-10-03
flashear,flashe,flasheo,flashea,2.64,2.52,2.52,wiktionary:kaikki@2026-10-03
bromear,brome,bromeo,bromea,2.51,3.18,2.51,wiktionary:kaikki@2026-10-03
ratificar,ratific,ratifico,ratifica,2.51,3.28,2.51,wiktionary:kaikki@2026-10-03
decepcionar,decepcion,decepciono,decepciona,2.51,3.15,2.51,wiktionary:kaikki@2026-10-03
bardear,barde,bardeo,bardea,2.51,2.61,2.51,wiktionary:kaikki@2026-10-03
equilibrar,equilibr,equilibro,equilibra,2.5,2.71,2.5,wiktionary:kaikki@2026-10-03
congelar,congel,congelo,congela,2.5,3.11,2.5,wiktionary:kaikki@2026-10-03
significar,signific,significo,significa,2.49,5.18,2.49,wiktionary:kaikki@2026-10-03
adoptar,adopt,adopto,adopta,2.46,3.82,2.46,wiktionary:kaikki@2026-10-03
elevar,elev,elevo,eleva,2.46,3.79,2.46,wiktionary:kaikki@2026-10-03
reflexionar,reflexion,reflexiono,reflexiona,2.45,3.39,2.45,wiktionary:kaikki@2026-10-03
izar,iz,izo,iza,2.45,2.75,2.45,wiktionary:kaikki@2026-10-03
certificar,certific,certifico,certifica,2.45,2.99,2.45,wiktionary:kaikki@2026-10-03
dictar,dict,dicto,dicta,2.45,3.61,2.45,wiktionary:kaikki@2026-10-03
edificar,edific,edifico,edifica,2.63,2.45,2.45,wiktionary:kaikki@2026-10-03
estirar,estir,estiro,estira,2.45,3.11,2.45,wiktionary:kaikki@2026-10-03
aferrar,aferr,aferro,aferra,2.45,3.06,2.45,wiktionary:kaikki@2026-10-03
masturbar,masturb,masturbo,masturba,2.45,2.71,2.45,wiktionary:kaikki@2026-10-03
sangrar,sangr,sangro,sangra,2.44,3.06,2.44,wiktionary:kaikki@2026-10-03
estacionar,estacion,estaciono,estaciona,2.43,2.7,2.43,wiktionary:kaikki@2026-10-03
proclamar,proclam,proclamo,proclama,2.42,3.58,2.42,wiktionary:kaikki@2026-10-03
navegar,naveg,navego,navega,2.42,3.1,2.42,wiktionary:kaikki@2026-10-03
enfocar,enfoc,enfoco,enfoca,2.4,3.52,2.4,wiktionary:kaikki@2026-10-03
adaptar,adapt,adapto,adapta,2.39,3.48,2.39,wiktionary:kaikki@2026-10-03
emborrachar,emborrach,emborracho,emborracha,2.37,2.61,2.37,wiktionary:kaikki@2026-10-03
ajustar,ajust,ajusto,ajusta,2.37,3.6,2.37,wiktionary:kaikki@2026-10-03
filmar,film,filmo,filma,2.36,3.03,2.36,wiktionary:kaikki@2026-10-03
agotar,agot,agoto,agota,2.36,3.32,2.36,wiktionary:kaikki@2026-10-03
inundar,inund,inundo,inunda,2.36,3.25,2.36,wiktionary:kaikki@2026-10-03
acelerar,aceler,acelero,acelera,2.36,3.59,2.36,wiktionary:kaikki@2026-10-03
ejecutar,ejecut,ejecuto,ejecuta,2.36,3.61,2.36,wiktionary:kaikki@2026-10-03
mutar,mut,muto,muta,2.35,2.54,2.35,wiktionary:kaikki@2026-10-03
rectificar,rectific,rectifico,rectifica,2.35,2.64,2.35,wiktionary:kaikki@2026-10-03
heredar,hered,heredo,hereda,2.35,3.08,2.35,wiktionary:kaikki@2026-10-03
verificar,verific,verifico,verifica,2.35,3.44,2.35,wiktionary:kaikki@2026-10-03
desconectar,desconect,desconecto,desconecta,2.35,2.95,2.35,wiktionary:kaikki@2026-10-03
despegar,despeg,despego,despega,2.33,2.98,2.33,wiktionary:kaikki@2026-10-03
agachar,agach,agacho,agacha,2.32,2.79,2.32,wiktionary:kaikki@2026-10-03
complicar,complic,complico,complica,2.32,3.63,2.32,wiktionary:kaikki@2026-10-03
peinar,pein,peino,peina,2.32,2.64,2.32,wiktionary:kaikki@2026-10-03
administrar,administr,administro,administra,2.31,3.63,2.31,wiktionary:kaikki@2026-10-03
atinar,atin,atino,atina,2.3,2.53,2.3,wiktionary:kaikki@2026-10-03
frecuentar,frecuent,frecuento,frecuenta,2.3,2.83,2.3,wiktionary:kaikki@2026-10-03
finalizar,finaliz,finalizo,finaliza,2.29,3.71,2.29,wiktionary:kaikki@2026-10-03
asignar,asign,asigno,asigna,2.29,3.53,2.29,wiktionary:kaikki@2026-10-03
agitar,agit,agito,agita,2.29,3.2,2.29,wiktionary:kaikki@2026-10-03
recalcar,recalc,recalco,recalca,2.29,2.91,2.29,wiktionary:kaikki@2026-10-03
redactar,redact,redacto,redacta,2.29,2.94,2.29,wiktionary:kaikki@2026-10-03
determinar,determin,determino,determina,2.28,3.98,2.28,wiktionary:kaikki@2026-10-03
postular,postul,postulo,postula,2.28,3.44,2.28,wiktionary:kaikki@2026-10-03
rebelar,rebel,rebelo,rebela,2.28,2.8,2.28,wiktionary:kaikki@2026-10-03
especializar,especializ,especializo,especializa,2.26,3.27,2.26,wiktionary:kaikki@2026-10-03
murmurar,murmur,murmuro,murmura,2.26,2.75,2.26,wiktionary:kaikki@2026-10-03
enlazar,enlaz,enlazo,enlaza,2.26,3.34,2.26,wiktionary:kaikki@2026-10-03
educar,educ,educo,educa,2.26,3.35,2.26,wiktionary:kaikki@2026-10-03
afeitar,afeit,afeito,afeita,2.48,2.26,2.26,wiktionary:kaikki@2026-10-03
arrodillar,arrodill,arrodillo,arrodilla,2.26,2.71,2.26,wiktionary:kaikki@2026-10-03
aparentar,aparent,aparento,aparenta,2.26,3.21,2.26,wiktionary:kaikki@2026-10-03
excitar,excit,excito,excita,2.26,3.19,2.26,wiktionary:kaikki@2026-10-03
subrayar,subray,subrayo,subraya,2.25,3.5,2.25,wiktionary:kaikki@2026-10-03
augurar,augur,auguro,augura,2.25,2.64,2.25,wiktionary:kaikki@2026-10-03
decantar,decant,decanto,decanta,2.24,2.61,2.24,wiktionary:kaikki@2026-10-03
resignar,resign,resigno,resigna,2.23,2.54,2.23,wiktionary:kaikki@2026-10-03
retuitear,retuite,retuiteo,retuitea,2.23,2.46,2.23,wiktionary:kaikki@2026-10-03
visualizar,visualiz,visualizo,visualiza,2.23,2.95,2.23,wiktionary:kaikki@2026-10-03
apuñalar,apuñal,apuñalo,apuñala,2.23,2.78,2.23,wiktionary:kaikki@2026-10-03
resbalar,resbal,resbalo,resbala,2.22,3.0,2.22,wiktionary:kaikki@2026-10-03
clasificar,clasific,clasifico,clasifica,2.22,3.51,2.22,wiktionary:kaikki@2026-10-03
vacilar,vacil,vacilo,vacila,2.22,2.75,2.22,wiktionary:kaikki@2026-10-03
meditar,medit,medito,medita,2.22,2.74,2.22,wiktionary:kaikki@2026-10-03
modificar,modific,modifico,modifica,2.21,3.69,2.21,wiktionary:kaikki@2026-10-03
presionar,presion,presiono,presiona,2.21,3.48,2.21,wiktionary:kaikki@2026-10-03
impresionar,impresion,impresiono,impresiona,2.2,3.42,2.2,wiktionary:kaikki@2026-10-03
responsabilizar,responsabiliz,responsabilizo,responsabiliza,2.2,2.91,2.2,wiktionary:kaikki@2026-10-03
reprochar,reproch,reprocho,reprocha,2.2,2.87,2.2,wiktionary:kaikki@2026-10-03
imitar,imit,imito,imita,2.2,3.3,2.2,wiktionary:kaikki@2026-10-03
boludear,bolude,boludeo,boludea,2.59,2.19,2.19,wiktionary:kaikki@2026-10-03
sabotear,sabote,saboteo,sabotea,2.27,2.19,2.19,wiktionary:kaikki@2026-10-03
examinar,examin,examino,examina,2.19,3.48,2.19,wiktionary:kaikki@2026-10-03
incorporar,incorpor,incorporo,incorpora,2.19,3.86,2.19,wiktionary:kaikki@2026-10-03
reivindicar,reivindic,reivindico,reivindica,2.18,3.2,2.18,wiktionary:kaikki@2026-10-03
exclamar,exclam,exclamo,exclama,2.18,2.95,2.18,wiktionary:kaikki@2026-10-03
penetrar,penetr,penetro,penetra,2.17,3.21,2.17,wiktionary:kaikki@2026-10-03
desatar,desat,desato,desata,2.16,3.3,2.16,wiktionary:kaikki@2026-10-03
frotar,frot,froto,frota,2.16,2.86,2.16,wiktionary:kaikki@2026-10-03
sobrepasar,sobrepas,sobrepaso,sobrepasa,2.16,3.35,2.16,wiktionary:kaikki@2026-10-03
anular,anul,anulo,anula,2.15,3.39,2.15,wiktionary:kaikki@2026-10-03
estresar,estres,estreso,estresa,2.14,2.69,2.14,wiktionary:kaikki@2026-10-03
inaugurar,inaugur,inauguro,inaugura,2.14,3.54,2.14,wiktionary:kaikki@2026-10-03
apresurar,apresur,apresuro,apresura,2.13,2.8,2.13,wiktionary:kaikki@2026-10-03
recitar,recit,recito,recita,2.13,2.88,2.13,wiktionary:kaikki@2026-10-03
malgastar,malgast,malgasto,malgasta,2.13,2.33,2.13,wiktionary:kaikki@2026-10-03
seleccionar,seleccion,selecciono,selecciona,2.13,3.37,2.13,wiktionary:kaikki@2026-10-03
arrollar,arroll,arrollo,arrolla,2.12,2.25,2.12,wiktionary:kaikki@2026-10-03
refinar,refin,refino,refina,2.12,2.13,2.12,wiktionary:kaikki@2026-10-03
rematar,remat,remato,remata,2.12,3.12,2.12,wiktionary:kaikki@2026-10-03
aplastar,aplast,aplasto,aplasta,2.11,2.99,2.11,wiktionary:kaikki@2026-10-03
cesar,ces,ceso,cesa,2.11,3.18,2.11,wiktionary:kaikki@2026-10-03
abogar,abog,abogo,aboga,2.11,3.27,2.11,wiktionary:kaikki@2026-10-03
desarmar,desarm,desarmo,desarma,2.11,2.73,2.11,wiktionary:kaikki@2026-10-03
apoderar,apoder,apodero,apodera,2.1,3.16,2.1,wiktionary:kaikki@2026-10-03
deleitar,deleit,deleito,deleita,2.1,2.8,2.1,wiktionary:kaikki@2026-10-03
enrollar,enroll,enrollo,enrolla,2.1,2.63,2.1,wiktionary:kaikki@2026-10-03
laborar,labor,laboro,labora,2.1,2.8,2.1,wiktionary:kaikki@2026-10-03
discriminar,discrimin,discrimino,discrimina,2.09,3.1,2.09,wiktionary:kaikki@2026-10-03
ensuciar,ensuci,ensucio,ensucia,2.09,2.87,2.09,wiktionary:kaikki@2026-10-03
saborear,sabore,saboreo,saborea,2.09,2.54,2.09,wiktionary:kaikki@2026-10-03
deslizar,desliz,deslizo,desliza,2.09,3.18,2.09,wiktionary:kaikki@2026-10-03
denominar,denomin,denomino,denomina,2.08,3.92,2.08,wiktionary:kaikki@2026-10-03
combinar,combin,combino,combina,2.08,3.8,2.08,wiktionary:kaikki@2026-10-03
humillar,humill,humillo,humilla,2.08,2.97,2.08,wiktionary:kaikki@2026-10-03
anidar,anid,anido,anida,2.07,2.67,2.07,wiktionary:kaikki@2026-10-03
convidar,convid,convido,convida,2.07,2.36,2.07,wiktionary:kaikki@2026-10-03
multiplicar,multiplic,multiplico,multiplica,2.07,3.37,2.07,wiktionary:kaikki@2026-10-03
tranquilizar,tranquiliz,tranquilizo,tranquiliza,2.06,3.1,2.06,wiktionary:kaikki@2026-10-03
engordar,engord,engordo,engorda,2.06,2.99,2.06,wiktionary:kaikki@2026-10-03
vigilar,vigil,vigilo,vigila,2.06,3.4,2.06,wiktionary:kaikki@2026-10-03
proporcionar,proporcion,proporciono,proporciona,2.06,4.21,2.06,wiktionary:kaikki@2026-10-03
acatar,acat,acato,acata,2.06,2.7,2.06,wiktionary:kaikki@2026-10-03
reciclar,recicl,reciclo,recicla,2.05,2.8,2.05,wiktionary:kaikki@2026-10-03
desactivar,desactiv,desactivo,desactiva,2.05,2.9,2.05,wiktionary:kaikki@2026-10-03
derrumbar,derrumb,derrumbo,derrumba,2.05,3.1,2.05,wiktionary:kaikki@2026-10-03
constatar,constat,constato,constata,2.04,3.04,2.04,wiktionary:kaikki@2026-10-03
desertar,desert,deserto,deserta,2.04,2.14,2.04,wiktionary:kaikki@2026-10-03
desplazar,desplaz,desplazo,desplaza,2.04,3.36,2.04,wiktionary:kaikki@2026-10-03
gestionar,gestion,gestiono,gestiona,2.04,3.45,2.04,wiktionary:kaikki@2026-10-03
designar,design,designo,designa,2.04,3.52,2.04,wiktionary:kaikki@2026-10-03
financiar,financi,financio,financia,2.04,3.41,2.04,wiktionary:kaikki@2026-10-03
notificar,notific,notifico,notifica,2.04,2.91,2.04,wiktionary:kaikki@2026-10-03
alegar,aleg,alego,alega,2.03,3.43,2.03,wiktionary:kaikki@2026-10-03
ocasionar,ocasion,ocasiono,ocasiona,2.03,3.41,2.03,wiktionary:kaikki@2026-10-03
planificar,planific,planifico,planifica,2.03,2.94,2.03,wiktionary:kaikki@2026-10-03
inyectar,inyect,inyecto,inyecta,2.03,2.95,2.03,wiktionary:kaikki@2026-10-03
compensar,compens,compenso,compensa,2.03,3.33,2.03,wiktionary:kaikki@2026-10-03
alargar,alarg,alargo,alarga,2.02,3.05,2.02,wiktionary:kaikki@2026-10-03
atesorar,atesor,atesoro,atesora,2.02,2.72,2.02,wiktionary:kaikki@2026-10-03
twittear,twitte,twitteo,twittea,2.02,2.18,2.02,wiktionary:kaikki@2026-10-03
enumerar,enumer,enumero,enumera,2.01,3.21,2.01,wiktionary:kaikki@2026-10-03
iluminar,ilumin,ilumino,ilumina,2.01,3.51,2.01,wiktionary:kaikki@2026-10-03
recortar,recort,recorto,recorta,2.01,3.02,2.01,wiktionary:kaikki@2026-10-03
empeorar,empeor,empeoro,empeora,2.01,3.44,2.01,wiktionary:kaikki@2026-10-03
aplazar,aplaz,aplazo,aplaza,2.01,2.5,2.01,wiktionary:kaikki@2026-10-03
golear,gole,goleo,golea,2.47,2.01,2.01,wiktionary:kaikki@2026-10-03
afrontar,afront,afronto,afronta,2.01,3.2,2.01,wiktionary:kaikki@2026-10-03
destapar,destap,destapo,destapa,2.01,2.81,2.01,wiktionary:kaikki@2026-10-03
detallar,detall,detallo,detalla,2.01,3.6,2.01,wiktionary:kaikki@2026-10-03
enchufar,enchuf,enchufo,enchufa,2.01,2.3,2.01,wiktionary:kaikki@2026-10-03
imperar,imper,impero,impera,2.01,3.12,2.01,wiktionary:kaikki@2026-10-03
consagrar,consagr,consagro,consagra,2.01,3.14,2.01,wiktionary:kaikki@2026-10-03
depilar,depil,depilo,depila,2.0,2.06,2.0,wiktionary:kaikki@2026-10-03
clamar,clam,clamo,clama,2.0,3.15,2.0,wiktionary:kaikki@2026-10-03
restaurar,restaur,restauro,restaura,2.0,2.91,2.0,wiktionary:kaikki@2026-10-03
