word,AROU,VAL,DOM,CNC,IMAG,FAM,AOA,SIZE,GEND,zipf,token_id
abdominal,3.875,5.212,4.667,5.735,5.03,4.807,5.706,3.788,4.242,3.58,55956
able,4.853,7.114,6.886,3.182,3.057,6.206,3.588,4.4,3.647,5.43,2952
abrupt,4.794,3.636,4.629,2.829,2.706,5.235,5.371,4.4,4.6,3.38,42977
absurd,5.452,3.563,4.719,2.065,2.375,4.793,5.281,4.531,4.1,3.95,31577
abundant,5.235,7.0,6.094,3.0,2.829,5.094,6.143,5.758,3.882,3.77,43511
academic,5.733,7.313,5.788,4.03,4.258,6.2,4.939,5.515,4.303,4.57,14250
accidental,4.382,3.941,4.182,2.941,3.177,5.906,3.324,4.029,3.939,3.82,48916
active,6.531,7.0,6.581,3.75,4.75,6.484,3.581,4.774,4.156,4.93,4541
actual,4.121,5.559,5.235,3.118,2.636,6.242,3.941,4.206,4.118,4.85,5042
acute,4.235,4.941,4.912,3.235,2.824,4.182,5.765,2.677,3.618,4.0,29783
addicted,6.094,2.424,2.364,3.515,3.121,5.727,4.969,5.484,4.969,3.82,56627
adequate,3.778,5.333,4.765,2.5,2.912,5.281,5.571,3.794,4.056,4.05,25532
adjective,3.636,5.394,4.844,3.594,2.844,5.613,4.182,3.455,3.727,3.34,84492
adorable,6.936,7.781,5.375,2.258,3.469,5.63,4.281,4.31,2.3,4.06,40608
adult,5.059,5.882,6.091,4.933,5.433,6.552,2.706,4.452,4.156,4.8,6683
adverse,4.371,3.091,3.636,2.455,2.529,4.743,5.765,4.765,4.353,3.89,30859
affordable,4.774,6.8,4.857,3.2,3.171,5.971,4.771,3.588,3.941,4.22,16637
afraid,5.514,2.206,2.706,2.686,4.588,6.094,2.6,5.265,3.353,4.7,16575
aged,2.857,3.879,3.849,3.441,4.371,5.485,4.371,4.424,4.429,4.5,19749
aggressive,6.455,2.094,5.909,3.03,4.094,5.533,4.636,5.226,6.033,4.32,19188
agile,6.333,6.941,5.788,3.606,4.5,4.273,5.382,3.771,3.303,3.41,61465
alcoholic,4.686,2.0,2.886,4.5,5.469,6.0,5.686,4.571,5.229,3.91,55361
alive,6.758,8.0,7.121,4.333,4.788,5.906,2.667,5.714,3.455,4.76,13675
all,3.625,5.469,5.419,3.313,2.969,6.645,1.807,5.839,4.0,6.52,678
alone,3.824,2.714,4.265,3.371,4.4,6.03,2.743,4.029,3.886,5.16,7484
amateur,3.824,4.147,3.657,3.229,3.086,5.029,5.6,3.029,4.286,4.22,18566
amazing,7.147,8.406,6.824,2.781,2.781,6.344,3.143,5.765,3.324,5.1,7897
amusing,6.088,7.818,6.206,2.677,3.765,6.125,4.5,4.177,4.088,3.76,59886
analogue,3.394,4.971,5.031,3.914,3.382,3.588,5.824,3.514,4.382,3.28,90243
ancient,3.788,5.613,4.516,3.788,4.355,5.071,4.03,5.344,4.303,4.68,13833
angry,5.906,2.394,5.419,3.613,5.394,6.516,2.267,4.774,5.344,4.66,18514
animal,5.323,6.206,5.485,6.424,6.647,6.333,1.857,4.257,3.97,4.81,9864
anxious,5.686,2.657,3.265,2.657,3.806,6.0,5.306,4.618,3.056,4.09,37000
armed,6.254,3.029,5.923,4.746,5.108,4.754,4.536,5.092,5.892,4.59,17445
arrogant,4.5,2.156,5.452,3.25,3.969,6.0,5.438,4.807,5.844,3.74,65368
ashamed,4.182,1.844,2.818,2.727,3.303,5.531,4.727,4.576,4.061,4.06,50875
assistant,3.853,5.727,4.771,5.4,5.371,5.971,4.677,3.657,3.257,4.72,17847
asteroid,6.0,4.559,4.353,6.029,5.677,4.618,4.529,5.546,5.212,3.56,54379
astonished,6.429,5.8,4.857,2.5,3.4,5.758,5.114,5.457,3.471,3.27,99074
athletic,5.656,7.029,6.219,4.546,5.25,5.613,4.088,4.559,4.879,4.12,28603
atomic,5.844,3.618,4.394,4.576,5.303,4.594,5.529,5.294,5.0,3.98,24510
attractive,7.471,7.875,6.147,2.875,4.774,6.156,4.576,5.177,2.485,4.53,18879
authentic,5.061,7.156,6.281,3.182,3.212,5.406,5.515,4.344,3.667,4.04,13210
aware,5.529,6.143,7.156,2.629,2.588,5.697,3.765,5.0,3.353,4.78,7853
awesome,6.688,8.29,6.656,2.061,2.719,6.31,4.344,5.161,4.152,4.92,12456
awful,3.0,2.118,3.971,2.206,3.0,5.882,3.657,4.429,4.486,4.46,24607
awkward,5.0,3.118,3.031,2.844,3.333,5.968,4.514,4.114,4.121,4.29,28759
bad,5.059,1.853,4.471,2.771,3.6,6.471,1.588,4.667,4.714,5.53,3873
bald,2.697,3.515,4.424,5.879,6.281,5.818,3.061,2.906,6.455,3.83,47553
bare,5.194,5.094,4.25,3.938,4.29,5.214,3.688,3.467,3.667,4.18,12461
battered,5.031,2.281,3.774,4.875,5.031,5.767,4.469,4.677,4.97,3.41,79656
beautiful,7.029,8.441,6.344,2.515,5.412,6.517,2.559,5.333,1.441,5.22,6233
beige,2.594,4.606,4.618,4.273,5.849,5.516,4.294,2.818,3.353,3.3,78265
beneficial,5.971,7.971,5.886,2.8,2.829,5.543,5.371,5.471,3.543,4.08,23699
best,6.0,8.147,6.818,2.647,3.029,6.242,2.571,4.969,4.088,5.84,1850
bitter,4.794,2.471,4.324,3.0,3.088,4.941,4.412,3.788,4.294,4.21,25180
bizarre,6.156,4.758,4.844,2.129,2.871,4.821,5.063,4.375,4.414,4.02,32188
black,3.657,4.088,5.4,5.371,6.143,6.75,2.086,4.629,5.059,5.46,3691
bland,2.333,3.094,4.548,2.563,2.656,4.333,4.839,2.969,3.963,3.5,49431
bleak,2.882,2.588,3.441,2.429,3.371,4.515,5.294,3.618,4.412,3.43,75267
blessed,5.455,8.118,5.286,2.059,3.657,5.177,4.2,5.412,2.686,4.23,32844
bloody,5.4,2.857,5.059,5.088,5.941,5.971,3.714,4.677,4.743,4.28,35177
blue,4.912,5.206,5.313,4.886,6.471,6.758,1.882,3.606,5.2,5.13,6303
bold,5.594,6.152,7.118,3.559,4.121,5.656,4.0,5.125,5.152,4.26,13939
bored,2.469,2.943,4.088,3.057,3.457,6.412,2.706,3.971,4.143,4.2,33286
brave,6.529,7.879,7.412,2.629,3.629,6.031,3.0,5.647,5.0,4.33,33200
bridal,5.364,6.807,5.25,4.394,5.455,4.966,4.121,4.375,1.258,3.5,80412
brief,3.235,5.032,4.813,3.147,2.765,5.546,4.912,2.765,4.333,4.52,9814
bright,6.324,7.571,5.882,4.594,5.667,6.613,2.714,4.706,2.97,4.61,9906
brilliant,7.394,8.371,7.086,2.886,3.314,6.086,3.543,5.657,3.543,4.55,19752
brisk,5.344,5.485,5.781,3.576,3.765,4.2,4.794,3.788,4.546,3.2,74391
brunette,5.529,6.0,5.794,5.697,6.455,5.853,4.471,3.441,1.824,3.4,48117
brutal,5.543,1.824,4.971,3.686,4.371,5.242,5.257,5.143,5.618,4.1,27760
bullish,4.115,3.0,5.5,3.333,3.0,3.029,5.966,4.552,5.767,3.14,89121
busy,4.382,4.647,4.559,3.571,4.091,6.097,2.5,4.212,3.879,4.75,13028
capable,5.057,7.029,7.371,2.8,2.914,5.686,4.706,4.857,3.971,4.61,12875
captivating,7.484,7.813,6.419,2.258,3.031,4.7,5.9,5.581,3.333,3.17,85182
careful,4.152,6.147,4.5,3.147,3.0,6.219,2.882,3.882,2.735,4.59,16585
casual,3.686,5.441,5.324,2.971,3.286,5.943,4.441,3.6,4.371,4.23,16334
cautious,4.152,4.636,3.941,2.618,3.471,5.677,4.412,3.667,3.758,3.79,45778
chaotic,7.177,2.765,4.091,2.714,4.618,5.088,4.912,5.857,4.543,3.67,51987
cheap,5.0,5.303,4.727,3.03,3.147,6.276,3.382,3.0,4.097,4.71,11872
cheerful,6.171,8.0,6.8,3.618,5.314,6.059,3.429,4.882,3.143,3.6,70314
chubby,4.029,3.257,3.943,4.829,6.057,5.314,3.457,4.5,4.514,3.43,93778
circular,3.727,5.412,5.0,5.29,5.606,5.375,3.857,3.765,3.647,3.96,26931
civilian,4.0,5.235,3.515,5.031,4.788,4.448,5.412,4.091,4.406,4.23,28928
civilized,4.121,7.061,5.303,3.324,4.0,5.75,5.618,5.294,3.424,3.52,84979
classical,4.971,6.114,5.059,3.121,3.529,5.471,5.171,4.914,3.514,4.26,28824
clean,5.147,7.088,6.088,4.667,5.206,6.452,2.343,4.294,2.471,4.97,4240
cleaner,4.0,5.091,4.818,5.727,5.853,5.867,3.353,3.686,2.909,3.9,31881
clever,5.765,7.629,6.824,3.286,3.886,6.375,2.771,4.912,4.0,4.21,27699
cloudy,3.912,4.029,4.094,5.086,6.412,6.242,2.294,5.229,4.059,3.55,73549
clumsy,4.265,3.629,4.265,2.943,4.629,5.697,3.441,4.118,3.794,3.44,93218
coarse,3.625,3.912,4.75,4.061,3.853,4.286,4.697,3.212,5.206,3.41,49247
cold,4.086,3.257,3.588,5.0,5.353,6.455,1.829,4.0,4.6,5.02,9255
comfortable,4.514,7.571,6.0,2.912,4.088,6.303,3.629,4.382,3.0,4.66,10655
common,3.0,4.313,4.355,3.188,3.125,6.387,3.839,4.194,4.152,5.2,4185
competent,5.0,6.719,7.0,3.485,2.875,5.118,5.455,4.625,4.438,3.92,39783
complete,5.857,7.343,6.857,3.824,3.706,5.824,3.543,5.059,3.829,5.1,4583
concealed,4.531,3.788,3.936,3.125,3.469,4.621,5.406,3.0,3.533,3.72,43033
conceptual,4.8,5.452,5.75,1.939,2.031,4.455,6.281,4.903,3.406,3.62,43801
confident,7.0,7.813,7.516,2.625,3.419,6.333,4.313,5.567,4.581,4.43,16506
confused,4.323,3.438,3.219,2.719,3.219,6.179,3.625,4.226,3.704,4.47,21815
continent,3.424,5.543,5.088,6.364,5.5,5.353,4.406,6.063,4.344,4.07,31743
continental,4.067,5.813,4.967,4.355,4.133,5.063,5.313,5.1,4.097,4.02,57536
cool,5.235,6.485,5.177,2.857,3.514,6.188,3.086,3.941,4.529,5.15,7010
corrupt,4.212,2.147,4.059,3.171,3.182,4.533,5.412,5.182,5.516,4.14,21917
costly,4.412,2.971,3.429,3.829,3.941,5.706,4.6,4.971,4.057,3.93,33248
cosy,5.406,7.794,5.912,3.313,4.849,6.333,2.457,3.364,2.455,3.31,84879
courageous,6.588,8.091,7.057,2.914,3.441,5.125,4.8,5.6,4.419,3.59,74648
covert,4.625,4.455,5.344,2.849,3.294,4.355,6.235,3.75,4.212,3.54,56493
crazy,6.206,3.059,4.879,2.794,4.412,5.733,3.147,4.912,3.677,5.07,14264
criminal,5.353,2.029,4.314,5.143,5.265,5.242,3.943,4.943,5.324,4.75,9158
crisp,5.086,5.853,5.343,5.114,5.686,5.606,2.543,2.882,4.429,3.7,41854
crude,5.303,3.364,5.0,2.576,2.563,4.6,5.419,3.906,5.345,4.0,34650
cruel,4.029,1.743,4.971,2.706,3.471,5.576,4.143,4.543,4.559,4.12,27030
cultural,5.364,6.152,4.697,3.03,3.606,6.063,5.091,5.697,3.818,4.75,12752
cunning,6.0,4.853,5.939,2.529,3.182,4.576,5.029,4.588,4.333,3.45,80679
curious,6.452,6.781,6.065,2.25,2.807,5.821,4.219,4.8,3.552,4.45,22208
cute,5.343,7.171,5.029,2.941,4.914,6.219,2.771,3.353,2.143,4.65,18838
cynical,4.206,2.735,5.118,2.235,2.406,4.606,6.088,4.455,4.353,3.59,69679
damaged,4.371,2.314,3.6,4.171,4.657,5.559,4.0,5.0,4.486,4.39,20123
dangerous,7.353,2.677,4.563,3.114,4.594,5.879,3.057,5.824,5.5,4.79,11406
dark,4.294,3.714,4.5,4.515,6.086,6.353,1.829,5.229,4.939,5.04,6319
dead,4.571,1.629,2.588,5.588,5.765,6.088,2.629,5.029,4.4,5.19,5593
deaf,3.344,3.5,2.625,5.091,3.5,5.533,3.229,4.235,4.03,3.99,46742
dear,4.829,6.125,5.2,3.03,3.303,5.667,2.788,3.394,2.5,4.77,24253
decent,5.094,6.875,5.875,2.636,2.97,5.654,4.606,4.387,4.156,4.4,14977
deep,5.765,5.8,4.588,3.794,4.6,6.273,2.914,5.912,4.091,5.05,5538
defiant,5.121,4.636,6.875,2.839,2.941,4.375,5.364,4.906,4.313,3.21,86271
delicious,7.394,7.879,5.824,3.265,3.853,6.433,3.412,4.853,2.853,4.34,17923
delightful,7.371,7.882,6.6,2.657,3.849,5.714,4.486,5.294,2.8,3.77,49089
democratic,4.242,6.229,5.455,2.765,3.314,4.839,6.0,5.324,4.844,4.73,25542
dense,3.559,4.242,4.419,3.909,3.727,5.065,5.618,4.182,5.029,3.98,27950
deserving,5.219,7.571,6.0,2.788,2.667,5.235,4.333,4.813,3.546,3.57,75454
desirable,6.909,7.606,6.387,2.807,4.375,5.727,5.394,5.161,2.594,3.85,34846
desperate,5.152,2.029,3.424,2.333,3.471,6.118,4.647,4.667,3.514,4.32,27395
detached,3.114,3.375,4.829,3.029,3.343,4.657,5.257,4.029,4.588,3.79,43917
digital,4.382,6.143,5.286,5.063,4.546,6.235,4.886,4.273,4.455,4.83,7377
dim,2.941,3.727,4.333,3.875,4.344,4.844,3.914,2.697,4.382,3.62,5103
dire,3.71,2.281,4.212,2.719,2.344,4.606,5.706,4.097,4.5,3.66,13207
dirty,4.824,2.971,4.265,4.677,5.438,6.313,2.059,3.912,5.029,4.55,18595
disappointed,3.818,2.441,3.485,2.471,3.177,6.182,3.471,4.441,3.909,4.42,24402
discrete,4.125,5.147,5.121,3.219,3.121,4.939,5.543,3.235,3.697,3.56,43179
distant,3.5,3.97,3.774,3.147,4.088,6.194,4.424,4.727,4.206,4.19,28727
distressed,4.294,2.647,3.182,2.824,3.618,5.455,5.5,4.765,3.794,3.57,70390
diverse,5.088,7.229,5.286,2.485,3.771,5.412,5.857,5.457,4.0,4.24,16807
divine,6.125,7.469,5.419,1.936,2.484,4.367,4.625,5.719,2.931,4.24,29367
dizzy,4.839,3.516,3.531,3.0,3.875,5.071,3.281,3.323,3.464,3.43,84084
doomed,4.906,1.645,2.594,3.032,2.75,4.581,4.727,5.486,4.818,3.77,57637
dubious,4.167,3.29,3.906,2.161,2.742,3.829,5.844,4.032,4.258,3.49,62089
dull,2.057,2.694,4.206,3.139,3.971,6.125,3.833,2.943,4.75,3.94,40530
dumb,3.546,2.813,3.182,2.969,3.364,5.531,3.061,3.344,4.613,4.54,29255
durable,4.647,7.0,6.576,3.177,3.571,4.765,5.412,4.943,4.794,3.68,26128
dusty,3.667,3.424,4.438,4.788,5.546,5.484,3.188,2.625,3.767,3.67,76873
eager,6.656,6.824,6.647,3.625,3.571,5.697,4.429,4.697,3.531,4.03,23541
easy,4.914,6.8,6.371,3.143,3.257,6.0,2.059,3.559,3.4,5.29,4135
eccentric,6.5,6.125,6.516,2.594,3.633,5.032,5.71,5.033,4.419,3.58,54820
economic,3.515,4.581,3.3,2.469,2.303,5.414,5.909,5.281,4.69,5.1,6955
ecstatic,7.697,8.412,7.0,2.794,4.857,5.441,5.5,5.765,3.727,3.37,97292
eerie,5.559,2.971,3.818,2.813,3.903,4.606,5.265,4.206,4.394,3.33,96283
efficient,5.088,7.794,6.882,2.735,3.229,5.419,5.5,4.735,3.677,4.42,11050
eldest,4.387,6.094,6.355,3.688,3.897,5.069,3.594,4.75,4.633,3.69,73565
electric,6.5,6.088,5.647,4.394,4.182,6.125,3.765,4.5,4.719,4.72,9072
electronic,4.939,6.029,5.971,5.097,4.818,6.129,4.114,4.559,5.182,4.55,14346
elegant,6.212,7.788,6.343,2.531,5.094,5.879,4.824,4.516,1.588,3.95,25777
elite,5.941,6.457,6.6,3.706,3.563,5.094,5.514,4.606,4.242,4.4,20685
emotional,6.364,4.788,4.156,2.515,3.563,6.0,4.636,4.839,2.29,4.66,14269
endless,4.063,4.727,3.839,2.656,3.0,5.625,4.094,6.516,4.0,4.18,25678
enraged,6.686,2.171,5.686,3.143,4.371,4.371,5.514,5.543,5.171,3.33,97195
enthusiastic,7.882,8.314,6.938,3.324,4.636,6.0,4.829,5.441,3.206,3.84,41602
epidemic,6.294,1.853,2.765,3.375,3.636,4.742,5.939,6.788,4.71,3.8,41520
erotic,7.879,7.182,6.273,3.029,4.794,5.324,6.265,5.065,3.156,3.74,33316
ethnic,4.807,5.031,4.781,3.152,3.781,4.903,5.938,4.594,3.967,4.33,21551
every,4.182,5.971,5.364,3.242,2.688,6.656,2.242,5.242,3.939,5.79,1449
evil,5.559,1.514,3.8,2.294,4.118,5.469,3.057,5.853,5.029,4.74,13962
exact,3.882,5.971,5.824,3.6,3.286,5.938,3.824,3.441,4.086,4.51,4734
excellent,6.625,8.563,6.781,2.333,2.719,6.387,3.188,5.438,3.667,4.73,9073
expensive,6.059,3.457,4.706,3.647,4.086,6.324,4.171,5.257,2.971,4.69,11392
expert,6.226,7.531,7.032,3.688,3.548,5.724,4.452,5.226,4.464,4.56,6203
exquisite,5.971,7.941,6.0,2.471,2.909,4.441,6.371,4.257,2.8,3.61,58608
extravagant,6.441,6.324,6.324,2.735,4.03,4.656,5.844,5.719,3.086,3.4,94850
extreme,6.781,4.594,5.452,2.75,3.125,6.367,4.394,6.0,5.344,4.6,14226
fabulous,6.636,8.029,6.294,2.771,3.771,5.818,3.971,5.177,1.941,4.08,34531
faint,4.159,3.191,3.234,3.585,4.123,5.18,3.708,3.154,2.952,3.78,37578
fair,4.406,7.118,6.063,2.667,3.125,6.419,2.636,4.094,2.813,4.99,6624
faithful,5.543,7.8,5.743,2.5,3.294,5.879,5.0,5.371,2.486,4.1,36413
FALSE,4.636,2.941,4.206,3.455,2.765,5.7,3.086,4.5,4.353,4.63,7833
famous,6.303,5.879,6.0,2.546,3.882,6.24,3.656,5.387,3.7,4.84,11245
fantastic,7.03,8.257,6.235,2.971,3.257,6.061,3.257,5.4,3.441,4.71,14622
fast,6.4,6.8,6.382,3.943,4.882,6.235,2.177,5.061,5.059,5.13,4937
fat,4.029,2.5,4.265,5.333,6.152,6.636,2.727,5.088,3.706,4.85,8664
fatal,5.629,1.353,3.314,4.629,3.943,5.424,5.118,5.429,4.686,4.1,18582
fearful,6.323,2.364,2.194,2.469,3.061,5.0,4.273,4.563,3.586,3.58,62657
festive,6.906,7.514,5.771,4.086,5.029,5.758,4.029,5.143,3.294,3.58,58837
feudal,4.8,2.857,3.688,2.759,3.214,3.029,6.156,4.5,5.387,3.36,94350
few,2.714,4.5,4.143,3.829,3.794,6.343,2.714,1.886,3.857,5.6,2421
fierce,6.091,4.229,7.086,3.088,3.857,5.167,4.286,5.059,4.143,3.92,41342
filthy,5.088,2.714,4.706,4.029,5.514,5.455,3.6,4.677,4.882,3.8,77342
financial,4.118,5.114,4.455,3.697,3.849,5.667,5.471,5.424,5.0,5.08,5896
firm,4.606,5.455,6.0,4.091,3.794,5.633,4.206,3.781,5.147,4.79,7474
fluent,5.794,7.147,7.03,3.121,3.333,5.968,4.882,4.281,3.212,3.52,57768
fluid,4.5,5.177,5.194,5.429,6.121,5.121,4.371,3.636,3.375,4.22,15590
fond,5.114,6.8,5.6,2.943,3.324,4.909,4.2,3.571,2.714,3.89,21208
foolish,5.0,2.636,3.788,2.818,3.912,5.533,3.735,4.303,4.706,3.89,45237
foreign,5.091,5.424,5.063,3.576,3.818,5.719,4.333,4.364,4.273,5.08,7214
former,3.125,4.438,4.767,2.281,2.161,4.607,5.387,3.563,4.08,5.28,4741
fortunate,5.0,7.765,6.059,2.618,3.177,5.719,5.265,4.909,3.97,3.97,39410
forty,3.677,4.788,5.219,3.394,4.118,5.7,2.794,4.438,4.177,4.2,35398
foul,4.094,2.758,4.353,2.686,3.576,5.033,4.286,3.2,4.625,4.05,39784
frail,3.061,2.706,3.294,3.758,4.941,5.515,4.941,2.606,3.286,3.28,90123
frantic,5.771,3.529,4.114,3.091,4.03,5.156,5.059,4.5,3.606,3.33,88606
fresh,6.235,6.909,5.394,3.938,4.088,6.032,3.257,3.97,3.206,4.83,7722
friendly,6.677,8.088,7.194,2.697,4.324,6.656,2.647,5.0,2.879,4.64,11657
frightened,6.226,2.281,2.375,2.9,3.719,5.897,2.781,4.469,3.103,3.74,59078
full,4.485,6.206,5.286,3.936,5.324,6.355,2.057,5.364,4.424,5.54,2480
fungal,2.971,2.943,3.939,5.353,5.031,3.879,5.588,2.758,4.353,3.31,94347
funky,6.441,6.6,6.029,2.257,4.114,4.546,4.4,4.0,3.771,3.63,73888
funny,7.371,8.057,6.657,2.971,4.629,6.455,2.229,4.912,4.353,5.02,15173
furious,6.429,1.794,6.143,3.314,4.257,5.6,4.343,5.429,4.8,3.98,52070
furry,5.118,5.807,4.909,5.2,5.909,5.677,2.75,2.853,3.455,3.56,74419
futile,4.324,2.765,3.182,3.0,2.839,3.636,6.2,3.25,4.031,3.39,84527
future,6.594,6.606,5.364,3.091,3.667,5.933,3.788,6.161,3.606,5.33,3853
gastric,3.258,4.156,4.0,4.645,3.594,4.219,6.438,3.645,4.125,3.3,88285
gay,4.429,5.771,5.294,3.97,5.088,5.546,4.794,4.118,4.618,4.9,8321
general,3.286,5.057,5.118,2.943,2.743,6.125,4.177,4.029,4.143,5.47,4586
generous,6.143,7.571,6.029,2.743,3.727,5.969,4.143,5.514,3.257,4.2,27671
gentle,5.147,7.212,5.235,2.657,3.714,6.121,3.029,3.294,2.5,4.17,21700
glad,5.813,7.939,5.656,2.906,3.75,6.281,2.788,4.219,3.606,4.9,15713
glamorous,6.788,6.469,5.839,2.613,4.333,5.207,4.879,4.424,1.625,3.5,75914
global,5.576,6.286,4.647,3.818,4.324,5.941,5.0,6.486,4.629,4.95,3644
glorious,7.057,8.371,5.914,2.543,3.343,5.121,4.6,4.943,2.743,4.08,43208
golden,5.8,7.441,5.743,4.765,5.235,5.156,3.056,4.794,2.629,4.67,20748
good,5.853,8.152,6.281,2.813,3.688,6.656,1.912,4.774,3.625,6.12,1661
goofy,4.912,5.5,5.206,2.824,4.515,5.029,3.294,3.353,4.971,3.57,99094
gorgeous,7.371,8.086,6.6,2.824,4.971,6.265,3.971,5.2,1.686,4.35,23511
graceful,5.057,7.714,5.909,2.936,4.824,4.903,4.457,4.171,1.912,3.39,77362
gradual,3.333,5.273,5.177,3.177,2.909,5.515,5.088,3.546,3.706,3.67,52622
graphic,4.829,4.771,5.543,3.912,4.086,5.065,5.2,4.147,4.882,4.23,20514
grateful,5.059,7.182,5.406,2.939,3.265,6.0,3.971,4.909,2.912,4.35,25195
great,6.212,8.229,6.636,2.879,2.875,6.484,2.657,5.765,4.0,5.88,2244
greedy,4.5,2.563,5.29,3.531,4.75,6.031,2.906,5.032,5.121,3.75,55980
grim,3.8,2.286,3.743,3.143,3.857,4.719,5.086,4.235,4.943,3.69,43417
gross,3.706,2.706,4.364,2.849,4.441,5.452,4.0,4.394,4.735,4.45,19952
guilty,5.563,2.294,3.576,2.771,3.706,5.75,4.059,4.971,4.706,4.61,16007
half,3.629,4.657,5.114,4.636,4.714,6.152,2.529,3.177,3.971,5.41,4279
handsome,6.914,7.657,6.229,3.412,5.6,5.882,3.706,4.765,6.171,4.22,43777
handy,4.697,6.849,5.824,3.353,3.364,5.455,3.882,4.0,4.879,3.97,25163
happy,6.938,8.242,7.182,2.594,4.5,6.6,1.939,5.1,3.467,5.35,6247
hard,5.0,3.727,5.563,4.387,4.406,6.7,2.125,4.581,5.394,5.53,2588
harmful,4.765,2.257,4.114,2.97,3.286,5.516,4.029,5.294,4.6,3.97,27756
harsh,4.857,2.543,4.571,3.514,3.371,5.406,4.457,4.486,4.914,4.14,24939
healthy,5.743,8.088,6.529,3.714,5.0,6.323,3.114,4.714,3.5,4.8,9314
heavy,4.844,3.758,4.032,3.645,3.849,6.321,2.387,5.281,5.333,4.96,8811
helpful,5.303,7.849,6.394,3.182,3.516,5.88,3.25,4.742,3.156,4.43,10950
helpless,4.147,2.273,2.406,2.71,3.344,5.546,4.029,4.212,3.364,3.69,62528
herbal,4.152,5.906,5.152,4.879,4.548,5.129,5.152,2.97,3.0,3.36,50387
hesitant,3.839,3.546,3.258,2.788,3.094,5.032,5.394,3.5,3.697,3.41,70460
hilarious,7.229,8.086,6.688,3.353,4.171,6.485,4.618,5.394,3.829,4.27,40267
historical,3.714,5.514,4.429,3.912,3.314,4.727,4.829,5.314,4.794,4.69,13656
holy,4.844,5.212,4.559,2.849,3.677,4.906,3.706,4.879,3.882,4.88,26725
honest,5.559,7.735,6.333,2.879,3.059,6.419,2.912,5.333,2.824,4.73,10745
hopeful,6.143,7.529,6.0,2.618,3.559,5.871,3.943,4.818,3.121,3.79,37550
horrible,4.742,1.688,3.807,2.531,2.719,5.923,2.938,5.1,4.296,4.44,27102
hostile,5.677,2.273,4.419,3.581,3.606,5.065,5.636,4.909,5.618,4.07,32515
human,5.633,6.433,5.9,5.567,6.433,6.48,2.844,5.031,3.839,5.35,3738
humane,4.853,7.156,5.971,2.971,3.029,5.219,5.853,5.0,3.546,3.62,81026
humanitarian,4.485,7.188,6.419,3.688,3.719,3.515,6.424,5.061,3.758,3.91,37648
humble,4.2,6.829,5.171,2.412,3.114,5.727,4.882,3.6,3.4,4.11,38512
humorous,6.875,8.061,6.871,3.094,4.375,6.194,4.871,5.226,4.212,3.6,69846
ideal,5.824,7.387,5.818,2.807,2.273,5.733,4.706,4.788,3.485,4.44,10507
idle,3.219,3.387,3.909,2.818,3.25,4.345,5.188,3.452,4.433,3.7,27647
ignorant,4.656,2.125,4.182,2.727,2.879,5.625,5.182,4.875,4.727,4.05,46980
ill,3.879,2.147,3.0,4.061,5.061,5.758,2.429,3.941,4.029,4.72,5862
imaginative,6.824,7.529,6.912,2.265,3.324,5.853,4.147,5.265,2.818,3.45,76261
immature,3.857,3.057,4.824,2.706,3.912,5.606,4.229,3.382,4.743,3.66,85425
immense,6.75,7.0,6.188,2.625,2.936,5.7,5.455,6.313,4.844,3.88,37783
immoral,4.029,2.235,5.229,1.647,2.371,4.818,5.857,4.743,4.265,3.46,78154
immune,4.094,6.853,5.656,3.606,2.697,5.529,5.324,4.394,4.063,4.14,22077
impaired,3.531,2.406,2.625,3.097,2.969,4.862,5.387,3.968,3.933,3.68,49060
important,5.936,6.438,6.645,2.469,2.813,6.6,3.281,5.563,4.345,5.44,2989
impossible,4.086,2.171,3.206,2.118,2.546,6.088,3.971,5.909,4.6,4.78,11997
impressive,7.171,7.857,7.114,3.114,3.6,5.706,4.886,5.882,4.059,4.47,15978
incident,4.719,3.636,3.781,4.323,3.813,5.515,4.909,5.03,4.469,4.54,10455
incompetent,3.441,2.353,3.677,2.882,2.8,4.412,6.057,4.177,4.486,3.65,80812
incredible,7.758,8.344,7.121,2.546,2.424,6.185,4.294,5.867,3.75,4.63,15050
independent,6.939,7.697,7.936,3.0,3.258,6.539,4.813,5.133,3.483,4.93,9489
indifferent,2.824,4.314,5.2,3.0,3.118,5.294,5.6,3.706,4.242,3.44,78908
indoor,3.882,5.242,4.882,5.441,5.794,6.25,2.618,3.324,3.5,4.09,29519
industrial,3.849,4.455,5.286,4.6,4.677,4.844,5.343,5.471,5.394,4.71,12785
inefficient,3.086,2.771,3.563,2.177,2.571,5.257,6.171,3.429,4.441,3.46,63381
infectious,5.879,2.618,2.912,4.471,4.0,5.063,4.971,5.257,4.118,3.81,49500
inferior,3.546,2.455,3.5,2.531,3.364,5.355,5.588,3.625,4.371,3.81,37179
infinite,5.618,6.382,4.647,1.636,1.971,4.824,5.265,6.647,3.906,4.16,23809
innate,4.364,5.0,4.719,3.323,2.323,4.344,6.121,3.906,3.906,3.48,63970
innocent,4.559,7.314,4.25,2.588,3.677,5.853,4.086,3.706,2.571,4.45,24243
insane,5.444,2.457,3.765,2.528,4.353,6.094,4.889,5.167,4.139,4.4,34018
insecure,3.909,2.333,2.742,2.394,2.969,5.875,5.485,4.29,2.939,3.72,61845
instant,5.355,6.161,6.0,3.273,3.0,5.793,4.515,3.1,3.969,4.34,9690
instinct,5.686,6.714,6.171,2.457,2.529,5.765,5.486,4.529,4.382,3.86,30555
insufficient,3.156,2.97,2.71,3.0,2.97,5.323,5.625,2.807,3.875,3.77,38313
insulting,5.242,2.343,4.471,3.125,4.0,5.697,4.4,5.059,4.529,3.7,67092
intellectual,6.743,7.882,6.912,2.829,3.6,6.091,5.794,5.5,3.771,4.3,19634
intelligent,6.559,7.971,6.943,3.485,4.424,6.188,4.235,5.706,3.686,4.29,24514
intense,7.029,5.5,5.086,2.486,3.171,5.735,5.086,5.706,4.4,4.39,18894
interim,3.074,4.741,4.68,3.269,2.357,3.147,6.484,4.04,4.231,4.0,40553
intimate,6.588,7.206,5.941,2.882,4.344,6.156,5.824,4.364,2.265,4.06,31387
irresistible,7.485,7.546,6.129,2.968,4.061,5.788,5.355,5.129,2.333,3.47,85829
irritating,5.258,2.344,4.5,2.774,3.281,5.724,4.29,4.281,3.929,3.61,83977
jealous,5.529,2.294,4.206,2.471,4.03,6.0,3.647,4.667,3.147,4.24,40590
joyful,6.333,7.971,6.273,2.886,4.6,5.588,3.8,4.971,3.177,3.4,82112
keen,5.909,6.903,6.156,2.667,3.147,5.333,4.618,4.161,3.75,4.13,26891
kind,5.531,7.758,6.467,2.879,3.485,6.448,2.594,4.581,2.6,5.45,3093
kinky,7.531,6.219,5.727,3.303,4.438,5.364,6.424,4.061,3.061,3.37,66776
lacking,2.875,2.625,3.061,2.606,2.485,5.063,4.697,2.906,4.152,4.08,31061
large,5.75,6.031,5.969,2.969,4.25,6.565,2.594,5.969,5.167,5.39,3460
latent,2.867,4.414,4.2,3.097,2.8,3.452,6.636,3.655,4.406,3.27,41667
lavish,6.688,6.813,6.188,3.063,4.281,4.133,5.516,5.387,2.84,3.42,79134
lazy,2.939,3.029,5.118,3.735,4.788,6.258,2.8,3.273,4.647,4.24,15678
legal,3.849,5.029,3.364,4.242,3.182,6.032,4.735,5.0,4.727,5.08,5777
light,5.656,7.188,5.933,4.968,5.688,6.52,2.069,4.688,2.862,5.33,3100
limited,4.161,3.273,3.03,2.455,2.469,5.387,4.546,2.906,3.931,5.02,7199
linear,3.194,5.5,4.618,3.857,3.971,4.667,5.944,3.824,4.333,4.12,13482
liquid,4.177,5.382,4.941,6.118,6.086,6.125,3.2,3.618,3.629,4.39,14473
little,3.406,4.667,4.531,3.97,4.242,6.406,2.059,1.727,3.242,5.75,2632
live,6.344,7.618,6.636,4.4,4.546,6.094,2.588,5.375,3.485,5.54,3887
lively,6.656,7.588,6.971,3.546,4.529,5.656,3.771,4.849,3.471,3.86,48177
lonely,3.625,1.844,3.219,2.727,3.484,6.482,3.656,4.344,3.8,4.25,39566
long,4.059,4.882,5.314,3.657,4.294,6.364,2.059,4.971,4.647,5.81,1293
loose,3.793,4.303,4.75,3.313,3.813,4.931,3.313,3.758,3.482,4.46,20174
loud,5.588,4.4,5.588,4.324,3.849,6.419,1.857,5.529,4.912,4.53,17361
lovely,6.382,7.794,5.706,3.265,4.0,6.242,3.029,4.364,2.059,4.74,16690
low,3.353,3.286,3.743,3.886,3.771,5.938,2.257,2.829,4.088,5.33,3347
loyal,6.242,8.156,5.849,3.091,3.091,5.875,4.212,5.313,3.212,4.2,28847
lucky,6.625,8.097,5.375,2.258,2.656,6.083,2.867,4.781,3.448,4.77,17605
lush,5.059,6.939,5.382,2.8,3.177,4.636,5.286,3.091,2.455,3.55,57267
mad,5.813,2.781,5.4,3.031,4.656,6.323,2.969,5.226,4.303,4.74,12796
magical,7.486,8.086,6.0,1.886,4.257,5.765,2.886,5.6,2.486,4.22,23702
magnificent,7.353,8.457,6.943,2.514,3.943,5.294,4.714,5.886,3.857,4.04,40692
main,4.0,5.4,6.177,3.343,2.794,6.353,3.333,4.765,4.778,5.24,1887
major,5.645,5.879,6.313,3.273,3.242,5.179,4.5,5.516,5.323,5.3,3598
malicious,5.912,1.849,4.714,3.057,3.143,4.667,6.177,4.912,4.457,3.67,38170
manic,6.219,3.091,4.645,2.938,3.879,5.563,5.406,5.29,4.061,3.32,69122
many,4.636,5.765,5.182,4.129,4.606,6.367,2.314,5.353,3.794,5.91,1657
marital,5.03,6.294,4.912,3.156,3.647,5.065,5.829,4.758,3.088,3.59,59339
martial,4.0,4.548,4.645,3.786,3.767,3.333,5.647,4.219,4.774,4.06,36859
massive,5.882,5.794,5.758,3.529,5.0,6.219,3.412,6.294,5.5,4.72,10951
material,3.824,5.441,5.394,5.606,5.382,5.788,3.758,3.735,3.382,4.95,3684
mean,4.235,2.576,4.212,2.906,3.0,6.065,2.618,4.059,4.324,5.53,3076
medieval,4.406,5.406,4.936,4.273,4.758,4.548,4.727,5.194,4.818,4.05,41008
merry,6.438,7.727,6.406,2.758,3.613,4.828,3.333,4.548,3.679,3.83,92452
messy,4.706,3.242,5.188,4.448,5.606,6.394,2.441,4.471,4.697,3.87,45846
mighty,5.424,6.794,6.788,2.971,3.758,4.906,3.969,5.647,5.618,4.1,41627
mild,2.75,5.531,3.936,3.531,3.212,6.172,3.71,3.375,3.364,4.11,23034
military,4.765,3.794,4.324,5.618,5.912,5.303,4.177,5.909,6.324,5.2,6277
minor,3.627,4.277,3.91,3.554,3.364,5.064,4.702,2.349,3.939,4.62,8922
miraculous,6.412,7.618,5.559,2.265,2.559,5.029,5.177,6.029,3.029,3.43,90713
miserable,3.314,1.706,3.147,2.563,4.094,5.625,3.829,4.206,4.182,4.07,49639
modest,3.882,6.794,5.265,2.571,3.4,5.382,5.0,3.714,3.257,4.03,26848
moist,5.257,4.882,4.941,4.971,4.657,5.177,4.343,3.382,3.0,3.69,20507
moral,4.563,6.971,5.909,2.294,2.656,5.355,4.758,5.219,3.281,4.46,15659
muddy,4.313,4.152,4.857,5.303,5.908,5.367,2.418,3.891,5.154,3.6,79473
mural,3.355,5.906,5.567,5.645,5.033,3.355,5.344,4.133,3.469,3.49,73373
muscular,5.818,6.485,6.613,5.313,5.645,5.586,5.063,4.936,5.969,3.67,51092
musical,5.742,6.5,5.323,4.138,4.625,5.633,3.656,4.581,2.903,4.51,17795
naive,4.438,3.531,3.065,2.406,2.656,5.448,5.469,3.233,3.097,3.75,49665
naked,7.133,5.469,3.906,5.063,5.69,6.172,2.968,4.29,3.633,4.43,19020
narrow,3.971,3.857,3.515,4.2,5.4,5.485,3.514,2.294,4.057,4.39,15026
nasty,4.091,1.742,5.484,2.546,3.424,5.8,2.531,3.7,4.424,4.22,34407
national,4.546,5.943,4.844,3.563,3.333,5.636,4.6,5.794,4.719,5.51,5313
natural,4.818,7.088,5.147,3.629,4.118,5.971,3.588,4.606,2.5,5.11,5810
naughty,6.629,3.8,5.853,3.314,4.382,5.412,1.857,3.853,3.857,3.83,52943
naval,4.156,5.0,5.294,5.188,4.824,4.129,5.226,3.625,4.546,4.24,45298
near,4.546,5.559,5.212,3.735,4.242,6.485,2.5,3.382,3.879,5.29,3143
neat,3.229,6.265,5.686,4.147,4.824,5.853,3.088,2.879,2.6,3.99,28485
necessary,3.818,5.086,4.771,2.686,2.514,5.882,4.2,4.412,4.091,4.91,5871
needy,3.382,2.441,3.114,2.714,3.2,5.242,4.765,3.546,3.206,3.58,82463
negative,4.061,1.735,3.735,3.581,2.849,6.25,4.0,5.03,4.529,4.79,8225
nervous,5.114,3.029,2.647,3.486,4.514,6.156,3.743,4.2,3.294,4.42,22596
neural,4.539,5.7,5.367,4.138,3.138,3.875,6.467,3.655,4.077,3.76,29728
neutral,4.0,5.206,4.774,3.394,2.636,5.323,4.5,3.909,3.485,4.24,20628
new,6.031,7.063,5.71,4.219,4.313,6.484,2.125,4.133,3.667,6.25,501
nice,4.457,7.429,5.571,2.941,3.765,6.333,2.088,3.629,2.677,5.37,6419
noisy,5.438,3.314,4.971,3.941,4.143,6.156,2.4,4.647,4.706,3.67,49280
novel,5.375,6.485,5.406,5.606,5.452,5.968,4.353,3.594,3.485,4.63,11514
nutritious,4.588,7.457,5.429,4.294,3.588,5.758,5.029,4.667,3.0,3.18,77116
obedient,4.771,6.088,3.0,3.118,3.941,5.484,4.706,4.235,3.824,3.19,95656
obese,3.333,2.152,4.375,5.353,6.219,6.063,5.147,5.75,4.559,3.68,49220
objective,4.235,5.546,5.735,2.794,2.853,5.613,5.265,4.324,4.063,4.36,16538
oblivious,4.188,3.879,3.387,2.9,2.936,4.844,5.758,4.324,4.625,3.31,93270
obscene,5.286,2.571,4.647,3.057,3.882,4.333,5.686,4.882,5.029,3.46,83009
obscure,4.938,4.875,4.939,2.281,2.29,5.0,5.875,3.813,4.212,3.85,39534
obsessive,5.171,3.059,3.8,2.941,3.515,5.697,5.486,5.294,3.529,3.43,83032
obvious,4.412,5.057,6.029,2.714,2.559,6.226,4.371,4.657,4.273,4.63,8036
odd,3.879,4.139,4.647,2.471,3.118,5.936,3.194,3.457,4.143,4.42,10322
offensive,5.419,1.969,4.875,2.333,2.742,5.621,4.938,5.0,4.833,4.46,15183
older,4.563,5.267,5.516,3.323,3.936,5.75,2.688,4.4,4.767,4.92,9014
open,5.8,6.686,6.909,3.6,4.486,6.576,1.914,4.882,3.265,5.48,1787
optimal,6.094,7.618,6.303,3.182,3.152,5.241,5.667,4.781,4.0,3.94,22823
optimistic,7.121,8.182,7.206,2.882,3.364,5.969,5.471,5.794,3.382,3.87,35936
oral,5.938,5.629,5.314,4.114,4.2,5.333,5.4,3.6,3.939,4.26,20655
other,2.742,4.936,4.667,2.844,2.1,6.321,2.5,3.344,4.121,6.16,1008
outside,5.588,6.879,5.333,5.382,6.177,6.594,2.152,5.879,3.97,5.25,4889
outstanding,6.8,8.469,6.467,2.313,2.938,4.966,4.594,5.406,4.036,4.5,18781
oval,3.059,5.0,4.914,5.343,5.886,4.853,3.143,2.941,3.257,3.98,60037
overt,5.188,5.065,6.0,2.633,2.424,3.613,6.229,4.75,4.118,3.31,42561
own,4.324,6.212,7.265,3.529,3.546,6.281,2.529,4.061,4.273,5.74,1828
painful,5.875,1.849,3.818,2.706,4.529,6.313,2.971,5.364,4.429,4.32,25118
pale,4.061,3.903,4.063,3.581,4.97,5.172,3.548,3.375,2.966,4.08,27539
paranoid,5.618,2.286,2.606,2.6,3.618,5.206,5.706,4.971,3.824,3.73,68663
partial,3.206,5.118,4.735,2.529,2.471,4.606,4.882,3.294,4.03,4.17,7130
particular,3.455,5.314,4.857,3.088,2.029,5.697,5.147,3.303,3.286,5.0,3953
passionate,8.177,8.143,7.061,2.515,4.486,5.794,5.286,6.0,2.6,4.09,24425
passive,3.0,4.229,3.849,2.4,2.735,5.125,5.889,3.714,3.286,4.03,27879
peaceful,4.382,7.824,6.03,2.875,5.0,6.156,3.853,4.618,2.485,4.28,25650
peculiar,5.059,4.563,4.625,2.594,2.794,4.909,5.529,4.424,4.394,3.67,43697
permanent,4.281,4.824,4.531,3.719,3.0,5.606,4.636,5.188,4.281,4.57,15330
persistent,5.303,5.794,6.882,2.8,3.571,5.212,5.324,4.886,3.471,3.9,24999
personal,5.647,6.086,5.938,2.818,2.714,6.156,4.057,4.588,3.314,5.2,4345
petty,3.969,2.939,3.8,2.645,2.794,5.194,4.882,2.531,3.429,4.07,60485
phenomenal,7.4,8.086,6.314,2.057,3.0,5.0,5.371,6.353,4.029,3.76,56392
physical,6.029,6.171,6.424,4.618,3.588,6.032,4.771,4.829,5.441,4.94,6961
plain,2.529,4.412,4.618,4.088,4.114,6.0,2.857,3.121,3.824,4.43,14396
playful,7.353,7.486,6.743,2.743,4.5,5.971,3.343,4.677,3.029,3.53,56069
plural,3.677,5.226,4.931,3.485,2.677,5.467,3.909,4.781,3.875,3.55,38498
polar,4.353,4.818,5.171,4.364,4.088,4.177,4.314,4.382,4.143,3.96,24660
polite,5.29,7.469,5.156,2.677,3.258,6.069,3.156,3.969,3.0,3.92,47787
poor,3.258,2.194,3.313,3.129,4.355,6.367,2.818,3.581,4.313,5.09,7852
positive,6.485,8.457,6.324,3.286,3.629,6.471,3.514,5.0,3.371,4.99,6785
potent,5.5,5.353,6.333,3.515,3.121,4.412,5.818,4.697,4.206,3.74,35775
powerful,7.031,6.625,7.938,3.719,4.849,6.438,3.677,6.29,5.406,4.85,7988
powerless,4.059,2.2,1.941,2.971,3.265,4.29,4.829,3.853,3.229,3.49,84352
practical,4.781,6.471,6.758,3.849,2.788,5.967,4.543,4.394,4.5,4.48,14976
precise,4.9,6.667,6.5,3.267,2.71,5.241,4.813,2.742,3.75,4.13,23560
pretty,6.625,7.636,6.091,3.606,5.656,6.516,2.706,4.063,1.636,5.38,5020
primal,6.103,4.625,5.656,2.531,2.688,3.767,5.75,4.4,5.429,3.32,86181
primary,3.581,6.032,4.818,3.818,3.879,5.548,2.706,3.333,3.5,4.88,6028
prior,2.781,4.97,4.807,3.156,2.5,5.313,5.613,3.581,3.839,4.85,4867
private,4.968,5.394,5.543,3.424,3.829,5.903,3.714,3.971,3.303,5.19,869
professional,6.0,7.257,7.0,3.886,3.971,6.229,5.057,5.412,4.486,5.05,6584
profound,5.333,6.371,5.735,2.121,2.265,4.412,6.25,5.286,4.114,3.94,27155
prone,4.129,4.273,3.813,2.781,2.667,4.5,5.742,3.656,4.035,3.93,36997
proper,3.839,6.094,5.156,2.697,2.6,5.5,3.938,4.125,3.379,4.72,6169
prosperous,5.882,7.273,6.485,2.727,3.382,4.818,6.152,5.971,4.324,3.6,70307
protected,5.2,7.314,4.971,3.2,3.758,5.471,4.029,5.353,3.8,4.51,2617
proud,6.092,7.439,7.03,2.692,3.667,5.912,3.349,5.53,4.242,4.78,12409
prudent,3.849,4.367,4.839,3.161,2.656,3.886,6.257,3.813,3.242,3.41,73878
psychotic,5.677,2.177,3.364,2.647,4.03,5.188,6.059,5.177,4.5,3.43,93141
public,5.273,5.529,4.818,4.971,5.382,6.206,3.743,5.857,4.294,5.57,584
pure,5.333,7.697,5.97,2.788,3.125,5.936,3.818,4.0,2.182,4.64,10526
quick,6.0,6.188,6.242,3.031,3.212,5.923,2.606,3.594,3.929,4.98,3974
racist,3.912,1.229,5.286,3.455,3.943,5.529,5.571,4.686,4.6,4.42,24207
radiant,7.233,7.781,6.438,2.688,3.656,4.621,5.625,4.839,2.214,3.49,76343
random,4.733,4.97,4.455,2.031,2.455,6.107,4.333,4.188,3.903,4.58,4194
rare,5.353,5.647,5.094,3.091,3.177,5.71,4.177,2.697,3.912,4.77,8848
rash,3.571,2.829,3.686,5.029,5.147,5.343,3.571,2.943,4.514,3.67,56242
real,5.314,6.371,5.343,3.686,3.029,6.344,2.686,4.8,3.941,5.6,1931
reasonable,3.971,7.057,5.583,2.412,2.588,6.0,4.889,4.629,3.278,4.59,13276
recent,3.441,5.265,5.091,3.441,2.394,6.088,3.886,3.706,3.853,5.04,3213
reflex,4.941,5.735,4.485,4.088,3.97,5.441,4.882,3.636,4.559,3.44,32666
regional,2.844,5.088,4.765,3.857,2.971,4.515,5.229,4.882,4.294,4.72,15130
regular,3.5,5.257,4.571,3.486,3.314,5.735,3.857,3.829,3.909,4.95,5792
relative,4.875,6.194,5.333,4.212,4.29,5.939,3.485,4.5,3.75,4.48,8674
reliable,4.647,7.771,6.2,3.118,2.829,6.057,4.886,4.765,3.257,4.29,14720
remarkable,6.629,7.559,6.529,2.629,3.257,5.765,5.143,5.529,3.971,4.29,22804
remote,3.4,4.706,4.543,4.857,5.147,5.576,3.886,3.088,4.571,4.41,8699
resident,3.2,5.457,5.0,5.177,4.788,5.03,5.2,3.818,4.353,4.38,18967
residential,3.303,5.0,4.818,4.0,4.29,5.375,5.412,4.063,4.059,4.33,20057
responsible,5.265,6.667,6.765,3.114,3.5,6.182,4.353,5.429,3.235,4.88,8480
rich,6.412,7.278,6.629,4.143,5.343,6.364,2.714,5.647,4.829,4.91,9080
ridiculous,5.97,3.618,4.333,2.677,3.182,6.031,4.471,4.727,4.147,4.46,26775
rigid,3.567,3.531,5.063,4.125,4.031,4.6,5.438,3.594,4.875,3.75,32856
ripe,4.324,6.235,4.941,4.2,4.941,5.059,3.6,3.457,3.486,3.67,56696
risky,6.469,3.813,4.441,2.394,3.546,6.0,4.147,5.031,4.818,3.94,40173
romantic,7.265,7.677,4.971,2.824,5.0,6.438,4.324,5.029,2.5,4.43,23467
rotten,4.063,2.5,4.147,4.677,5.147,5.412,3.265,3.594,4.686,3.81,77692
rough,5.344,3.581,5.233,3.645,4.156,5.667,3.161,4.0,5.429,4.49,11165
royal,5.313,5.633,5.581,4.063,4.594,5.37,3.438,5.25,3.367,4.85,29236
rude,4.853,2.382,4.853,3.29,3.971,6.091,2.886,4.314,4.849,4.25,46001
rural,3.875,5.333,5.267,4.273,5.194,5.138,5.094,4.485,3.967,4.59,19082
rusty,3.303,3.25,4.375,5.182,5.613,5.406,3.375,3.333,4.97,3.61,97453
sad,3.941,2.2,3.031,2.412,5.094,5.912,1.771,4.229,3.686,4.84,12421
safe,4.912,7.706,5.719,3.5,4.129,6.433,2.546,4.697,3.849,5.07,6092
salty,5.032,4.355,5.188,4.0,3.313,5.833,3.094,3.194,4.517,3.74,73875
same,3.121,4.906,4.818,3.853,3.735,6.406,2.353,3.765,4.0,5.8,1852
sane,4.912,6.657,6.029,2.529,3.2,5.147,4.971,4.618,3.914,3.67,61100
scarce,3.697,2.912,3.758,3.333,3.061,4.206,5.382,2.818,3.849,3.61,58190
scary,5.938,3.125,3.406,2.581,3.909,5.786,2.156,4.969,4.645,4.37,28465
scientific,5.2,6.429,5.882,4.229,4.0,6.206,4.657,5.618,5.086,4.67,12344
seasonal,5.059,6.273,4.177,3.333,5.0,5.853,4.324,5.219,3.546,3.98,35799
select,3.706,5.382,6.529,3.471,3.0,6.406,3.471,3.576,3.727,4.45,3293
selfish,4.824,2.235,5.412,3.029,3.091,6.031,3.824,4.788,4.441,4.11,44643
senior,3.677,5.29,5.323,4.531,4.167,5.333,4.219,4.469,4.656,4.92,9990
sensational,6.853,7.667,6.333,2.5,3.029,5.063,5.147,5.281,3.0,3.52,67403
sensible,4.032,6.906,6.032,2.484,2.875,5.37,4.25,3.968,2.714,3.98,37661
sensitive,5.206,5.677,3.455,2.576,3.188,6.033,3.969,3.824,2.118,4.46,16216
sensual,6.882,7.364,6.344,3.061,3.719,5.125,6.091,4.656,2.364,3.36,59617
sentimental,5.588,6.706,4.588,2.394,2.794,5.344,5.647,4.941,1.971,3.53,91938
serene,4.903,6.964,5.6,2.793,3.448,3.576,6.0,4.483,2.968,3.27,94763
serious,3.879,3.914,5.849,3.171,3.657,6.059,3.4,5.091,4.686,5.1,6001
several,3.886,5.343,5.029,3.886,3.914,6.294,3.853,4.029,3.912,5.39,3807
severe,5.206,2.5,4.559,2.471,3.147,5.758,4.941,5.029,4.875,4.56,15386
sexual,7.686,7.257,6.686,3.559,4.706,6.03,5.8,4.657,3.765,4.82,7244
sexy,7.719,7.686,6.625,2.879,5.438,6.429,5.257,5.273,2.0,4.42,10886
shaky,4.818,3.344,3.313,3.906,4.281,4.929,3.75,3.125,3.933,3.45,83413
shallow,3.618,3.441,4.147,3.441,4.177,5.576,4.059,2.912,3.706,4.04,25600
shameful,4.515,2.333,3.394,2.441,2.576,4.844,4.853,5.088,4.303,3.57,83194
sharp,6.29,3.774,5.313,4.033,4.933,5.778,2.625,3.367,4.345,4.48,17232
sheer,4.529,5.429,4.788,3.294,3.294,4.706,5.571,3.743,3.361,4.01,32538
shiny,5.967,6.455,5.5,4.188,5.258,5.643,2.697,3.212,3.233,3.88,41199
shy,4.177,3.886,2.807,2.727,4.353,6.0,2.6,3.0,2.882,4.16,32294
sick,3.727,2.281,3.25,4.636,5.121,6.2,2.324,4.375,4.412,4.88,14036
silent,4.057,5.0,4.171,3.394,3.314,6.156,2.657,4.057,3.8,4.45,21059
silly,5.742,5.188,5.233,2.818,3.344,6.192,2.273,3.867,4.0,4.39,29471
simple,4.29,5.909,5.781,2.719,2.606,6.5,3.226,3.125,4.0,5.08,4285
sincere,4.543,7.118,5.765,2.647,2.853,5.0,5.206,4.324,2.882,3.84,48324
singular,3.419,4.912,5.588,4.182,3.546,4.594,4.829,2.677,3.879,3.74,33944
sinister,5.212,2.0,4.0,2.636,3.765,5.344,5.471,4.636,4.97,3.6,62567
skilled,5.412,7.618,7.206,3.242,3.813,6.167,4.471,4.849,4.25,4.13,25530
skinny,5.029,4.829,4.147,4.771,6.091,6.156,3.4,2.242,2.559,3.99,47677
sleek,5.588,6.484,5.909,2.849,3.606,4.107,5.324,3.424,2.719,3.34,47394
sleepy,2.697,4.121,3.353,3.382,4.529,6.758,1.824,3.559,3.471,3.68,81793
slight,3.25,4.849,4.125,3.324,3.118,5.303,4.206,2.469,3.594,4.22,8112
slippery,4.697,3.6,3.97,3.765,5.257,5.177,2.886,3.412,3.765,3.61,70572
slow,2.636,3.467,3.469,3.387,3.875,6.323,2.182,2.576,3.767,4.85,6301
sluggish,2.061,2.576,4.303,3.182,3.667,4.258,5.353,3.273,4.939,3.25,86946
small,3.424,4.886,3.914,3.714,5.171,6.697,1.629,1.886,3.029,5.51,2613
smart,6.5,7.8,7.091,2.829,4.0,6.333,3.0,4.971,3.735,4.83,7785
smooth,5.485,6.939,5.4,3.97,5.758,6.125,3.059,3.606,2.455,4.4,10876
sober,4.303,6.299,6.508,3.809,4.5,6.206,5.687,3.849,4.294,3.94,49405
social,5.844,6.781,6.194,2.727,3.4,6.482,4.581,5.219,3.448,5.42,3590
socialist,4.742,5.29,5.188,3.233,3.367,4.677,6.645,4.733,3.903,4.22,40189
soft,5.029,6.941,5.029,4.857,4.794,6.324,1.743,3.371,2.4,4.68,8413
solar,5.281,6.581,4.697,4.438,3.968,4.786,5.125,5.968,4.0,4.53,12941
solemn,2.906,3.75,3.5,2.548,3.25,4.3,5.452,3.625,4.519,3.41,63602
solid,3.824,5.629,5.853,5.559,5.029,5.727,3.629,4.257,4.886,4.73,6437
sonic,5.567,5.357,5.567,3.258,2.933,3.414,4.968,4.345,4.885,3.93,71336
soothing,4.771,7.629,4.571,3.229,3.543,5.257,4.429,3.853,2.177,3.45,64364
sore,5.212,2.849,3.546,3.576,3.879,6.065,2.485,4.188,3.879,3.99,35266
sour,3.5,3.471,4.543,3.971,4.257,5.531,2.971,3.324,4.029,3.88,20282
sovereign,4.133,5.2,5.467,4.1,4.517,3.182,5.938,5.172,4.393,3.95,45284
special,6.824,7.727,6.088,2.206,3.0,6.313,2.471,5.382,2.909,5.34,3281
spectacular,7.97,8.382,6.818,2.188,3.0,5.4,5.029,6.032,3.618,4.06,27709
speedy,5.771,6.4,6.235,3.941,4.273,5.438,3.4,4.152,4.588,3.65,65483
spherical,3.969,5.226,4.818,4.871,5.697,4.438,5.5,3.75,3.727,3.39,64151
spooky,5.621,3.844,4.129,2.546,3.69,4.903,3.303,4.156,4.367,3.53,97076
stagnant,3.069,3.071,3.857,3.267,3.452,3.667,6.065,3.621,4.807,3.31,95943
stale,2.548,2.903,4.333,3.813,3.75,4.964,4.032,3.161,4.333,3.43,50351
stark,4.267,4.129,4.871,3.655,2.7,3.794,5.968,3.533,4.643,4.01,37146
statute,3.484,5.0,5.067,4.464,3.643,3.636,5.867,4.556,4.633,3.83,34686
steep,4.908,3.746,4.262,4.493,5.354,4.864,3.833,4.742,4.617,3.99,31266
stern,4.265,3.333,5.242,3.0,4.029,4.667,4.714,4.394,4.849,3.9,57544
sticky,4.618,3.471,4.543,4.971,5.486,5.471,2.457,3.029,4.314,3.8,27402
stiff,4.853,4.235,4.765,4.121,4.156,4.903,4.029,3.313,5.194,3.9,30061
stout,3.0,3.938,4.515,4.594,4.719,3.625,4.971,3.758,5.061,3.45,89672
strange,5.303,3.971,4.353,2.412,3.382,6.156,3.088,4.563,4.147,4.64,14888
stranger,5.485,3.757,4.246,4.71,4.313,5.774,2.714,4.493,4.942,4.28,33958
stressful,4.333,2.121,3.438,3.152,4.242,6.548,4.971,5.121,3.879,3.88,45783
strict,5.097,3.469,3.875,2.813,3.281,5.346,3.531,3.968,4.25,4.23,7304
strong,6.706,7.571,7.618,3.943,5.086,6.515,2.485,5.882,5.8,5.22,3746
stupid,4.152,2.25,3.455,3.394,3.242,6.194,2.758,4.273,4.273,4.94,18253
stylish,5.743,7.086,6.029,3.171,4.2,5.333,5.118,4.735,2.206,3.7,31361
subjective,3.824,4.943,4.714,2.314,2.314,4.656,6.222,4.059,3.417,3.79,43022
sublime,5.233,6.71,5.613,2.484,2.25,3.939,5.938,4.4,3.3,3.48,70146
substantial,5.0,6.514,6.364,3.543,3.235,5.121,6.0,5.758,4.382,4.33,11924
subtle,3.879,5.818,4.882,2.529,2.412,5.2,5.441,2.882,3.182,4.08,26447
successful,6.853,8.206,7.091,2.677,4.5,6.258,4.588,5.471,3.818,4.94,6849
suicidal,3.6,1.343,4.057,2.727,3.886,5.171,6.029,5.765,4.429,3.61,65053
summary,3.543,4.971,5.2,4.114,3.286,5.559,4.971,3.177,4.257,4.37,12126
sunny,6.882,8.265,5.706,5.257,6.6,6.424,1.882,4.853,2.829,4.07,39698
super,6.697,8.03,6.938,2.606,3.424,6.29,2.485,5.303,4.194,5.08,2256
superb,6.882,8.485,7.156,2.618,3.303,6.067,4.0,5.182,3.242,3.96,32589
supportive,4.788,8.0,6.0,3.147,3.546,5.879,4.941,5.088,2.735,4.05,32345
supreme,6.485,7.182,6.853,2.559,2.909,4.147,5.235,5.971,4.353,4.69,43122
sure,4.914,6.486,7.118,3.088,2.743,6.118,2.857,4.706,4.086,5.67,2704
surplus,4.032,5.182,5.029,3.219,3.818,4.781,6.118,5.147,4.242,3.87,40448
sweet,6.2,7.647,5.206,4.394,5.114,6.471,2.059,3.086,2.147,4.91,10226
talented,6.588,8.206,6.912,2.824,4.333,6.3,3.667,5.344,3.576,4.3,23074
tall,5.094,6.324,6.406,5.294,6.441,6.125,2.114,5.485,5.559,4.52,16217
tasty,6.912,7.647,5.971,2.939,3.281,6.091,2.818,4.273,3.581,3.84,38853
technical,3.714,5.171,4.788,3.486,3.457,5.457,5.029,4.543,5.571,4.75,10916
tedious,2.912,2.771,4.0,2.657,2.657,4.514,5.829,3.943,4.4,3.5,65738
terrible,6.031,1.697,3.871,2.313,2.667,5.929,3.5,5.29,4.429,4.71,17478
terrific,7.121,8.394,6.886,2.344,3.156,5.867,3.743,5.382,4.057,3.9,42560
terrifying,5.457,1.824,3.857,3.029,4.171,5.743,4.182,5.75,5.114,3.95,41251
thankful,5.629,7.6,6.212,2.4,3.206,6.03,3.486,5.147,3.0,3.93,42688
theatrical,6.606,5.971,5.882,3.306,4.971,5.529,5.083,5.229,2.75,3.68,65233
thematic,4.261,5.25,5.044,2.81,2.667,2.375,6.143,4.364,3.556,3.33,94768
theoretical,3.727,5.656,4.75,2.061,1.968,5.182,6.394,5.0,4.212,4.01,31787
thick,3.394,4.303,4.909,4.471,4.294,5.667,3.029,4.412,4.606,4.46,12045
thin,3.758,4.636,4.688,3.969,5.656,6.265,2.771,2.514,2.515,4.47,15430
thinner,4.765,5.206,4.618,4.543,4.879,5.688,3.424,3.091,2.382,3.56,64255
thirsty,4.0,3.618,3.853,4.529,4.343,6.531,1.886,4.03,3.886,3.74,97108
thoughtful,5.455,7.813,6.75,2.273,2.853,5.808,4.412,4.844,2.727,3.83,42666
tidy,5.294,7.314,5.667,4.257,5.485,6.061,2.657,3.853,2.882,3.53,57805
tight,4.788,4.364,3.667,4.235,4.771,5.657,2.912,2.714,3.03,4.57,10296
timid,3.936,3.094,2.833,2.968,3.516,4.517,4.516,2.581,3.167,3.25,98049
tiny,3.969,4.636,3.936,3.424,4.438,5.567,2.438,1.485,2.867,4.62,13673
tough,4.636,4.636,5.97,3.559,3.546,6.063,3.588,4.71,5.849,4.77,11045
toxic,5.8,1.859,3.539,3.984,3.844,5.017,4.462,4.844,4.823,4.24,20836
tragic,6.152,1.727,3.121,2.188,2.485,5.633,4.576,5.438,3.767,4.08,34179
tranquil,3.313,7.697,5.97,2.515,4.029,5.152,5.629,4.063,2.844,3.14,66940
traumatic,5.143,1.743,3.143,2.912,3.429,5.029,5.343,5.486,4.143,3.79,53186
triangular,3.25,4.969,4.839,5.0,6.344,5.1,3.788,3.0,4.065,3.42,65494
tribal,5.147,5.677,5.914,4.235,4.943,4.314,5.514,5.086,5.333,4.03,39389
tricky,4.968,3.515,4.419,3.0,3.75,5.813,3.323,3.938,4.364,3.96,33453
troublesome,4.714,2.576,3.912,2.571,3.114,4.706,4.677,4.735,4.886,3.39,77418
TRUE,5.743,7.914,6.219,2.529,2.719,6.156,2.4,5.424,3.182,5.4,8214
trustworthy,5.667,8.581,6.625,2.727,3.29,6.065,4.969,5.625,3.063,3.51,55942
ugly,4.147,2.0,3.606,2.939,5.177,6.303,2.677,4.382,4.177,4.42,27261
unbelievable,6.441,5.353,4.242,1.886,2.273,5.486,4.4,5.571,4.353,4.08,51129
uncomfortable,4.469,2.697,3.125,2.656,3.188,6.414,4.125,4.367,4.0,4.19,28113
undesirable,3.727,1.97,3.375,2.257,3.147,5.188,5.229,4.088,4.121,3.36,76244
uneasy,4.4,2.8,3.0,2.412,3.059,5.559,4.286,3.941,4.057,3.45,82272
unhappy,3.0,1.971,3.6,2.273,3.882,5.765,2.686,4.457,3.971,4.06,42151
unique,6.839,7.484,6.968,2.156,2.844,6.0,4.469,4.281,3.533,4.75,4911
unsuccessful,3.242,1.882,3.0,2.735,3.147,5.576,5.147,4.588,4.324,3.73,44925
unusual,5.242,5.029,5.206,2.4,2.743,5.594,3.886,4.424,4.171,4.45,18511
up,5.229,6.265,5.943,4.235,5.412,6.531,1.486,4.353,4.029,6.39,705
upward,5.875,6.394,6.219,4.121,4.032,5.1,3.677,4.594,3.969,3.71,39772
urban,4.118,5.177,5.265,3.912,4.429,4.849,5.394,4.849,4.714,4.65,15662
urgent,6.594,4.032,4.774,2.813,2.733,5.407,4.452,5.484,4.138,4.15,33671
useful,4.563,7.588,6.394,3.114,3.441,6.121,3.647,4.5,3.686,4.72,5390
useless,3.618,2.242,3.229,2.794,2.879,5.758,3.941,3.382,4.182,4.22,28848
usual,3.03,5.406,5.219,3.0,2.5,6.581,3.406,3.3,3.844,4.62,13475
vacant,3.656,4.088,4.406,3.939,3.849,5.147,4.971,4.0,4.152,3.8,48691
vague,3.313,3.875,3.969,1.849,2.0,5.032,5.156,3.567,3.897,3.87,39046
vain,4.636,2.971,4.647,3.156,3.281,5.0,5.314,4.333,3.686,3.74,45504
valuable,6.242,7.588,5.969,3.382,3.677,5.903,4.5,5.438,3.677,4.51,15172
various,4.471,5.4,5.088,3.167,2.853,6.0,4.829,4.441,3.889,5.12,5257
vast,5.839,5.781,5.484,2.906,4.031,5.063,5.242,6.355,4.563,4.49,12767
verbal,4.706,5.429,6.647,3.667,3.059,5.794,4.8,4.171,3.857,3.91,35770
vicious,6.516,1.936,5.355,2.719,3.633,4.321,4.813,4.936,4.645,3.83,42410
vigilant,5.206,6.182,6.727,2.824,3.143,3.735,6.286,5.118,4.273,3.34,80234
vigorous,7.206,5.722,6.0,2.861,3.647,4.485,5.971,5.177,5.361,3.46,70820
vile,5.594,1.788,3.656,2.242,2.75,4.484,5.097,4.424,4.633,3.62,80214
violent,5.771,1.824,5.441,4.314,5.029,5.909,3.971,5.086,5.647,4.46,16401
vivid,6.941,7.0,5.941,2.588,3.235,5.303,5.177,5.152,3.118,3.75,42020
vulgar,5.471,2.294,4.625,2.281,2.969,4.75,5.5,4.125,5.061,3.53,73160
warm,5.857,7.743,5.429,4.206,4.714,6.576,2.147,4.441,2.914,4.71,8205
weak,2.613,2.419,2.6,2.938,3.818,5.833,3.273,2.419,3.469,4.66,7469
wealthy,5.939,7.029,6.324,3.765,4.879,5.563,4.324,5.414,4.8,4.21,27894
wee,3.588,4.914,5.118,3.771,5.171,5.758,2.2,1.706,3.886,3.87,74065
weird,5.091,4.182,4.625,2.606,3.273,6.3,3.212,4.424,4.485,4.81,16283
whole,4.313,6.882,5.818,3.75,4.121,6.091,2.688,5.606,4.152,5.46,4361
wicked,5.686,2.714,5.543,2.559,4.118,4.5,3.829,4.629,3.371,3.99,43977
wild,6.912,5.576,6.424,3.706,4.571,5.656,2.971,5.152,4.343,4.8,8380
wise,5.906,7.97,6.906,2.719,3.0,5.821,3.788,4.969,4.414,4.51,23335
witty,6.235,7.171,6.343,2.714,3.5,5.433,5.257,4.059,3.794,3.56,82633
wonderful,7.355,8.25,6.5,2.375,2.938,6.385,3.594,5.419,2.966,4.85,11117
worse,3.97,2.364,3.364,2.515,2.735,6.323,2.941,4.515,4.688,4.89,10960
worst,4.121,1.829,3.844,2.412,2.457,5.909,2.857,4.618,4.529,4.93,11785
worthy,4.8,7.206,6.029,2.882,2.824,4.882,4.8,5.206,4.063,4.29,27290
wrong,5.273,2.273,4.313,2.424,3.364,6.567,2.206,4.688,4.625,5.39,4969
yellow,4.188,5.971,5.059,5.441,6.735,6.606,1.382,3.765,3.086,4.69,13753
youthful,6.194,7.5,5.129,3.156,4.161,4.967,5.167,4.156,2.897,3.58,64555
