lang,lemma,gender,concept_en,set,source,freq_bin,zipf,gloss,cited_in,check,de_suffix,es_ending,es_regular,es_exception
de,Apfel,m,apple,classic,wiktionary:kaikki@2026-10-03,mid,4.03,apple (fruit),K;M,,,,,
es,manzana,f,apple,classic,wiktionary:kaikki@2026-10-03,mid,4.15,apple,K;M,,,,,
de,Pfeil,m,arrow,classic,wiktionary:kaikki@2026-10-03,mid,3.85,arrow (missile),K;M,,,,,
es,flecha,f,arrow,classic,wiktionary:kaikki@2026-10-03,mid,3.84,"arrow (projectile, symbol)",K;M,,,,,
de,Stiefel,m,boot,classic,wiktionary:kaikki@2026-10-03,mid,3.94,boot (shoe),K,,,,,
es,bota,f,boot,classic,wiktionary:kaikki@2026-10-03,mid,3.56,boot,K,,,,,
de,Besen,m,broom,classic,wiktionary:kaikki@2026-10-03,low,3.49,broom,K,,,,,
es,escoba,f,broom,classic,wiktionary:kaikki@2026-10-03,low,3.43,broom (domestic utensil),K,,,,,
de,Mond,m,moon,classic,wiktionary:kaikki@2026-10-03,mid,4.35,moon (a natural satellite that is orbiting its corresponding planet),K;M;D,es:also_given-name,,,,
es,luna,f,moon,classic,wiktionary:kaikki@2026-10-03,high,4.79,moon,K;M;D,es:also_given-name,,,,
de,Löffel,m,spoon,classic,wiktionary:kaikki@2026-10-03,mid,3.8,spoon,K,,,,,
es,cuchara,f,spoon,classic,wiktionary:kaikki@2026-10-03,mid,3.67,spoon,K,,,,,
de,Stern,m,star,classic,wiktionary:kaikki@2026-10-03,high,4.5,a star; a small luminous dot that can be seen on the night sky,K,de:uncertain(wordnet-animate-share:0.27); es:uncertain(wordnet-animate-share:0.27); es:also_given-name,,,,
es,estrella,f,star,classic,wiktionary:kaikki@2026-10-03,high,4.66,star (celestial body),K,de:uncertain(wordnet-animate-share:0.27); es:uncertain(wordnet-animate-share:0.27); es:also_given-name,,,,
de,Kürbis,m,pumpkin,classic,wiktionary:kaikki@2026-10-03,low,3.47,"pumpkin, gourd, squash (any plant of the genus Cucurbita or its fruit)",K;M,,,,,
es,calabaza,f,pumpkin,classic,wiktionary:kaikki@2026-10-03,mid,3.55,pumpkin (Cucurbita pepo; typical pumpkin used for Halloween and autumn seasonal decoration),K;M,,,,,
de,Bank,f,bench,classic,wiktionary:kaikki@2026-10-03,high,4.91,bench (which people sit on); pew,K,,,,,
es,banco,m,bench,classic,wiktionary:kaikki@2026-10-03,high,5.04,bank (financial institution),K,,,,,
de,Bürste,f,brush,classic,wiktionary:kaikki@2026-10-03,low,3.2,brush,K,,,,,
es,cepillo,m,brush,classic,wiktionary:kaikki@2026-10-03,mid,3.56,brush,K,,,,,
de,Uhr,f,clock,classic,wiktionary:kaikki@2026-10-03,high,5.67,"hours, o'clock (indicates the time within a twelve- or twenty-four-hour period)",K;M,,,,,
es,reloj,m,clock,classic,wiktionary:kaikki@2026-10-03,mid,4.38,clock,K;M,,,,,
de,Scheibe,f,disk,classic,wiktionary:kaikki@2026-10-03,mid,4.16,flat piece or surface,K,de:also_intj; es:genders=f|m,,,,
es,disco,m,disk,classic,wiktionary:kaikki@2026-10-03,high,4.69,"club, discotheque",K,de:also_intj; es:genders=f|m,,,,
de,Trommel,f,drum,classic,wiktionary:kaikki@2026-10-03,mid,3.55,drum (musical instrument),K,,,,,
es,tambor,m,drum,classic,wiktionary:kaikki@2026-10-03,mid,3.65,drum,K,,,,,
de,Gabel,f,fork,classic,wiktionary:kaikki@2026-10-03,mid,3.64,fork,K;M,es:animate(gendered-counterpart),,,,
es,tenedor,m,fork,classic,wiktionary:kaikki@2026-10-03,mid,3.56,fork,K;M,es:animate(gendered-counterpart),,,,
de,Sonne,f,sun,classic,wiktionary:kaikki@2026-10-03,high,4.85,"a sun (a star, especially when being the center of a solar system)",K;M;D,de:also_pron,,,,
es,sol,m,sun,classic,wiktionary:kaikki@2026-10-03,high,5.09,sun,K;M;D,de:also_pron,,,,
de,Toilette,f,toilet,classic,wiktionary:kaikki@2026-10-03,mid,4.13,toilet,K,es:also_adj,,,,
es,inodoro,m,toilet,classic,wiktionary:kaikki@2026-10-03,mid,3.58,toilet bowl,K,es:also_adj,,,,
de,Geige,f,violin,classic,wiktionary:kaikki@2026-10-03,mid,3.56,"violin, fiddle",K;M,,,,,
es,violín,m,violin,classic,wiktionary:kaikki@2026-10-03,mid,3.67,violin (string instrument),K;M,,,,,
de,Schlüssel,m,key,classic,wiktionary:kaikki@2026-10-03,mid,4.42,a key,D,,,,,
es,llave,f,key,classic,wiktionary:kaikki@2026-10-03,mid,4.26,key (to open doors),D,,,,,
de,Brücke,f,bridge,classic,wiktionary:kaikki@2026-10-03,high,4.61,bridge,D,,,,,
es,puente,m,bridge,classic,wiktionary:kaikki@2026-10-03,high,4.71,"bridge (construction spanning a waterway, ravine, or valley from an elevated height)",D,,,,,
de,Stein,m,stone,flipped,wiktionary:kaikki@2026-10-03,high,4.66,"stone, rock",,,,,,
es,piedra,f,stone,flipped,wiktionary:kaikki@2026-10-03,high,4.76,stone (hard earthen substance that can form large rocks),,,,a,yes,
de,Berg,m,mountain,flipped,wiktionary:kaikki@2026-10-03,high,4.62,"a mountain, hill",,,,,,
es,montaña,f,mountain,flipped,wiktionary:kaikki@2026-10-03,high,4.55,mountain,,,,a,yes,
de,Burg,f,castle,flipped,wiktionary:kaikki@2026-10-03,mid,4.38,"castle, fortification",,,,,,
es,castillo,m,castle,flipped,wiktionary:kaikki@2026-10-03,high,4.58,castle (a large building that is fortified and contains many defences),,,,o,yes,
de,Belastung,f,load,flipped,wiktionary:kaikki@2026-10-03,mid,4.25,"load, weight, pressure, strain",,,-ung,,,
es,cargamento,m,load,flipped,wiktionary:kaikki@2026-10-03,low,3.39,"load, freight, cargo",,,,o,yes,
de,Topf,m,pot,flipped,wiktionary:kaikki@2026-10-03,mid,4.06,"pot, jar (any flat-bottomed, usually open-topped vessel)",,,,,,
es,olla,f,pot,flipped,wiktionary:kaikki@2026-10-03,mid,3.85,"pot, pan; kettle (vessel used for cooking food)",,,,a,yes,
de,Leber,f,liver,flipped,wiktionary:kaikki@2026-10-03,mid,3.95,liver,,,,,,
es,hígado,m,liver,flipped,wiktionary:kaikki@2026-10-03,mid,3.97,liver,,,,o,yes,
de,Tastatur,f,keyboard,flipped,wiktionary:kaikki@2026-10-03,mid,3.95,"keyboard (on a computer, typewriter, etc.)",,,-ur,,,
es,teclado,m,keyboard,flipped,wiktionary:kaikki@2026-10-03,mid,4.11,"keyboard (of a typewriter, piano, computer, etc.)",,,,o,yes,
de,Lippe,f,lip,flipped,wiktionary:kaikki@2026-10-03,mid,3.91,lip,,,,,,
es,labio,m,lip,flipped,wiktionary:kaikki@2026-10-03,mid,3.68,lip (fleshy protrusion around the opening of the mouth),,,,o,yes,
de,Schrott,m,scrap,flipped,wiktionary:kaikki@2026-10-03,mid,3.86,"scrap; junk (discarded material, especially metal)",,,,,,
es,chatarra,f,scrap,flipped,wiktionary:kaikki@2026-10-03,mid,3.57,scrap (metal),,,,a,yes,
de,Fahrbahn,f,lane,flipped,wiktionary:kaikki@2026-10-03,mid,3.84,lane (of traffic in a road),,,,,,
es,carril,m,lane,flipped,wiktionary:kaikki@2026-10-03,mid,3.85,lane (a lengthwise division of roadway intended for a single line of vehicles),,,,other,,
de,Lunge,f,lung,flipped,wiktionary:kaikki@2026-10-03,mid,3.83,"lung, lungs",,,,,,
es,pulmón,m,lung,flipped,wiktionary:kaikki@2026-10-03,mid,3.8,lung,,,,other,,
de,Bauernhof,m,farm,flipped,wiktionary:kaikki@2026-10-03,mid,3.77,A farm.,,,,,,
es,granja,f,farm,flipped,wiktionary:kaikki@2026-10-03,mid,4.07,"farm, grange",,,,a,yes,
de,Matratze,f,mattress,flipped,wiktionary:kaikki@2026-10-03,mid,3.65,mattress (a pad often of soft cushiony material for sleeping on),,,,,,
es,colchón,m,mattress,flipped,wiktionary:kaikki@2026-10-03,mid,3.7,mattress (pad on which a person can recline and sleep),,,,other,,
de,Baumwolle,f,cotton,flipped,wiktionary:kaikki@2026-10-03,mid,3.65,cotton (plant),,,,,,
es,algodón,m,cotton,flipped,wiktionary:kaikki@2026-10-03,mid,4.09,"cotton (plant, textile fiber)",,,,other,,
de,Kompass,m,compass,flipped,wiktionary:kaikki@2026-10-03,mid,3.52,compass (navigational instrument),,,,,,
es,brújula,f,compass,flipped,wiktionary:kaikki@2026-10-03,low,3.35,compass (device used to determine the cardinal directions),,,,a,yes,
de,Haube,f,bonnet,flipped,wiktionary:kaikki@2026-10-03,mid,3.51,"bonnet, cap",,,,,,
es,gorrito,m,bonnet,flipped,wiktionary:kaikki@2026-10-03,low,2.74,"bonnet, baby's bonnet",,,,o,yes,
de,Strang,m,thread,flipped,wiktionary:kaikki@2026-10-03,mid,3.5,thread,,,,,,
es,hebra,f,thread,flipped,wiktionary:kaikki@2026-10-03,low,2.73,"thread, strand, filament",,,,a,yes,
de,Schaltung,f,circuit,flipped,wiktionary:kaikki@2026-10-03,low,3.44,circuit (electrical),,,-ung,,,
es,circuito,m,circuit,flipped,wiktionary:kaikki@2026-10-03,mid,4.26,circuit,,,,o,yes,
de,Kutsche,f,carriage,flipped,wiktionary:kaikki@2026-10-03,low,3.43,"carriage, coach (a wagon, usually upholstered, pulled by horses)",,,,,,
es,carruaje,m,carriage,flipped,wiktionary:kaikki@2026-10-03,low,3.22,carriage,,,,other,,
de,Spinat,m,spinach,flipped,wiktionary:kaikki@2026-10-03,low,3.41,spinach,,,,,,
es,espinaca,f,spinach,flipped,wiktionary:kaikki@2026-10-03,low,2.87,spinach,,,,a,yes,
de,Socke,f,sock,flipped,wiktionary:kaikki@2026-10-03,low,3.38,sock,,,,,,
es,calcetín,m,sock,flipped,wiktionary:kaikki@2026-10-03,low,3.0,sock,,,,other,,
de,Pranger,m,pillory,flipped,wiktionary:kaikki@2026-10-03,low,3.31,pillory; any construction to hold someone for public humiliation,,,,,,
es,picota,f,pillory,flipped,wiktionary:kaikki@2026-10-03,low,2.83,pillory,,,,a,yes,
de,Veranda,f,veranda,flipped,wiktionary:kaikki@2026-10-03,low,3.31,veranda,,,,,,
es,porche,m,veranda,flipped,wiktionary:kaikki@2026-10-03,low,3.23,"veranda, verandah; stoop; porch",,,,other,,
de,Schornstein,m,chimney,flipped,wiktionary:kaikki@2026-10-03,low,3.29,chimney,,,,,,
es,chimenea,f,chimney,flipped,wiktionary:kaikki@2026-10-03,mid,3.69,chimney,,,,a,yes,
de,Tanne,f,fir,flipped,wiktionary:kaikki@2026-10-03,low,3.26,fir (genus Abies),,,,,,
es,abeto,m,fir,flipped,wiktionary:kaikki@2026-10-03,low,2.79,fir,,,,o,yes,
de,Vorrichtung,f,device,flipped,wiktionary:kaikki@2026-10-03,low,3.24,"device, rig, contrivance, facility",,,-ung,,,
es,artefacto,m,device,flipped,wiktionary:kaikki@2026-10-03,low,3.45,"device, contraption",,,,o,yes,
de,Anhöhe,f,knoll,flipped,wiktionary:kaikki@2026-10-03,low,3.22,"knoll, hill, elevation, height",,,,,,
es,otero,m,knoll,flipped,wiktionary:kaikki@2026-10-03,mid,3.51,knoll,,,,o,yes,
de,Rosengarten,m,rose garden,flipped,wiktionary:kaikki@2026-10-03,low,3.21,rose garden,,,,,,
es,rosaleda,f,rose garden,flipped,wiktionary:kaikki@2026-10-03,low,2.6,rose garden,,,,a,yes,
de,Birke,f,birch,flipped,wiktionary:kaikki@2026-10-03,low,3.18,birch (tree),,,,,,
es,abedul,m,birch,flipped,wiktionary:kaikki@2026-10-03,low,2.58,birch,,,,other,,
de,Milz,f,spleen,flipped,wiktionary:kaikki@2026-10-03,low,3.17,spleen,,,,,,
es,bazo,m,spleen,flipped,wiktionary:kaikki@2026-10-03,low,3.07,spleen,,,,o,yes,
de,Windel,f,diaper,flipped,wiktionary:kaikki@2026-10-03,low,3.17,"diaper, nappy",,,,,,
es,pañal,m,diaper,flipped,wiktionary:kaikki@2026-10-03,low,3.2,"diaper, nappy",,,,other,,
de,Petersilie,f,parsley,flipped,wiktionary:kaikki@2026-10-03,low,3.15,"parsley, Petroselinum crispum",,,,,,
es,perejil,m,parsley,flipped,wiktionary:kaikki@2026-10-03,low,3.29,parsley,,,,other,,
de,Klitoris,f,clitoris,flipped,wiktionary:kaikki@2026-10-03,low,3.15,clitoris,,,,,,
es,clítoris,m,clitoris,flipped,wiktionary:kaikki@2026-10-03,low,3.13,clitoris,,,,other,,
de,Fährte,f,trail,flipped,wiktionary:kaikki@2026-10-03,low,3.1,trail; track,,,,,,
es,sendero,m,trail,flipped,wiktionary:kaikki@2026-10-03,mid,3.89,"trail, path, track (a route for travel over land)",,,,o,yes,
de,Waschlappen,m,flannel,flipped,wiktionary:kaikki@2026-10-03,low,3.06,"flannel, washcloth",,,,,,
es,franela,f,flannel,flipped,wiktionary:kaikki@2026-10-03,low,2.91,"flannel (a soft cloth material originally woven from wool, today often combined with cotton or synthetic fibers)",,,,a,yes,
de,Stoßstange,f,bumper,flipped,wiktionary:kaikki@2026-10-03,low,3.05,bumper (of vehicle),,,,,,
es,parachoques,m,bumper,flipped,wiktionary:kaikki@2026-10-03,low,2.84,bumper,,,,other,,
de,Speiseröhre,f,oesophagus,flipped,wiktionary:kaikki@2026-10-03,low,3.0,oesophagus (tube that carries food from the pharynx to the stomach),,,,,,
es,esófago,m,oesophagus,flipped,wiktionary:kaikki@2026-10-03,low,3.02,"oesophagus, esophagus, gullet",,,,o,yes,
de,Laufsteg,m,catwalk,flipped,wiktionary:kaikki@2026-10-03,low,3.0,"catwalk, runway (elevated stage on which models parade)",,,,,,
es,pasarela,f,catwalk,flipped,wiktionary:kaikki@2026-10-03,low,3.43,catwalk,,,,a,yes,
de,Schlagstock,m,baton,flipped,wiktionary:kaikki@2026-10-03,low,2.95,"baton, truncheon, nightstick, bat, club, truncheon",,,,,,
es,batuta,f,baton,flipped,wiktionary:kaikki@2026-10-03,low,3.07,baton (stick used by conductors),,,,a,yes,
de,Bauchspeicheldrüse,f,pancreas,flipped,wiktionary:kaikki@2026-10-03,low,2.89,pancreas,,,,,,
es,páncreas,m,pancreas,flipped,wiktionary:kaikki@2026-10-03,low,3.21,pancreas,,,,other,,
de,Bohrmaschine,f,drill,flipped,wiktionary:kaikki@2026-10-03,low,2.87,drill (tool),,,,,,
es,simulacro,m,drill,flipped,wiktionary:kaikki@2026-10-03,low,3.43,"drill, fire drill",,,,o,yes,
de,Vogelscheuche,f,scarecrow,flipped,wiktionary:kaikki@2026-10-03,low,2.87,scarecrow,,,,,,
es,espantapájaros,m,scarecrow,flipped,wiktionary:kaikki@2026-10-03,low,2.85,scarecrow,,,,other,,
de,Überbau,m,superstructure,flipped,wiktionary:kaikki@2026-10-03,low,2.87,superstructure (any material structure or edifice built on something else),,,,,,
es,superestructura,f,superstructure,flipped,wiktionary:kaikki@2026-10-03,low,2.72,superstructure (any structure built above the top full deck),,,,a,yes,
de,Aminosäure,f,amino acid,flipped,wiktionary:kaikki@2026-10-03,low,2.86,amino acid,,,,,,
es,aminoácido,m,amino acid,flipped,wiktionary:kaikki@2026-10-03,low,2.66,amino acid,,,,o,yes,
de,Elektrode,f,electrode,flipped,wiktionary:kaikki@2026-10-03,low,2.83,electrode,,,,,,
es,electrodo,m,electrode,flipped,wiktionary:kaikki@2026-10-03,low,2.83,electrode,,,,o,yes,
de,Minirock,m,miniskirt,flipped,wiktionary:kaikki@2026-10-03,low,2.82,miniskirt,,,,,,
es,minifalda,f,miniskirt,flipped,wiktionary:kaikki@2026-10-03,low,2.92,miniskirt,,,,a,yes,
de,Kresse,f,cress,flipped,wiktionary:kaikki@2026-10-03,low,2.81,cress,,,,,,
es,berro,m,cress,flipped,wiktionary:kaikki@2026-10-03,low,2.6,cress,,,,o,yes,
de,Kehlkopf,m,larynx,flipped,wiktionary:kaikki@2026-10-03,low,2.8,larynx,,,,,,
es,laringe,f,larynx,flipped,wiktionary:kaikki@2026-10-03,low,2.81,larynx,,,,other,,
de,Apfelwein,m,cider,flipped,wiktionary:kaikki@2026-10-03,low,2.79,"cider, apple cider",,,,,,
es,sidra,f,cider,flipped,wiktionary:kaikki@2026-10-03,low,3.27,cider,,,,a,yes,
de,Tulpe,f,tulip,flipped,wiktionary:kaikki@2026-10-03,low,2.77,tulip,,,,,,
es,tulipán,m,tulip,flipped,wiktionary:kaikki@2026-10-03,low,2.58,tulip,,,,other,,
de,Schützengraben,m,trench,flipped,wiktionary:kaikki@2026-10-03,low,2.74,trench,,,,,,
es,trinchera,f,trench,flipped,wiktionary:kaikki@2026-10-03,low,3.33,"trench, ditch",,,,a,yes,
de,Apsis,f,apse,flipped,wiktionary:kaikki@2026-10-03,low,2.72,apse (a semicircular projection from a building),,,,,,
es,ábside,m,apse,flipped,wiktionary:kaikki@2026-10-03,low,2.69,apse,,,,other,,
de,Baldrian,m,valerian,flipped,wiktionary:kaikki@2026-10-03,low,2.72,valerian (Valeriana officinalis),,,,,,
es,valeriana,f,valerian,flipped,wiktionary:kaikki@2026-10-03,low,2.62,valerian,,,,a,yes,
de,Fingernagel,m,fingernail,flipped,wiktionary:kaikki@2026-10-03,low,2.7,fingernail,,,,,,
es,uña,f,fingernail,flipped,wiktionary:kaikki@2026-10-03,mid,3.51,"fingernail, toenail, nail",,,,a,yes,
de,Anrichte,f,sideboard,flipped,wiktionary:kaikki@2026-10-03,low,2.66,sideboard,,,,,,
es,aparador,m,sideboard,flipped,wiktionary:kaikki@2026-10-03,low,2.62,sideboard,,,,other,,
de,Staffelei,f,easel,flipped,wiktionary:kaikki@2026-10-03,low,2.62,easel,,,-ei,,,
es,caballete,m,easel,flipped,wiktionary:kaikki@2026-10-03,low,2.74,easel,,,,other,,
de,Heilanstalt,f,sanatorium,flipped,wiktionary:kaikki@2026-10-03,low,2.57,sanatorium,,,,,,
es,sanatorio,m,sanatorium,flipped,wiktionary:kaikki@2026-10-03,low,3.35,sanatorium,,,,o,yes,
de,Pantoffel,m,slipper,flipped,wiktionary:kaikki@2026-10-03,low,2.56,slipper (indoor shoe),,,,,,
es,chancla,f,slipper,flipped,wiktionary:kaikki@2026-10-03,low,2.65,slipper,,,,a,yes,
de,Ulme,f,elm,flipped,wiktionary:kaikki@2026-10-03,low,2.53,elm (tree),,,,,,
es,olmo,m,elm,flipped,wiktionary:kaikki@2026-10-03,low,3.27,elm,,,,o,yes,
de,Hals,m,neck,control,wiktionary:kaikki@2026-10-03,mid,4.46,neck,,,,,,
es,cuello,m,neck,control,wiktionary:kaikki@2026-10-03,high,4.62,neck (part of body connecting the head and the torso),,,,o,yes,
de,Magen,m,stomach,control,wiktionary:kaikki@2026-10-03,mid,4.23,"stomach, maw",,,,,,
es,estómago,m,stomach,control,wiktionary:kaikki@2026-10-03,mid,4.13,stomach (an organ in animals that stores food in the process of digestion),,,,o,yes,
de,Treppe,f,stairs,control,wiktionary:kaikki@2026-10-03,mid,4.19,stairs,,,,,,
es,escalera,f,stairs,control,wiktionary:kaikki@2026-10-03,mid,4.14,stairs,,,,a,yes,
de,Supermarkt,m,supermarket,control,wiktionary:kaikki@2026-10-03,mid,4.17,supermarket,,,,,,
es,supermercado,m,supermarket,control,wiktionary:kaikki@2026-10-03,mid,3.91,supermarket,,,,o,yes,
de,Schrank,m,cabinet,control,wiktionary:kaikki@2026-10-03,mid,4.14,"cabinet (storage closet either separate from, or built into, a wall), or (specifically):",,,,,,
es,gabinete,m,cabinet,control,wiktionary:kaikki@2026-10-03,mid,4.34,cabinet (all senses),,,,other,,
de,Kapelle,f,chapel,control,wiktionary:kaikki@2026-10-03,mid,4.07,chapel,,,,,,
es,capilla,f,chapel,control,wiktionary:kaikki@2026-10-03,mid,4.1,chapel,,,,a,yes,
de,Palast,m,palace,control,wiktionary:kaikki@2026-10-03,mid,4.02,palace,,,,,,
es,palacio,m,palace,control,wiktionary:kaikki@2026-10-03,high,4.67,palace,,,,o,yes,
de,Schädel,m,skull,control,wiktionary:kaikki@2026-10-03,mid,4.01,skull,,,,,,
es,cráneo,m,skull,control,wiktionary:kaikki@2026-10-03,mid,3.86,"skull, cranium",,,,o,yes,
de,Rückstand,m,residue,control,wiktionary:kaikki@2026-10-03,mid,3.95,residue,,,,,,
es,residuo,m,residue,control,wiktionary:kaikki@2026-10-03,low,3.29,"residue, remainder",,,,o,yes,
de,Laufbahn,f,track,control,wiktionary:kaikki@2026-10-03,mid,3.85,track,,,,,,
es,pista,f,track,control,wiktionary:kaikki@2026-10-03,high,4.55,"track, course, trail",,,,a,yes,
de,Kneipe,f,pub,control,wiktionary:kaikki@2026-10-03,mid,3.83,"pub, bar",,,,,,
es,taberna,f,pub,control,wiktionary:kaikki@2026-10-03,low,3.43,"pub, tavern",,,,a,yes,
de,Wasserstoff,m,hydrogen,control,wiktionary:kaikki@2026-10-03,mid,3.77,hydrogen; the lightest and most common element in the universe with the atomic number 1,,,,,,
es,hidrógeno,m,hydrogen,control,wiktionary:kaikki@2026-10-03,mid,3.61,hydrogen,,,,o,yes,
de,Weizen,m,wheat,control,wiktionary:kaikki@2026-10-03,mid,3.76,wheat,,,,,,
es,trigo,m,wheat,control,wiktionary:kaikki@2026-10-03,mid,4.05,wheat,,,,o,yes,
de,Speck,m,bacon,control,wiktionary:kaikki@2026-10-03,mid,3.73,"bacon, fatty cellular tissue under the porkrind",,,,,,
es,tocino,m,bacon,control,wiktionary:kaikki@2026-10-03,low,3.32,bacon,,,,o,yes,
de,Konsole,f,console,control,wiktionary:kaikki@2026-10-03,mid,3.73,console,,,,,,
es,consola,f,console,control,wiktionary:kaikki@2026-10-03,mid,3.91,console,,,,a,yes,
de,Oberschenkel,m,thigh,control,wiktionary:kaikki@2026-10-03,mid,3.67,thigh (upper leg),,,,,,
es,muslo,m,thigh,control,wiktionary:kaikki@2026-10-03,low,3.35,"thigh (upper leg of a human, between the hip and the knee)",,,,o,yes,
de,Birne,f,pear,control,wiktionary:kaikki@2026-10-03,mid,3.6,pear,,,,,,
es,pera,f,pear,control,wiktionary:kaikki@2026-10-03,mid,3.61,pear,,,,a,yes,
de,Gletscher,m,glacier,control,wiktionary:kaikki@2026-10-03,mid,3.58,glacier,,,,,,
es,glaciar,m,glacier,control,wiktionary:kaikki@2026-10-03,low,3.27,glacier,,,,other,,
de,Schlucht,f,canyon,control,wiktionary:kaikki@2026-10-03,mid,3.57,"canyon, chasm, gorge, ravine",,,,,,
es,barranca,f,canyon,control,wiktionary:kaikki@2026-10-03,low,3.17,"canyon, ravine, barranca",,,,a,yes,
de,Leuchtturm,m,lighthouse,control,wiktionary:kaikki@2026-10-03,mid,3.56,lighthouse,,,,,,
es,faro,m,lighthouse,control,wiktionary:kaikki@2026-10-03,mid,3.74,lighthouse,,,,o,yes,
de,Schachtel,f,small,control,wiktionary:kaikki@2026-10-03,mid,3.51,"a small, usually square box, package or case",,,,,,
es,fonda,f,small,control,wiktionary:kaikki@2026-10-03,low,3.25,"small, inexpensive restaurant",,,,a,yes,
de,Urne,f,urn,control,wiktionary:kaikki@2026-10-03,low,3.46,urn,,,,,,
es,urna,f,urn,control,wiktionary:kaikki@2026-10-03,mid,3.56,urn,,,,a,yes,
de,Kugelschreiber,m,ballpoint pen,control,wiktionary:kaikki@2026-10-03,low,3.41,"ballpoint pen, biro",,,,,,
es,bolígrafo,m,ballpoint pen,control,wiktionary:kaikki@2026-10-03,low,3.14,ballpoint pen,,,,o,yes,
de,Ingwer,m,ginger,control,wiktionary:kaikki@2026-10-03,low,3.37,ginger,,,,,,
es,jengibre,m,ginger,control,wiktionary:kaikki@2026-10-03,low,3.23,ginger,,,,other,,
de,Schlachthof,m,slaughterhouse,control,wiktionary:kaikki@2026-10-03,low,3.26,slaughterhouse,,,,,,
es,matadero,m,slaughterhouse,control,wiktionary:kaikki@2026-10-03,low,3.41,"slaughterhouse, abattoir",,,,o,yes,
de,Traube,f,grape,control,wiktionary:kaikki@2026-10-03,low,3.25,grape,,,,,,
es,uva,f,grape,control,wiktionary:kaikki@2026-10-03,mid,3.81,grape,,,,a,yes,
de,Kontrabass,m,double bass,control,wiktionary:kaikki@2026-10-03,low,3.19,double bass (a large stringed instrument),,,,,,
es,contrabajo,m,double bass,control,wiktionary:kaikki@2026-10-03,low,2.77,double bass,,,,o,yes,
de,Brokkoli,m,broccoli,control,wiktionary:kaikki@2026-10-03,low,3.17,broccoli,,,,,,
es,brócoli,m,broccoli,control,wiktionary:kaikki@2026-10-03,low,2.95,broccoli,,,,other,,
de,Sud,m,broth,control,wiktionary:kaikki@2026-10-03,low,3.14,"broth, stock, brew (liquid that remains after cooking, boiling)",,,,,,
es,bodrio,m,broth,control,wiktionary:kaikki@2026-10-03,low,2.58,broth,,,,o,yes,
de,Rippe,f,rib,control,wiktionary:kaikki@2026-10-03,low,3.13,rib,,,,,,
es,costilla,f,rib,control,wiktionary:kaikki@2026-10-03,low,3.34,rib,,,,a,yes,
de,Stausee,m,reservoir,control,wiktionary:kaikki@2026-10-03,low,3.12,reservoir,,,,,,
es,reservorio,m,reservoir,control,wiktionary:kaikki@2026-10-03,low,2.83,reservoir,,,,o,yes,
de,Pflaume,f,plum,control,wiktionary:kaikki@2026-10-03,low,3.09,plum,,,,,,
es,ciruela,f,plum,control,wiktionary:kaikki@2026-10-03,low,2.91,plum,,,,a,yes,
de,Gondel,f,gondola,control,wiktionary:kaikki@2026-10-03,low,3.08,gondola,,,,,,
es,góndola,f,gondola,control,wiktionary:kaikki@2026-10-03,low,2.8,gondola (boat),,,,a,yes,
de,Vervielfältigung,f,duplication,control,wiktionary:kaikki@2026-10-03,low,3.07,duplication,,,-ung,,,
es,duplicación,f,duplication,control,wiktionary:kaikki@2026-10-03,low,2.94,duplication,,,,other,,
de,Diskothek,f,discotheque,control,wiktionary:kaikki@2026-10-03,low,3.07,"discotheque, nightclub",,,,,,
es,discoteca,f,discotheque,control,wiktionary:kaikki@2026-10-03,mid,3.71,"discotheque, club",,,,a,yes,
de,Ringstraße,f,ring road,control,wiktionary:kaikki@2026-10-03,low,3.05,"ring road, ringway, beltway, boulevard (a circular or semi-circular road surrounding a city center or urban area)",,,,,,
es,circunvalación,f,ring road,control,wiktionary:kaikki@2026-10-03,low,2.98,"ring road, beltway",,,,other,,
de,Raffinerie,f,refinery,control,wiktionary:kaikki@2026-10-03,low,3.04,refinery,,,,,,
es,refinería,f,refinery,control,wiktionary:kaikki@2026-10-03,low,3.47,refinery,,,,a,yes,
de,Projektor,m,projector,control,wiktionary:kaikki@2026-10-03,low,3.03,projector,,,,,,
es,proyector,m,projector,control,wiktionary:kaikki@2026-10-03,low,3.18,"projector, video projector",,,,other,,
de,Likör,m,liqueur,control,wiktionary:kaikki@2026-10-03,low,3.02,liqueur,,,,,,
es,licor,m,liqueur,control,wiktionary:kaikki@2026-10-03,mid,3.66,liqueur,,,,other,,
de,Scheibenwischer,m,windshield wiper,control,wiktionary:kaikki@2026-10-03,low,3.02,"windshield wiper, windscreen wiper (UK)",,,,,,
es,limpiaparabrisas,m,windshield wiper,control,wiktionary:kaikki@2026-10-03,low,2.72,windshield wiper; windscreen wiper,,,,other,,
de,Vergaser,m,carburetor,control,wiktionary:kaikki@2026-10-03,low,2.99,"carburetor, carburettor",,,,,,
es,carburador,m,carburetor,control,wiktionary:kaikki@2026-10-03,low,2.81,carburetor (a device in an internal combustion engine),,,,other,,
de,Birnbaum,m,pear tree,control,wiktionary:kaikki@2026-10-03,low,2.96,pear tree,,,,,,
es,peral,m,pear tree,control,wiktionary:kaikki@2026-10-03,low,2.84,pear tree,,,,other,,
de,Thymian,m,thyme,control,wiktionary:kaikki@2026-10-03,low,2.96,thyme,,,,,,
es,tomillo,m,thyme,control,wiktionary:kaikki@2026-10-03,low,2.95,thyme,,,,o,yes,
de,Cabriolet,m,convertible,control,wiktionary:kaikki@2026-10-03,low,2.94,convertible,,,,,,
es,descapotable,m,convertible,control,wiktionary:kaikki@2026-10-03,low,2.74,convertible,,,,other,,
de,Katheter,m,catheter,control,wiktionary:kaikki@2026-10-03,low,2.93,catheter (small tube inserted into a body cavity),,,,,,
es,catéter,m,catheter,control,wiktionary:kaikki@2026-10-03,low,2.86,catheter (a small tube inserted into a body cavity),,,,other,,
de,Baldachin,m,canopy,control,wiktionary:kaikki@2026-10-03,low,2.84,"canopy, dais, baldaquin (ornamental roof over an altar, throne, bed etc.)",,,,,,
es,dosel,m,canopy,control,wiktionary:kaikki@2026-10-03,low,2.8,canopy,,,,other,,
de,Rebe,f,vine,control,wiktionary:kaikki@2026-10-03,low,2.78,"vine, grape",,,,,,
es,vid,f,vine,control,wiktionary:kaikki@2026-10-03,mid,3.51,"vine, grapevine",,,,other,,
de,Harnröhre,f,urethra,control,wiktionary:kaikki@2026-10-03,low,2.77,urethra,,,,,,
es,uretra,f,urethra,control,wiktionary:kaikki@2026-10-03,low,2.71,urethra,,,,a,yes,
de,Verdünnung,f,dilution,control,wiktionary:kaikki@2026-10-03,low,2.76,"dilution, thinning, rarefaction",,,-ung,,,
es,dilución,f,dilution,control,wiktionary:kaikki@2026-10-03,low,2.64,dilution,,,,other,,
de,Parfümerie,f,perfumery,control,wiktionary:kaikki@2026-10-03,low,2.76,perfumery,,,,,,
es,perfumería,f,perfumery,control,wiktionary:kaikki@2026-10-03,low,2.84,"perfumery, perfume shop",,,,a,yes,
de,Nerz,m,mink,control,wiktionary:kaikki@2026-10-03,low,2.65,mink,,,,,,
es,visón,m,mink,control,wiktionary:kaikki@2026-10-03,low,2.52,mink,,,,other,,
de,Reizwäsche,f,lingerie,control,wiktionary:kaikki@2026-10-03,low,2.64,lingerie,,,,,,
es,lencería,f,lingerie,control,wiktionary:kaikki@2026-10-03,low,3.18,lingerie,,,,a,yes,
de,Barrikade,f,barricade,control,wiktionary:kaikki@2026-10-03,low,2.64,barricade,,,,,,
es,barricada,f,barricade,control,wiktionary:kaikki@2026-10-03,low,3.15,"barricade (a barrier constructed across a road, especially as a military defence)",,,,a,yes,
de,Irrgarten,m,maze,control,wiktionary:kaikki@2026-10-03,low,2.61,maze,,,,,,
es,dédalo,m,maze,control,wiktionary:kaikki@2026-10-03,low,2.58,"maze, labyrinth (puzzle to get through)",,,,o,yes,
de,Kamille,f,camomile,control,wiktionary:kaikki@2026-10-03,low,2.61,"camomile (plant of the genus Matricaria, particularly Matricaria recutita, German chamomile)",,,,,,
es,manzanilla,f,camomile,control,wiktionary:kaikki@2026-10-03,low,3.2,camomile,,,,a,yes,
de,Webstuhl,m,loom,control,wiktionary:kaikki@2026-10-03,low,2.59,loom (for weaving),,,,,,
es,telar,m,loom,control,wiktionary:kaikki@2026-10-03,low,2.92,loom,,,,other,,
de,Vegetarismus,m,vegetarianism,control,wiktionary:kaikki@2026-10-03,low,2.52,vegetarianism,,,-ismus,,,
es,vegetarianismo,m,vegetarianism,control,wiktionary:kaikki@2026-10-03,low,2.51,vegetarianism,,,,o,yes,
de,Tüll,m,tulle,control,wiktionary:kaikki@2026-10-03,low,2.52,tulle (fabric),,,,,,
es,tul,m,tulle,control,wiktionary:kaikki@2026-10-03,low,2.78,tulle (material),,,,other,,
de,Eukalyptus,m,eucalyptus,control,wiktionary:kaikki@2026-10-03,low,2.52,eucalyptus (any of many trees of genus Eucalyptus),,,,,,
es,eucalipto,m,eucalyptus,control,wiktionary:kaikki@2026-10-03,low,2.91,eucalyptus,,,,o,yes,
de,Gegenwind,m,headwind,single,wiktionary:kaikki@2026-10-03,low,3.44,headwind,,,,,,
de,Kodex,m,code,single,wiktionary:kaikki@2026-10-03,low,3.28,code (compilation of written law),,,,,,
de,Speisesaal,m,dining hall,single,wiktionary:kaikki@2026-10-03,low,3.2,dining hall,,,,,,
de,Sonderfall,m,special case,single,wiktionary:kaikki@2026-10-03,low,3.2,special case,,,,,,
de,Kurzurlaub,m,short vacation,single,wiktionary:kaikki@2026-10-03,low,3.09,short vacation,,,,,,
de,Zauberstab,m,magic wand,single,wiktionary:kaikki@2026-10-03,low,3.05,magic wand,,,,,,
de,Leichtsinn,m,carelessness,single,wiktionary:kaikki@2026-10-03,low,3.0,"carelessness, recklessness",,,,,,
de,Familienname,m,surname,single,wiktionary:kaikki@2026-10-03,low,2.96,"surname, family name, last name",,,,,,
de,Stöpsel,m,plug,single,wiktionary:kaikki@2026-10-03,low,2.92,plug (something intended to plug),,,,,,
de,Interessent,m,interested party,single,wiktionary:kaikki@2026-10-03,low,2.91,"interested party, prospective buyer",,,,,,
de,Mikrokosmos,m,microcosm,single,wiktionary:kaikki@2026-10-03,low,2.83,microcosm,,,,,,
de,Scheideweg,m,crossroads,single,wiktionary:kaikki@2026-10-03,low,2.82,crossroads (decisive turning point),,,,,,
de,Zahnstocher,m,toothpick,single,wiktionary:kaikki@2026-10-03,low,2.82,toothpick,,,,,,
de,Banküberfall,m,bank raid,single,wiktionary:kaikki@2026-10-03,low,2.79,"bank raid, bank robbery, bank heist",,,,,,
de,Napf,m,small bowl,single,wiktionary:kaikki@2026-10-03,low,2.76,small bowl; cup; now chiefly to hold fodder for animals,,,,,,
de,Hustensaft,m,cough syrup,single,wiktionary:kaikki@2026-10-03,low,2.7,cough syrup,,,,,,
de,Barhocker,m,bar stool,single,wiktionary:kaikki@2026-10-03,low,2.69,"bar stool (a tall stool-like seat usually having a foot rest, commonly placed in bars)",,,,,,
de,Mittelbau,m,in-between part of a building or other construction,single,wiktionary:kaikki@2026-10-03,low,2.65,in-between part of a building or other construction,,,,,,
de,Moschus,m,musk,single,wiktionary:kaikki@2026-10-03,low,2.6,musk,,,,,,
de,Firmenname,m,company name,single,wiktionary:kaikki@2026-10-03,low,2.6,company name,,,,,,
de,Zwangsarbeit,f,forced labor,single,wiktionary:kaikki@2026-10-03,low,3.45,forced labor,,,,,,
de,Aktualität,f,relevance to the current time,single,wiktionary:kaikki@2026-10-03,low,3.43,"relevance to the current time, up-to-dateness, currentness",,,-tät,,,
de,Bestandsaufnahme,f,stocktaking,single,wiktionary:kaikki@2026-10-03,low,3.41,stocktaking,,,,,,
de,Löschung,f,deletion,single,wiktionary:kaikki@2026-10-03,low,3.38,deletion,,,-ung,,,
de,Rezession,f,recession,single,wiktionary:kaikki@2026-10-03,low,3.34,recession,,,-ion,,,
de,Grundsicherung,f,basic income benefit,single,wiktionary:kaikki@2026-10-03,low,3.31,basic income benefit,,,-ung,,,
de,Präsidentschaftswahl,f,presidential election,single,wiktionary:kaikki@2026-10-03,low,3.28,"presidential election, presidential race",,,,,,
de,Farbgebung,f,colouring,single,wiktionary:kaikki@2026-10-03,low,3.19,colouring,,,-ung,,,
de,Verschleppung,f,abduction,single,wiktionary:kaikki@2026-10-03,low,2.85,abduction,,,-ung,,,
de,Hauptwache,f,main guardhouse at the entry to a camp or other facility,single,wiktionary:kaikki@2026-10-03,low,2.82,main guardhouse at the entry to a camp or other facility,,,,,,
de,Redundanz,f,redundancy,single,wiktionary:kaikki@2026-10-03,low,2.8,redundancy,,,-anz,,,
de,Schattenseite,f,dark side,single,wiktionary:kaikki@2026-10-03,low,2.77,dark side; underbelly,,,,,,
de,Überschneidung,f,overlap,single,wiktionary:kaikki@2026-10-03,low,2.73,"overlap, intersection",,,-ung,,,
de,Verletzlichkeit,f,vulnerability,single,wiktionary:kaikki@2026-10-03,low,2.72,vulnerability,,,-keit,,,
de,Mittäterschaft,f,complicity,single,wiktionary:kaikki@2026-10-03,low,2.64,complicity,,,-schaft,,,
de,Stirnseite,f,front,single,wiktionary:kaikki@2026-10-03,low,2.62,front (of a structure),,,,,,
de,Reinform,f,pure form,single,wiktionary:kaikki@2026-10-03,low,2.62,pure form,,,,,,
de,Theaterbühne,f,theater stage,single,wiktionary:kaikki@2026-10-03,low,2.58,theater stage,,,,,,
de,Überlappung,f,overlap,single,wiktionary:kaikki@2026-10-03,low,2.53,"overlap, overlapping",,,-ung,,,
de,Taxonomie,f,taxonomy,single,wiktionary:kaikki@2026-10-03,low,2.51,"taxonomy (science of finding, describing, classifying and naming organisms)",,,,,,
de,Absatz,m,verbal noun of absetzen,single,wiktionary:kaikki@2026-10-03,mid,4.4,"verbal noun of absetzen (“to interrupt, put down, sit down”)",,,,,,
de,Konflikt,m,conflict,single,wiktionary:kaikki@2026-10-03,mid,4.4,conflict,,,,,,
de,Haufen,m,heap,single,wiktionary:kaikki@2026-10-03,mid,4.35,"heap, hive, pile",,,,,,
de,Pokal,m,goblet,single,wiktionary:kaikki@2026-10-03,mid,4.28,"goblet, chalice",,,,,,
de,Turm,m,tower,single,wiktionary:kaikki@2026-10-03,mid,4.19,"tower, spire (very tall building or structure, especially with a tapering top)",,,,,,
de,Kalender,m,calendar,single,wiktionary:kaikki@2026-10-03,mid,4.16,"calendar (means for determining dates, including documents containing date and other time information)",,,,,,
de,Panzer,m,armour,single,wiktionary:kaikki@2026-10-03,mid,4.14,"armour, armour plating, shield",,,,,,
de,Genuss,m,enjoyment,single,wiktionary:kaikki@2026-10-03,mid,4.14,"enjoyment, pleasure",,,,,,
de,Holocaust,m,holocaust,single,wiktionary:kaikki@2026-10-03,mid,4.03,a holocaust,,,,,,
de,Saft,m,juice,single,wiktionary:kaikki@2026-10-03,mid,4.02,juice,,,,,,
de,Selbstmord,m,suicide,single,wiktionary:kaikki@2026-10-03,mid,4.01,suicide,,,,,,
de,Umstand,m,circumstance,single,wiktionary:kaikki@2026-10-03,mid,3.99,circumstance (an event; a fact; a particular incident),,,,,,
de,Wiederaufbau,m,reconstruction,single,wiktionary:kaikki@2026-10-03,mid,3.77,"reconstruction, rebuilding",,,,,,
de,Zeitplan,m,timetable,single,wiktionary:kaikki@2026-10-03,mid,3.74,"timetable, schedule",,,,,,
de,Nerv,m,nerve,single,wiktionary:kaikki@2026-10-03,mid,3.71,nerve,,,,,,
de,Oldtimer,m,vintage car,single,wiktionary:kaikki@2026-10-03,mid,3.65,vintage car; antique aircraft,,,,,,
de,Scheinwerfer,m,spotlight,single,wiktionary:kaikki@2026-10-03,mid,3.59,spotlight,,,,,,
de,Einwand,m,objection,single,wiktionary:kaikki@2026-10-03,mid,3.57,objection (statement expressing opposition),,,,,,
de,Ableger,m,layer,single,wiktionary:kaikki@2026-10-03,mid,3.54,"layer, shoot of a plant",,,,,,
de,Befund,m,findings,single,wiktionary:kaikki@2026-10-03,mid,3.51,"findings, results",,,,,,
de,Aussicht,f,scenery,single,wiktionary:kaikki@2026-10-03,mid,4.37,"scenery, view, outlook (also figuratively)",,,,,,
de,Provinz,f,province,single,wiktionary:kaikki@2026-10-03,mid,4.3,province (administrative subdivision),,,,,,
de,Fähigkeit,f,ability,single,wiktionary:kaikki@2026-10-03,mid,4.26,"ability, capability",,,-keit,,,
de,Katastrophe,f,catastrophe,single,wiktionary:kaikki@2026-10-03,mid,4.26,"catastrophe, disaster, calamity",,,,,,
de,Maßnahme,f,measure,single,wiktionary:kaikki@2026-10-03,mid,4.19,measure (tactic or strategy),,,,,,
de,Reichweite,f,range,single,wiktionary:kaikki@2026-10-03,mid,4.19,"range (The maximum distance of a weapon, radio station, sensor, vehicle without refueling, etc.)",,,,,,
de,Formulierung,f,wording,single,wiktionary:kaikki@2026-10-03,mid,4.02,"wording, phrasing",,,-ung,,,
de,Lampe,f,lamp,single,wiktionary:kaikki@2026-10-03,mid,3.99,"lamp, light (piece of furniture, or fixture mounted on a wall or ceiling, holding one or more electric light sockets)",,,,,,
de,Abbildung,f,depiction,single,wiktionary:kaikki@2026-10-03,mid,3.96,"depiction, image, figure, picture, illustration",,,-ung,,,
de,Soziologie,f,sociology,single,wiktionary:kaikki@2026-10-03,mid,3.9,sociology,,,,,,
de,Erleichterung,f,relief,single,wiktionary:kaikki@2026-10-03,mid,3.84,relief,,,-ung,,,
de,Schöpfung,f,creation,single,wiktionary:kaikki@2026-10-03,mid,3.78,creation,,,-ung,,,
de,Hauptrolle,f,lead,single,wiktionary:kaikki@2026-10-03,mid,3.77,lead (starring role in a drama),,,,,,
de,Beerdigung,f,burial,single,wiktionary:kaikki@2026-10-03,mid,3.73,burial,,,-ung,,,
de,Flüchtlingspolitik,f,politics of refugee policies,single,wiktionary:kaikki@2026-10-03,mid,3.69,politics of refugee policies,,,-ik,,,
de,Tournee,f,tour,single,wiktionary:kaikki@2026-10-03,mid,3.66,tour,,,,,,
de,Fauna,f,fauna,single,wiktionary:kaikki@2026-10-03,mid,3.65,fauna,,,,,,
de,Hypothese,f,hypothesis,single,wiktionary:kaikki@2026-10-03,mid,3.62,hypothesis,,,,,,
de,Dämmerung,f,twilight at the beginning or end of a day,single,wiktionary:kaikki@2026-10-03,mid,3.54,"twilight at the beginning or end of a day, dawn and dusk",,,-ung,,,
de,Sohle,f,sole,single,wiktionary:kaikki@2026-10-03,mid,3.52,sole (of the foot/shoe),,,,,,
de,Tod,m,death,single,wiktionary:kaikki@2026-10-03,high,5.16,death,,,,,,
de,Januar,m,january,single,wiktionary:kaikki@2026-10-03,high,5.03,"January (the first month of the Gregorian calendar, following the December of the previous year and preceding February)",,,,,,
de,Körper,m,body,single,wiktionary:kaikki@2026-10-03,high,5.0,"body (of a person, animal, etc.)",,,,,,
de,Kreis,m,circle,single,wiktionary:kaikki@2026-10-03,high,5.0,circle,,,,,,
de,Punkt,m,dot,single,wiktionary:kaikki@2026-10-03,high,5.0,dot (marking an abbreviation),,,,,,
de,Sport,m,sport,single,wiktionary:kaikki@2026-10-03,high,4.97,sport (athletic activity that uses physical skills competitively under a set of rules),,,,,,
de,Beitrag,m,contribution,single,wiktionary:kaikki@2026-10-03,high,4.91,contribution (something given or offered that adds to a larger whole),,,,,,
de,Urlaub,m,holiday,single,wiktionary:kaikki@2026-10-03,high,4.83,"holiday, vacation",,,,,,
de,Verlag,m,publishing house,single,wiktionary:kaikki@2026-10-03,high,4.75,"publishing house, publisher (a company that produces and sells books, booklets, magazines)",,,,,,
de,Brief,m,letter,single,wiktionary:kaikki@2026-10-03,high,4.71,letter (written message),,,,,,
de,Mittwoch,m,wednesday,single,wiktionary:kaikki@2026-10-03,high,4.69,Wednesday,,,,,,
de,Norden,m,north,single,wiktionary:kaikki@2026-10-03,high,4.65,north (direction),,,,,,
de,Antrag,m,application,single,wiktionary:kaikki@2026-10-03,high,4.62,"application, request",,,,,,
de,Abstand,m,distance,single,wiktionary:kaikki@2026-10-03,high,4.62,"distance, interspace, spacing, interval, gap",,,,,,
de,Umgang,m,dealings,single,wiktionary:kaikki@2026-10-03,high,4.61,"dealings, (social) intercourse",,,,,,
de,Anlass,m,cause,single,wiktionary:kaikki@2026-10-03,high,4.57,"cause, starting, motive, occasion",,,,,,
de,Unterricht,m,lesson,single,wiktionary:kaikki@2026-10-03,high,4.57,"lesson, class, instruction, education",,,,,,
de,Ausdruck,m,expression,single,wiktionary:kaikki@2026-10-03,high,4.53,"expression, term",,,,,,
de,Standort,m,location,single,wiktionary:kaikki@2026-10-03,high,4.53,"location, place, site",,,,,,
de,Hass,m,hatred,single,wiktionary:kaikki@2026-10-03,high,4.5,"hatred, hate",,,,,,
de,Art,f,kind,single,wiktionary:kaikki@2026-10-03,high,5.51,"kind, sort, type",,,,,,
de,Gesellschaft,f,company,single,wiktionary:kaikki@2026-10-03,high,5.28,company (presence of other people in general),,,-schaft,,,
de,Entwicklung,f,evolution,single,wiktionary:kaikki@2026-10-03,high,5.18,evolution,,,-ung,,,
de,Kultur,f,culture,single,wiktionary:kaikki@2026-10-03,high,5.02,culture,,,-ur,,,
de,Gewalt,f,strong or violent force,single,wiktionary:kaikki@2026-10-03,high,4.9,strong or violent force,,,,,,
de,Energie,f,energy,single,wiktionary:kaikki@2026-10-03,high,4.81,energy,,,,,,
de,Vergangenheit,f,past,single,wiktionary:kaikki@2026-10-03,high,4.79,the past (time),,,-heit,,,
de,Umgebung,f,environment,single,wiktionary:kaikki@2026-10-03,high,4.78,"environment (area around something), vicinity, surroundings",,,-ung,,,
de,Behandlung,f,treatment,single,wiktionary:kaikki@2026-10-03,high,4.74,treatment,,,-ung,,,
de,Mehrheit,f,majority,single,wiktionary:kaikki@2026-10-03,high,4.73,majority; bulk,,,-heit,,,
de,Öffentlichkeit,f,public,single,wiktionary:kaikki@2026-10-03,high,4.69,public,,,-keit,,,
de,Produktion,f,production,single,wiktionary:kaikki@2026-10-03,high,4.68,production,,,-ion,,,
de,Länge,f,length,single,wiktionary:kaikki@2026-10-03,high,4.64,length,,,,,,
de,Vorstellung,f,idea,single,wiktionary:kaikki@2026-10-03,high,4.63,"idea, image, representation (the transcript, image, or picture of a visible object that is formed by the mind)",,,-ung,,,
de,Bühne,f,stage,single,wiktionary:kaikki@2026-10-03,high,4.62,"stage (typically elevated space in front of a room for concerts, theater and other performances)",,,,,,
de,Medizin,f,medicine,single,wiktionary:kaikki@2026-10-03,high,4.56,medicine (the study of disease and treatment; the profession based thereon),,,,,,
de,Ausnahme,f,exception,single,wiktionary:kaikki@2026-10-03,high,4.56,exception,,,,,,
de,Kommunikation,f,communication,single,wiktionary:kaikki@2026-10-03,high,4.55,"communication, exchange of signs",,,-ion,,,
de,Einstellung,f,attitude,single,wiktionary:kaikki@2026-10-03,high,4.54,"attitude, mindset, disposition",,,-ung,,,
de,Krise,f,crisis,single,wiktionary:kaikki@2026-10-03,high,4.51,crisis (unstable situation),,,,,,
es,cloruro,m,chloride,single,wiktionary:kaikki@2026-10-03,low,3.27,chloride,,,,o,yes,
es,pluralismo,m,pluralism,single,wiktionary:kaikki@2026-10-03,low,3.27,pluralism,,,,o,yes,
es,anzuelo,m,hook,single,wiktionary:kaikki@2026-10-03,low,3.12,"hook, fishhook",,,,o,yes,
es,tapiz,m,tapestry,single,wiktionary:kaikki@2026-10-03,low,3.06,tapestry,,,,other,,
es,espécimen,m,specimen,single,wiktionary:kaikki@2026-10-03,low,3.05,specimen,,,,other,,
es,talco,m,talc,single,wiktionary:kaikki@2026-10-03,low,3.02,talc,,,,o,yes,
es,reflujo,m,ebb,single,wiktionary:kaikki@2026-10-03,low,2.96,ebb,,,,o,yes,
es,prostíbulo,m,brothel,single,wiktionary:kaikki@2026-10-03,low,2.95,"brothel, whorehouse",,,,o,yes,
es,gulag,m,gulag,single,wiktionary:kaikki@2026-10-03,low,2.92,gulag,,,,other,,
es,racionalismo,m,rationalism,single,wiktionary:kaikki@2026-10-03,low,2.89,rationalism (theory that the basis of knowledge is reason),,,,o,yes,
es,ciberespacio,m,cyberspace,single,wiktionary:kaikki@2026-10-03,low,2.82,cyberspace,,,,o,yes,
es,sarro,m,tartar,single,wiktionary:kaikki@2026-10-03,low,2.74,tartar,,,,o,yes,
es,tilo,m,basswood,single,wiktionary:kaikki@2026-10-03,low,2.69,"basswood, limewood, linden wood",,,,o,yes,
es,varadero,m,dry dock,single,wiktionary:kaikki@2026-10-03,low,2.67,dry dock,,,,o,yes,
es,acatamiento,m,observance,single,wiktionary:kaikki@2026-10-03,low,2.66,"observance, compliance",,,,o,yes,
es,lirismo,m,lyricism,single,wiktionary:kaikki@2026-10-03,low,2.65,lyricism,,,,o,yes,
es,lesbianismo,m,lesbianism,single,wiktionary:kaikki@2026-10-03,low,2.61,lesbianism,,,,o,yes,
es,gamonal,m,white asphodel plantation or wood,single,wiktionary:kaikki@2026-10-03,low,2.55,white asphodel plantation or wood,,,,other,,
es,escorbuto,m,scurvy,single,wiktionary:kaikki@2026-10-03,low,2.52,scurvy,,,,o,yes,
es,asidero,m,handle,single,wiktionary:kaikki@2026-10-03,low,2.51,handle; hold (something to grab),,,,o,yes,
es,comprobación,f,check,single,wiktionary:kaikki@2026-10-03,low,3.49,"check, checking, verification, ascertainment, crosscheck (act of inspecting or verifying)",,,,other,,
es,seducción,f,seduction,single,wiktionary:kaikki@2026-10-03,low,3.38,seduction,,,,other,,
es,cisterna,f,cistern,single,wiktionary:kaikki@2026-10-03,low,3.29,cistern,,,,a,yes,
es,sustentabilidad,f,sustainability,single,wiktionary:kaikki@2026-10-03,low,3.26,sustainability,,,,other,,
es,herejía,f,heresy,single,wiktionary:kaikki@2026-10-03,low,3.23,heresy,,,,a,yes,
es,legitimación,f,authentication,single,wiktionary:kaikki@2026-10-03,low,3.21,"authentication, legitimation",,,,other,,
es,hipnosis,f,hypnosis,single,wiktionary:kaikki@2026-10-03,low,3.09,hypnosis,,,,other,,
es,picadura,f,sting,single,wiktionary:kaikki@2026-10-03,low,3.05,"sting, bite e.g. from a snake or insect",,,,a,yes,
es,reedición,f,reprint,single,wiktionary:kaikki@2026-10-03,low,3.0,reprint,,,,other,,
es,incautación,f,confiscation,single,wiktionary:kaikki@2026-10-03,low,2.96,"confiscation, seizure, seizing, impoundment, impounding",,,,other,,
es,intercepción,f,interception,single,wiktionary:kaikki@2026-10-03,low,2.84,interception,,,,other,,
es,facilitación,f,facilitation,single,wiktionary:kaikki@2026-10-03,low,2.82,facilitation,,,,other,,
es,urticaria,f,urticaria,single,wiktionary:kaikki@2026-10-03,low,2.78,urticaria,,,,a,yes,
es,perplejidad,f,perplexity,single,wiktionary:kaikki@2026-10-03,low,2.76,perplexity,,,,other,,
es,carnada,f,bait,single,wiktionary:kaikki@2026-10-03,low,2.74,bait,,,,a,yes,
es,liana,f,liana,single,wiktionary:kaikki@2026-10-03,low,2.72,"liana (a climbing woody vine, usually tropical)",,,,a,yes,
es,botica,f,drugstore,single,wiktionary:kaikki@2026-10-03,low,2.71,"drugstore, pharmacy",,,,a,yes,
es,bisexualidad,f,bisexuality,single,wiktionary:kaikki@2026-10-03,low,2.59,bisexuality,,,,other,,
es,carambola,f,star fruit,single,wiktionary:kaikki@2026-10-03,low,2.54,star fruit,,,,a,yes,
es,discontinuidad,f,discontinuity,single,wiktionary:kaikki@2026-10-03,low,2.54,discontinuity,,,,other,,
es,rol,m,role,single,wiktionary:kaikki@2026-10-03,mid,4.49,role,,,,other,,
es,episodio,m,episode,single,wiktionary:kaikki@2026-10-03,mid,4.4,episode (installment of a drama told in parts),,,,o,yes,
es,asco,m,disgust,single,wiktionary:kaikki@2026-10-03,mid,4.37,disgust,,,,o,yes,
es,órgano,m,organ,single,wiktionary:kaikki@2026-10-03,mid,4.35,organ (a larger part of an organism),,,,o,yes,
es,paisaje,m,landscape,single,wiktionary:kaikki@2026-10-03,mid,4.3,landscape (the view of an area of land),,,,other,,
es,acento,m,accent,single,wiktionary:kaikki@2026-10-03,mid,4.1,accent (typographical line),,,,o,yes,
es,énfasis,m,emphasis,single,wiktionary:kaikki@2026-10-03,mid,4.08,emphasis,,,,other,,
es,batallón,m,battalion,single,wiktionary:kaikki@2026-10-03,mid,3.88,battalion,,,,other,,
es,llanto,m,crying,single,wiktionary:kaikki@2026-10-03,mid,3.81,crying,,,,o,yes,
es,aplauso,m,applause,single,wiktionary:kaikki@2026-10-03,mid,3.79,applause (act of applauding),,,,o,yes,
es,hábitat,m,habitat,single,wiktionary:kaikki@2026-10-03,mid,3.7,habitat (natural conditions in which a plant or animal lives),,,,other,,
es,caño,m,tube or pipe,single,wiktionary:kaikki@2026-10-03,mid,3.67,tube or pipe,,,,o,yes,
es,vencimiento,m,defeat,single,wiktionary:kaikki@2026-10-03,mid,3.63,"defeat, collapse",,,,o,yes,
es,lodo,m,mud,single,wiktionary:kaikki@2026-10-03,mid,3.63,mud; muck; mire,,,,o,yes,
es,vinagre,m,vinegar,single,wiktionary:kaikki@2026-10-03,mid,3.61,vinegar (a sour liquid formed by the fermentation of alcohol used as a condiment or preservative),,,,other,,
es,empoderamiento,m,empowerment,single,wiktionary:kaikki@2026-10-03,mid,3.58,"empowerment, empowering",,,,o,yes,
es,telón,m,curtain,single,wiktionary:kaikki@2026-10-03,mid,3.58,curtain,,,,other,,
es,nitrógeno,m,nitrogen,single,wiktionary:kaikki@2026-10-03,mid,3.55,nitrogen,,,,o,yes,
es,escalón,m,step,single,wiktionary:kaikki@2026-10-03,mid,3.51,"step (of a ladder, staircase)",,,,other,,
es,aval,m,endorsement,single,wiktionary:kaikki@2026-10-03,mid,3.51,endorsement,,,,other,,
es,cooperación,f,cooperation,single,wiktionary:kaikki@2026-10-03,mid,4.49,cooperation,,,,other,,
es,raíz,f,root,single,wiktionary:kaikki@2026-10-03,mid,4.46,root; root vegetable,,,,other,,
es,identificación,f,identification,single,wiktionary:kaikki@2026-10-03,mid,4.39,identification,,,,other,,
es,depresión,f,depression,single,wiktionary:kaikki@2026-10-03,mid,4.33,depression,,,,other,,
es,finalidad,f,purpose,single,wiktionary:kaikki@2026-10-03,mid,4.27,"purpose, objective, aim",,,,other,,
es,grabación,f,recording,single,wiktionary:kaikki@2026-10-03,mid,4.21,recording (an activity or result),,,,other,,
es,integridad,f,integrity,single,wiktionary:kaikki@2026-10-03,mid,4.16,integrity,,,,other,,
es,coincidencia,f,coincidence,single,wiktionary:kaikki@2026-10-03,mid,4.04,coincidence,,,,a,yes,
es,comarca,f,district,single,wiktionary:kaikki@2026-10-03,mid,3.95,district,,,,a,yes,
es,validez,f,validity,single,wiktionary:kaikki@2026-10-03,mid,3.93,validity,,,,other,,
es,pascua,f,easter,single,wiktionary:kaikki@2026-10-03,mid,3.93,Easter,,,,a,yes,
es,procesión,f,procession,single,wiktionary:kaikki@2026-10-03,mid,3.8,procession (act of progressing or proceeding),,,,other,,
es,dominación,f,domination,single,wiktionary:kaikki@2026-10-03,mid,3.73,domination,,,,other,,
es,brisa,f,breeze,single,wiktionary:kaikki@2026-10-03,mid,3.69,breeze,,,,a,yes,
es,convergencia,f,convergence,single,wiktionary:kaikki@2026-10-03,mid,3.65,"convergence, convergency",,,,a,yes,
es,obediencia,f,obedience,single,wiktionary:kaikki@2026-10-03,mid,3.58,obedience,,,,a,yes,
es,guarnición,f,garrison,single,wiktionary:kaikki@2026-10-03,mid,3.58,garrison,,,,other,,
es,descomposición,f,decomposition,single,wiktionary:kaikki@2026-10-03,mid,3.58,decomposition,,,,other,,
es,parálisis,f,paralysis,single,wiktionary:kaikki@2026-10-03,mid,3.57,paralysis,,,,other,,
es,cavidad,f,cavity,single,wiktionary:kaikki@2026-10-03,mid,3.54,cavity,,,,other,,
es,tiempo,m,time,single,wiktionary:kaikki@2026-10-03,high,5.97,time,,,,o,yes,
es,año,m,year,single,wiktionary:kaikki@2026-10-03,high,5.88,year,,,,o,yes,
es,país,m,country,single,wiktionary:kaikki@2026-10-03,high,5.78,country (the territory of a nation),,,,other,,
es,marzo,m,march,single,wiktionary:kaikki@2026-10-03,high,5.22,March,,,,o,yes,
es,modo,m,way,single,wiktionary:kaikki@2026-10-03,high,5.19,"way, manner",,,,o,yes,
es,movimiento,m,movement,single,wiktionary:kaikki@2026-10-03,high,5.16,movement (physical motion between points in space),,,,o,yes,
es,sector,m,section,single,wiktionary:kaikki@2026-10-03,high,5.04,section,,,,other,,
es,brasil,m,brazil,single,wiktionary:kaikki@2026-10-03,high,5.0,"brazil, brazilwood",,,,other,,
es,texto,m,text,single,wiktionary:kaikki@2026-10-03,high,4.98,text,,,,o,yes,
es,riesgo,m,risk,single,wiktionary:kaikki@2026-10-03,high,4.89,risk; the possibility of harm or an unfavorable outcome from random chance,,,,o,yes,
es,producto,m,product,single,wiktionary:kaikki@2026-10-03,high,4.88,"product, commodity, item",,,,o,yes,
es,parque,m,park,single,wiktionary:kaikki@2026-10-03,high,4.85,park,,,,other,,
es,periodo,m,period,single,wiktionary:kaikki@2026-10-03,high,4.73,"period, menstrual cycle",,,,o,yes,
es,foro,m,forum,single,wiktionary:kaikki@2026-10-03,high,4.67,forum (a place for discussion),,,,o,yes,
es,turismo,m,tourism,single,wiktionary:kaikki@2026-10-03,high,4.63,tourism,,,,o,yes,
es,desastre,m,disaster,single,wiktionary:kaikki@2026-10-03,high,4.56,"disaster, catastrophe, calamity",,,,other,,
es,jardín,m,garden,single,wiktionary:kaikki@2026-10-03,high,4.56,garden,,,,other,,
es,cabello,m,hair,single,wiktionary:kaikki@2026-10-03,high,4.54,hair (mass of hairs),,,,o,yes,
es,barco,m,boat,single,wiktionary:kaikki@2026-10-03,high,4.52,boat (usually with a concave hull),,,,o,yes,
es,entrenamiento,m,training,single,wiktionary:kaikki@2026-10-03,high,4.5,"training, workout",,,,o,yes,
es,ley,f,law,single,wiktionary:kaikki@2026-10-03,high,5.6,law (a well-established characteristic of nature),,,,other,,
es,muerte,f,death,single,wiktionary:kaikki@2026-10-03,high,5.43,death (the cessation of life),,,,other,,
es,imagen,f,image,single,wiktionary:kaikki@2026-10-03,high,5.2,image,,,,other,,
es,investigación,f,investigation,single,wiktionary:kaikki@2026-10-03,high,5.17,investigation,,,,other,,
es,producción,f,production,single,wiktionary:kaikki@2026-10-03,high,5.15,production,,,,other,,
es,crisis,f,crisis,single,wiktionary:kaikki@2026-10-03,high,5.02,crisis,,,,other,,
es,fiesta,f,party,single,wiktionary:kaikki@2026-10-03,high,4.99,party,,,,a,yes,
es,democracia,f,democracy,single,wiktionary:kaikki@2026-10-03,high,4.93,democracy (rule by the people),,,,a,yes,
es,caja,f,box,single,wiktionary:kaikki@2026-10-03,high,4.82,"box, case",,,,a,yes,
es,intención,f,intention,single,wiktionary:kaikki@2026-10-03,high,4.76,intention,,,,other,,
es,biblioteca,f,library,single,wiktionary:kaikki@2026-10-03,high,4.69,library,,,,a,yes,
es,frase,f,phrase,single,wiktionary:kaikki@2026-10-03,high,4.68,phrase,,,,other,,
es,presidencia,f,presidency,single,wiktionary:kaikki@2026-10-03,high,4.68,presidency,,,,a,yes,
es,vivienda,f,housing,single,wiktionary:kaikki@2026-10-03,high,4.61,"housing, dwelling",,,,a,yes,
es,disposición,f,disposal,single,wiktionary:kaikki@2026-10-03,high,4.61,disposal,,,,other,,
es,filosofía,f,philosophy,single,wiktionary:kaikki@2026-10-03,high,4.59,philosophy,,,,a,yes,
es,peña,f,rock,single,wiktionary:kaikki@2026-10-03,high,4.56,"a rock, stone, cliff or outcropping",,,,a,yes,
es,temperatura,f,temperature,single,wiktionary:kaikki@2026-10-03,high,4.55,temperature,,,,a,yes,
es,variedad,f,variety,single,wiktionary:kaikki@2026-10-03,high,4.55,variety,,,,other,,
es,ventaja,f,advantage,single,wiktionary:kaikki@2026-10-03,high,4.51,"advantage, upper hand, edge",,,,a,yes,
