lang,lemma,plural,gender,split
es,ley,leyes,f,train
es,muerte,muertes,f,train
es,nivel,niveles,m,train
es,voz,voces,f,train
es,noviembre,noviembres,m,train
es,papel,papeles,m,train
es,cine,cines,m,train
es,carne,carnes,f,train
es,piel,pieles,f,train
es,señal,señales,f,train
es,desastre,desastres,m,train
es,pared,paredes,f,train
es,índice,índices,m,train
es,documental,documentales,m,train
es,arroz,arroces,m,train
es,nariz,narices,f,train
es,cristal,cristales,m,train
es,llave,llaves,f,train
es,carnaval,carnavales,m,train
es,fiebre,fiebres,f,train
es,semestre,semestres,m,train
es,pasaporte,pasaportes,m,train
es,historial,historiales,m,train
es,coste,costes,m,train
es,cuartel,cuarteles,m,train
es,nube,nubes,f,train
es,horizonte,horizontes,m,train
es,trámite,trámites,m,train
es,higiene,higienes,f,train
es,auge,auges,m,train
es,trimestre,trimestres,m,train
es,vientre,vientres,m,train
es,plantel,planteles,m,train
es,merced,mercedes,f,train
es,lote,lotes,m,train
es,umbral,umbrales,m,train
es,lápiz,lápices,m,train
es,interfaz,interfaces,f,train
es,césped,céspedes,m,train
es,catástrofe,catástrofes,f,train
es,pirámide,pirámides,f,train
es,peste,pestes,f,train
es,arce,arces,m,train
es,poste,postes,m,train
es,declive,declives,m,train
es,cauce,cauces,m,train
es,aval,avales,m,train
es,cicatriz,cicatrices,f,train
es,ápice,ápices,m,train
es,apéndice,apéndices,m,train
es,contraparte,contrapartes,f,train
es,jarabe,jarabes,m,train
es,falange,falanges,f,train
es,estandarte,estandartes,m,train
es,mugre,mugres,f,train
es,escondite,escondites,m,train
es,yate,yates,m,train
es,altavoz,altavoces,m,train
es,matiz,matices,m,train
es,diésel,diéseles,m,train
es,cofre,cofres,m,train
es,arrecife,arrecifes,m,train
es,códice,códices,m,train
es,arancel,aranceles,m,train
es,escorial,escoriales,m,train
es,vértice,vértices,m,train
es,ramal,ramales,m,train
es,arenal,arenales,m,train
es,jengibre,jengibres,m,train
es,orbe,orbes,m,train
es,desnivel,desniveles,m,train
es,burdel,burdeles,m,train
es,mote,motes,m,train
es,folclore,folclores,m,train
es,escaparate,escaparates,m,train
es,carrusel,carruseles,m,train
es,alarde,alardes,m,train
es,pronombre,pronombres,m,train
es,traste,trastes,m,train
es,panal,panales,m,train
es,jornal,jornales,m,train
es,hélice,hélices,f,train
es,tapiz,tapices,m,train
es,delantal,delantales,m,train
es,grial,griales,m,train
es,desliz,deslices,m,train
es,pesebre,pesebres,m,train
es,vorágine,vorágines,f,train
es,riel,rieles,m,train
es,directriz,directrices,f,train
es,percance,percances,m,train
es,matorral,matorrales,m,train
es,cordel,cordeles,m,train
es,vórtice,vórtices,m,train
es,cañaveral,cañaverales,m,train
es,dineral,dinerales,m,train
es,pendrive,pendrives,m,train
es,laringe,laringes,f,train
es,dosel,doseles,m,train
es,antifaz,antifaces,m,train
es,pastizal,pastizales,m,train
es,puntal,puntales,m,train
es,morral,morrales,m,train
es,fuste,fustes,m,train
es,vendaval,vendavales,m,train
es,humedal,humedales,m,train
es,celuloide,celuloides,m,train
es,ábside,ábsides,m,train
es,carrizal,carrizales,m,train
es,basural,basurales,m,train
es,desbalance,desbalances,m,train
es,tamiz,tamices,m,train
es,picaporte,picaportes,m,train
es,aljibe,aljibes,m,train
es,hecatombe,hecatombes,f,train
es,pupitre,pupitres,m,train
es,ojal,ojales,m,train
es,cafetal,cafetales,m,train
es,tonel,toneles,m,train
es,santoral,santorales,m,train
es,naranjal,naranjales,m,train
es,faringe,faringes,f,train
es,sitial,sitiales,m,train
es,cigüeñal,cigüeñales,m,train
es,sedal,sedales,m,train
es,urdimbre,urdimbres,f,train
es,estambre,estambres,m,train
es,donaire,donaires,m,train
es,acicate,acicates,m,train
es,dedal,dedales,m,train
es,orinal,orinales,m,train
es,envite,envites,m,train
es,troquel,troqueles,m,train
es,empeine,empeines,m,train
es,brocal,brocales,m,train
es,matraz,matraces,m,train
es,mezquite,mezquites,m,train
es,pantanal,pantanales,m,train
es,saudade,saudades,f,train
es,oropel,oropeles,m,train
es,redondel,redondeles,m,train
es,rosedal,rosedales,m,train
es,contrafuerte,contrafuertes,m,train
es,bajorrelieve,bajorrelieves,m,train
es,sabogal,sabogales,m,train
es,armatoste,armatostes,m,train
es,jaral,jarales,m,train
es,chapitel,chapiteles,m,train
es,nocedal,nocedales,m,train
es,berenjenal,berenjenales,m,train
es,hiperenlace,hiperenlaces,m,train
de,Wahl,Wahlen,f,train
de,Luft,Lüfte,f,train
de,Meer,Meere,n,train
de,Staffel,Staffeln,f,train
de,Turnier,Turniere,n,train
de,Heft,Hefte,n,train
de,Bibel,Bibeln,f,train
de,Schrift,Schriften,f,train
de,Oper,Opern,f,train
de,Auskunft,Auskünfte,f,train
de,Kammer,Kammern,f,train
de,Saft,Säfte,m,train
de,Duft,Düfte,m,train
de,Mehl,Mehle,n,train
de,Atelier,Ateliers,n,train
de,Visier,Visiere,n,train
de,Nadel,Nadeln,f,train
de,Revier,Reviere,n,train
de,Inschrift,Inschriften,f,train
de,Kartoffel,Kartoffeln,f,train
de,Mikrofon,Mikrofone,n,train
de,Kuppel,Kuppeln,f,train
de,Speer,Speere,m,train
de,Metapher,Metaphern,f,train
de,Stiel,Stiele,m,train
de,Strahl,Strahlen,m,train
de,Zwiebel,Zwiebeln,f,train
de,Plädoyer,Plädoyers,n,train
de,Eichel,Eicheln,f,train
de,Fackel,Fackeln,f,train
de,Saat,Saaten,f,train
de,Grat,Grate,m,train
de,Ader,Adern,f,train
de,Stachel,Stacheln,m,train
de,Pfahl,Pfähle,m,train
de,Paradoxon,Paradoxa,n,train
de,Sichel,Sicheln,f,train
de,Gondel,Gondeln,f,train
de,Medaillon,Medaillons,n,train
de,Fabel,Fabeln,f,train
de,Wimper,Wimpern,f,train
de,Wiederkunft,Wiederkünfte,f,train
de,Elixier,Elixiere,n,train
de,Analogon,Analoga,n,train
de,Dirigat,Dirigate,n,train
de,Epithel,Epithelien,n,train
