lang,lemma,gender,concept_en,set,pair_id,split
es,trascendencia,f,importance,steer_es,,test
es,metáfora,f,metaphor,steer_es,,test
es,delincuencia,f,crime,steer_es,,test
es,sugerencia,f,suggestion,steer_es,,test
es,dureza,f,hardness,steer_es,,test
es,tarta,f,pie,steer_es,,test
es,desconfianza,f,mistrust,steer_es,,test
es,colmena,f,beehive,steer_es,,test
es,pretemporada,f,preseason,steer_es,,test
es,psicología,f,psychology,steer_es,,test
es,taberna,f,pub,steer_es,,test
es,carita,f,smiley,steer_es,,test
es,milla,f,english or american mile,steer_es,,test
es,discrepancia,f,discrepancy,steer_es,,test
es,geología,f,geology,steer_es,,test
es,mercadotecnia,f,marketing,steer_es,,test
es,pesadilla,f,nightmare,steer_es,,test
es,capilla,f,chapel,steer_es,,test
es,etapa,f,stage,steer_es,,test
es,injerencia,f,interference,steer_es,,test
es,psicoterapia,f,psychotherapy,steer_es,,test
es,cama,f,bed,steer_es,,test
es,correa,f,belt,steer_es,,test
es,ineficacia,f,ineffectiveness,steer_es,,test
es,tecnología,f,technology,steer_es,,test
es,epidemia,f,epidemic,steer_es,,test
es,lengua,f,tongue,steer_es,,test
es,mueca,f,exaggerated facial expression,steer_es,,test
es,reliquia,f,relic,steer_es,,test
es,bombilla,f,light bulb,steer_es,,test
es,gaceta,f,gazette,steer_es,,test
es,fábula,f,fable,steer_es,,test
es,borrachera,f,drunkenness,steer_es,,test
es,toalla,f,towel,steer_es,,test
es,puñalada,f,stab,steer_es,,test
es,papelería,f,stationery shop / store,steer_es,,test
es,comparecencia,f,appearance,steer_es,,test
es,tierra,f,earth,steer_es,,test
es,terminología,f,terminology,steer_es,,test
es,vaina,f,scabbard,steer_es,,test
es,hato,m,bundle of things,steer_es,,test
es,protagonismo,m,importance,steer_es,,test
es,descrédito,m,discredit,steer_es,,test
es,erario,m,treasury,steer_es,,test
es,crucifijo,m,crucifix,steer_es,,test
es,lienzo,m,canvas,steer_es,,test
es,comino,m,cumin,steer_es,,test
es,patrocinio,m,sponsorship,steer_es,,test
es,perímetro,m,perimeter,steer_es,,test
es,servicio,m,service,steer_es,,test
es,susto,m,fright,steer_es,,test
es,califato,m,caliphate,steer_es,,test
es,diccionario,m,dictionary,steer_es,,test
es,ateísmo,m,atheism,steer_es,,test
es,olfato,m,smell,steer_es,,test
es,bolso,m,purse,steer_es,,test
es,apetito,m,appetite,steer_es,,test
es,llanto,m,crying,steer_es,,test
es,diámetro,m,diameter,steer_es,,test
es,algoritmo,m,algorithm,steer_es,,test
es,obelisco,m,obelisk,steer_es,,test
es,fanatismo,m,fanaticism,steer_es,,test
es,vocablo,m,word,steer_es,,test
es,enfrentamiento,m,showdown,steer_es,,test
es,beneplácito,m,consent,steer_es,,test
es,hospicio,m,hospice,steer_es,,test
es,sótano,m,cellar,steer_es,,test
es,asesinato,m,assassination,steer_es,,test
es,atributo,m,attribute,steer_es,,test
es,marzo,m,march,steer_es,,test
es,arquetipo,m,archetype,steer_es,,test
es,transcurso,m,course,steer_es,,test
es,hallazgo,m,discovery,steer_es,,test
es,razonamiento,m,reasoning,steer_es,,test
es,renacimiento,m,rebirth,steer_es,,test
es,residuo,m,residue,steer_es,,test
es,tráfico,m,traffic,steer_es,,test
es,aeropuerto,m,airport,steer_es,,test
es,yeso,m,plaster,steer_es,,test
es,armisticio,m,armistice,steer_es,,test
es,ángulo,m,angle,steer_es,,test
es,kiosco,m,kiosk,steer_es,,test
es,sepulcro,m,sepulchre,steer_es,,test
de,Fels,m,rock,steer_de,,test
de,Verdruss,m,displeasure,steer_de,,test
de,Ölberg,m,olive grove,steer_de,,test
de,Tisch,m,table,steer_de,,test
de,Orden,m,order,steer_de,,test
de,Kakao,m,cocoa,steer_de,,test
de,Schlick,m,silt,steer_de,,test
de,Kotau,m,kowtow,steer_de,,test
de,Etat,m,budget,steer_de,,test
de,Tross,m,baggage train,steer_de,,test
de,Zweisitzer,m,two-seater,steer_de,,test
de,Pelz,m,fur,steer_de,,test
de,Modus,m,mode,steer_de,,test
de,Rekurs,m,recourse,steer_de,,test
de,Affekt,m,affect,steer_de,,test
de,Wurf,m,throw,steer_de,,test
de,Fleck,m,stain,steer_de,,test
de,Degen,m,rapier,steer_de,,test
de,Napf,m,small bowl,steer_de,,test
de,Matsch,m,mud,steer_de,,test
de,Gruß,m,greeting,steer_de,,test
de,Kontinent,m,continent,steer_de,,test
de,Neid,m,envy,steer_de,,test
de,Wald,m,forest,steer_de,,test
de,Brunnen,m,well,steer_de,,test
de,Eintrag,m,entry,steer_de,,test
de,Sexus,m,sex,steer_de,,test
de,Kessel,m,solid metal container or pot,steer_de,,test
de,Instinkt,m,instinct,steer_de,,test
de,Kubus,m,cube,steer_de,,test
de,Grieß,m,semolina,steer_de,,test
de,Beschluss,m,decision,steer_de,,test
de,Akzent,m,accent,steer_de,,test
de,Tacker,m,stapler,steer_de,,test
de,Schnee,m,snow,steer_de,,test
de,Zopf,m,plait,steer_de,,test
de,Kursus,m,synonym of kurs,steer_de,,test
de,Flug,m,flight,steer_de,,test
de,Tausch,m,exchange,steer_de,,test
de,Krater,m,crater,steer_de,,test
de,Kuss,m,kiss,steer_de,,test
de,Konflikt,m,conflict,steer_de,,test
de,Kelch,m,chalice,steer_de,,test
de,Sumpf,m,swamp,steer_de,,test
de,Fiskus,m,treasury,steer_de,,test
de,Mucks,m,noise,steer_de,,test
de,Korridor,m,corridor,steer_de,,test
de,Magen,m,stomach,steer_de,,test
de,Kompressor,m,supercharger,steer_de,,test
de,Stoß,m,push,steer_de,,test
de,Tinte,f,ink,steer_de,,test
de,Wäsche,f,wash,steer_de,,test
de,Akquise,f,synonym of akquisition,steer_de,,test
de,Lunte,f,fuse,steer_de,,test
de,Karawane,f,caravan,steer_de,,test
de,Aula,f,auditorium of a school or university,steer_de,,test
de,Energie,f,energy,steer_de,,test
de,Mykologie,f,mycology,steer_de,,test
de,Maniküre,f,manicure,steer_de,,test
de,Glocke,f,bell,steer_de,,test
de,Embolie,f,embolism,steer_de,,test
de,Sitte,f,custom,steer_de,,test
de,Klimatologie,f,climatology,steer_de,,test
de,Klarinette,f,clarinet,steer_de,,test
de,Kanüle,f,hypodermic needle,steer_de,,test
de,Philosophie,f,philosophy,steer_de,,test
de,Trasse,f,line,steer_de,,test
de,Sache,f,matter,steer_de,,test
de,Sicht,f,view,steer_de,,test
de,Idiotie,f,idiocy,steer_de,,test
de,Schwemme,f,glut,steer_de,,test
de,Taille,f,waist,steer_de,,test
de,Phiole,f,vial,steer_de,,test
de,Mythologie,f,mythology,steer_de,,test
de,Wippe,f,seesaw,steer_de,,test
de,Allergologie,f,allergology,steer_de,,test
de,Biometrie,f,biometrics,steer_de,,test
de,Onkologie,f,oncology,steer_de,,test
de,Demontage,f,dismantling,steer_de,,test
de,Vitrine,f,display case,steer_de,,test
de,Elektrophorese,f,electrophoresis,steer_de,,test
de,Korona,f,corona,steer_de,,test
de,Hydrolyse,f,hydrolysis,steer_de,,test
de,Brille,f,glasses,steer_de,,test
de,Flinte,f,shotgun,steer_de,,test
de,Raffinerie,f,refinery,steer_de,,test
de,Dermatologie,f,dermatology,steer_de,,test
de,Galle,f,bile,steer_de,,test
de,Platine,f,printed circuit board,steer_de,,test
de,Typographie,f,typography,steer_de,,test
de,Physiologie,f,physiology,steer_de,,test
de,Taverne,f,mediterranean wine bar and/or simple restaurant,steer_de,,test
de,Scharte,f,notch,steer_de,,test
de,Truhe,f,chest,steer_de,,test
de,Galeere,f,galley,steer_de,,test
de,Immunologie,f,immunology,steer_de,,test
de,Autonomie,f,autonomy,steer_de,,test
de,Hypnose,f,hypnosis,steer_de,,test
de,Prophetie,f,prophecy,steer_de,,test
de,Dosis,f,dose,steer_de,,test
de,Brücke,f,bridge,pair,0,test
es,puente,m,bridge,pair,0,test
de,Kuchen,m,pie,pair,1,test
es,tarta,f,pie,pair,1,test
de,Apfel,m,apple,pair,3,test
es,manzana,f,apple,pair,3,test
de,Rucksack,m,backpack,pair,4,test
es,mochila,f,backpack,pair,4,test
de,Leber,f,liver,pair,5,test
es,hígado,m,liver,pair,5,test
de,Tastatur,f,keyboard,pair,6,test
es,teclado,m,keyboard,pair,6,test
de,Zigarette,f,cigarette,pair,7,test
es,cigarrillo,m,cigarette,pair,7,test
de,Landung,f,landing,pair,9,test
es,aterrizaje,m,landing,pair,9,test
de,Fahrbahn,f,lane,pair,10,test
es,carril,m,lane,pair,10,test
de,Lunge,f,lung,pair,11,test
es,pulmón,m,lung,pair,11,test
de,Bauernhof,m,farm,pair,13,test
es,granja,f,farm,pair,13,test
de,Fertigung,f,assembly,pair,15,test
es,montaje,m,assembly,pair,15,test
de,Schlauch,m,hose,pair,16,test
es,manguera,f,hose,pair,16,test
de,Gasse,f,alley,pair,17,test
es,callejón,m,alley,pair,17,test
de,Seife,f,soap,pair,18,test
es,jabón,m,soap,pair,18,test
de,Matratze,f,mattress,pair,19,test
es,colchón,m,mattress,pair,19,test
de,Baumwolle,f,cotton,pair,20,test
es,algodón,m,cotton,pair,20,test
de,Fernsehsender,m,tv station,pair,21,test
es,televisora,f,tv station,pair,21,test
de,Röhre,f,tube,pair,22,test
es,tubo,m,tube,pair,22,test
de,Wasserfall,m,waterfall,pair,23,test
es,catarata,f,waterfall,pair,23,test
de,Haube,f,bonnet,pair,25,test
es,gorrito,m,bonnet,pair,25,test
de,Niere,f,kidney,pair,26,test
es,riñón,m,kidney,pair,26,test
de,Strang,m,thread,pair,27,test
es,hebra,f,thread,pair,27,test
de,Dolch,m,dagger,pair,32,test
es,daga,f,dagger,pair,32,test
de,Pranger,m,pillory,pair,33,test
es,picota,f,pillory,pair,33,test
de,Schornstein,m,chimney,pair,35,test
es,chimenea,f,chimney,pair,35,test
de,Tanne,f,fir,pair,37,test
es,abeto,m,fir,pair,37,test
de,Nudel,f,noodle,pair,38,test
es,fideo,m,noodle,pair,38,test
de,Anhöhe,f,knoll,pair,41,test
es,otero,m,knoll,pair,41,test
de,Rosengarten,m,rose garden,pair,42,test
es,rosaleda,f,rose garden,pair,42,test
de,Zigarre,f,cigar,pair,43,test
es,cigarro,m,cigar,pair,43,test
de,Fährte,f,trail,pair,46,test
es,sendero,m,trail,pair,46,test
de,Weinkeller,m,wine cellar,pair,50,test
es,bodega,f,wine cellar,pair,50,test
de,Hohlraum,m,cavity,pair,52,test
es,cavidad,f,cavity,pair,52,test
de,Spange,f,clasp,pair,53,test
es,broche,m,clasp,pair,53,test
de,Knolle,f,bulb,pair,54,test
es,bulbo,m,bulb,pair,54,test
de,Vogelscheuche,f,scarecrow,pair,55,test
es,espantapájaros,m,scarecrow,pair,55,test
de,Überbau,m,superstructure,pair,56,test
es,superestructura,f,superstructure,pair,56,test
de,Spindel,f,spindle,pair,59,test
es,huso,m,spindle,pair,59,test
de,Werkbank,f,workbench,pair,60,test
es,mesón,m,workbench,pair,60,test
de,Aktentasche,f,briefcase,pair,62,test
es,maletín,m,briefcase,pair,62,test
de,Anrichte,f,sideboard,pair,69,test
es,aparador,m,sideboard,pair,69,test
de,Heilanstalt,f,sanatorium,pair,72,test
es,sanatorio,m,sanatorium,pair,72,test
de,Ulme,f,elm,pair,75,test
es,olmo,m,elm,pair,75,test
de,Seite,f,side,pair,78,test
es,lado,m,side,pair,78,test
de,Funktion,f,role,pair,79,test
es,rol,m,role,pair,79,test
de,Gegensatz,m,opposition,pair,80,test
es,oposición,f,opposition,pair,80,test
de,Behandlung,f,treatment,pair,81,test
es,tratamiento,m,treatment,pair,81,test
de,Vorteil,m,advantage,pair,82,test
es,ventaja,f,advantage,pair,82,test
de,Vorschlag,m,suggestion,pair,83,test
es,sugerencia,f,suggestion,pair,83,test
de,Mut,m,courage,pair,84,test
es,valentía,f,courage,pair,84,test
de,Verlust,m,loss,pair,85,test
es,pérdida,f,loss,pair,85,test
de,Geburt,f,birth,pair,86,test
es,nacimiento,m,birth,pair,86,test
de,Niederlage,f,defeat,pair,87,test
es,vencimiento,m,defeat,pair,87,test
de,Zufall,m,chance,pair,88,test
es,casualidad,f,chance,pair,88,test
de,Landschaft,f,landscape,pair,89,test
es,paisaje,m,landscape,pair,89,test
de,Hölle,f,hell,pair,90,test
es,infierno,m,hell,pair,90,test
de,Spannung,f,voltage,pair,91,test
es,voltaje,m,voltage,pair,91,test
de,Beute,f,booty,pair,93,test
es,botín,m,booty,pair,93,test
de,Segen,m,blessing,pair,94,test
es,bendición,f,blessing,pair,94,test
de,Verarbeitung,f,processing,pair,96,test
es,procesamiento,m,processing,pair,96,test
de,Reichtum,m,wealth,pair,97,test
es,riqueza,f,wealth,pair,97,test
de,Achse,f,axis,pair,98,test
es,eje,m,axis,pair,98,test
de,Wohlstand,m,prosperity,pair,99,test
es,prosperidad,f,prosperity,pair,99,test
de,Aufsatz,m,essay,pair,100,test
es,redacción,f,essay,pair,100,test
de,Berührung,f,touch,pair,103,test
es,tacto,m,touch,pair,103,test
de,Verstoß,m,violation,pair,104,test
es,violación,f,violation,pair,104,test
de,Ermordung,f,assassination,pair,105,test
es,asesinato,m,assassination,pair,105,test
de,Bergbau,m,mining,pair,106,test
es,minería,f,mining,pair,106,test
de,Verwandtschaft,f,kinship,pair,107,test
es,parentesco,m,kinship,pair,107,test
de,Handvoll,f,handful,pair,108,test
es,manojo,m,handful,pair,108,test
de,Gefangenschaft,f,imprisonment,pair,111,test
es,encarcelamiento,m,imprisonment,pair,111,test
de,Skepsis,f,skepticism,pair,112,test
es,escepticismo,m,skepticism,pair,112,test
de,Albtraum,m,nightmare,pair,113,test
es,pesadilla,f,nightmare,pair,113,test
de,Zuneigung,f,affection,pair,114,test
es,cariño,m,affection,pair,114,test
de,Erwärmung,f,warming,pair,116,test
es,calentamiento,m,warming,pair,116,test
de,Gegenseite,f,opposite side,pair,117,test
es,anverso,m,opposite side,pair,117,test
de,Zerfall,m,disintegration,pair,120,test
es,desintegración,f,disintegration,pair,120,test
de,Symbolik,f,symbolism,pair,121,test
es,simbolismo,m,symbolism,pair,121,test
de,Unterzeichnung,f,signing,pair,124,test
es,fichaje,m,signing,pair,124,test
de,Gesundheitszustand,m,health,pair,125,test
es,sanidad,f,health,pair,125,test
de,Psychoanalyse,f,psychoanalysis,pair,126,test
es,psicoanálisis,m,psychoanalysis,pair,126,test
de,Nervosität,f,nervousness,pair,127,test
es,nerviosismo,m,nervousness,pair,127,test
de,Positionierung,f,positioning,pair,128,test
es,posicionamiento,m,positioning,pair,128,test
de,Anonymität,f,anonymity,pair,129,test
es,anonimato,m,anonymity,pair,129,test
de,Trophäe,f,trophy,pair,130,test
es,trofeo,m,trophy,pair,130,test
de,Verdrängung,f,displacement,pair,132,test
es,desplazamiento,m,displacement,pair,132,test
de,Verschuldung,f,indebtedness,pair,133,test
es,endeudamiento,m,indebtedness,pair,133,test
de,Wiedergeburt,f,rebirth,pair,134,test
es,renacimiento,m,rebirth,pair,134,test
de,Enthüllung,f,unveiling,pair,135,test
es,esclarecimiento,m,unveiling,pair,135,test
de,Unordnung,f,disorder,pair,137,test
es,desorden,m,disorder,pair,137,test
de,Sichtung,f,sighting,pair,138,test
es,avistamiento,m,sighting,pair,138,test
de,Paarung,f,mating,pair,139,test
es,apareamiento,m,mating,pair,139,test
de,Hinterhalt,m,ambush,pair,142,test
es,encerrona,f,ambush,pair,142,test
de,Schwächung,f,weakening,pair,144,test
es,debilitamiento,m,weakening,pair,144,test
de,Mystik,f,mysticism,pair,146,test
es,misticismo,m,mysticism,pair,146,test
de,Verstopfung,f,constipation,pair,147,test
es,estreñimiento,m,constipation,pair,147,test
de,Rückschritt,m,regression,pair,148,test
es,involución,f,regression,pair,148,test
de,Teint,m,complexion,pair,149,test
es,tez,f,complexion,pair,149,test
de,Knebel,m,gag,pair,153,test
es,mordaza,f,gag,pair,153,test
de,Sintflut,f,deluge,pair,158,test
es,diluvio,m,deluge,pair,158,test
de,Wahrheitsgehalt,m,veracity,pair,159,test
es,veracidad,f,veracity,pair,159,test
de,Umsiedlung,f,resettlement,pair,161,test
es,reasentamiento,m,resettlement,pair,161,test
de,Zusicherung,f,assurance,pair,162,test
es,aseguramiento,m,assurance,pair,162,test
de,Fluglinie,f,route,pair,163,test
es,trayecto,m,route,pair,163,test
de,Meuterei,f,mutiny,pair,164,test
es,motín,m,mutiny,pair,164,test
de,Tätowierung,f,tattoo,pair,165,test
es,tatuaje,m,tattoo,pair,165,test
de,Fischfang,m,fishing,pair,166,test
es,pesquería,f,fishing,pair,166,test
de,Hochschulabschluss,m,degree,pair,167,test
es,licenciatura,f,degree,pair,167,test
de,Anreicherung,f,enrichment,pair,168,test
es,enriquecimiento,m,enrichment,pair,168,test
de,Abfallwirtschaft,f,sanitation,pair,170,test
es,saneamiento,m,sanitation,pair,170,test
de,Verengung,f,narrowing,pair,173,test
es,estrechamiento,m,narrowing,pair,173,test
de,Virtuosität,f,virtuosity,pair,175,test
es,virtuosismo,m,virtuosity,pair,175,test
de,Entgleisung,f,derailment,pair,177,test
es,descarrilamiento,m,derailment,pair,177,test
de,Verarmung,f,impoverishment,pair,178,test
es,empobrecimiento,m,impoverishment,pair,178,test
de,Sauerstoffmangel,m,hypoxia,pair,179,test
es,hipoxia,f,hypoxia,pair,179,test
de,Abenddämmerung,f,dusk,pair,181,test
es,ocaso,m,dusk,pair,181,test
de,Kopfschmerz,m,headache,pair,182,test
es,jaqueca,f,headache,pair,182,test
de,Geschäftswelt,f,business world,pair,183,test
es,empresariado,m,business world,pair,183,test
de,Rangordnung,f,ranking,pair,184,test
es,escalafón,m,ranking,pair,184,test
de,Gründlichkeit,f,thoroughness,pair,185,test
es,detenimiento,m,thoroughness,pair,185,test
de,Athletik,f,athletics,pair,186,test
es,atletismo,m,athletics,pair,186,test
de,Schwall,m,flood,pair,187,test
es,riada,f,flood,pair,187,test
de,Reizung,f,irritation,pair,188,test
es,ensañamiento,m,irritation,pair,188,test
de,Seifenoper,f,soap opera,pair,190,test
es,culebrón,m,soap opera,pair,190,test
de,Seegang,m,swell,pair,191,test
es,marejada,f,swell,pair,191,test
de,Raubzug,m,raid,pair,193,test
es,incursión,f,raid,pair,193,test
de,Eisprung,m,ovulation,pair,196,test
es,ovulación,f,ovulation,pair,196,test
de,Selbstbedienung,f,self-service,pair,198,test
es,autoservicio,m,self-service,pair,198,test
de,Verfeinerung,f,refinement,pair,199,test
es,refinamiento,m,refinement,pair,199,test
de,Untertasse,f,saucer,pair,202,test
es,platillo,m,saucer,pair,202,test
de,Kleidung,f,clothing,pair,204,test
es,vestuario,m,clothing,pair,204,test
de,Dreck,m,dirt,pair,205,test
es,suciedad,f,dirt,pair,205,test
de,Stuhl,m,chair,pair,206,test
es,silla,f,chair,pair,206,test
de,Dom,m,cathedral,pair,207,test
es,catedral,f,cathedral,pair,207,test
de,Schicht,f,layer,pair,208,test
es,estrato,m,layer,pair,208,test
de,Toilette,f,toilet,pair,209,test
es,retrete,m,toilet,pair,209,test
de,Lücke,f,gap,pair,210,test
es,boquete,m,gap,pair,210,test
de,Bildschirm,m,screen,pair,211,test
es,pantalla,f,screen,pair,211,test
de,Wohnraum,m,housing,pair,212,test
es,vivienda,f,housing,pair,212,test
de,Gürtel,m,belt,pair,213,test
es,correa,f,belt,pair,213,test
de,Korb,m,basket,pair,214,test
es,canasta,f,basket,pair,214,test
de,Teich,m,pond,pair,215,test
es,charca,f,pond,pair,215,test
de,Schüssel,f,bowl,pair,216,test
es,bol,m,bowl,pair,216,test
de,Pfeffer,m,pepper,pair,217,test
es,pimienta,f,pepper,pair,217,test
de,Aufkleber,m,sticker,pair,218,test
es,pegatina,f,sticker,pair,218,test
de,Fähre,f,ferry,pair,219,test
es,transbordador,m,ferry,pair,219,test
de,Rüstung,f,armament,pair,220,test
es,armamento,m,armament,pair,220,test
de,Gaststätte,f,restaurant,pair,221,test
es,restaurante,m,restaurant,pair,221,test
de,Sporthalle,f,gym,pair,222,test
es,gimnasio,m,gym,pair,222,test
de,Weinberg,m,vineyard,pair,224,test
es,viña,f,vineyard,pair,224,test
de,Landkarte,f,map,pair,225,test
es,mapa,m,map,pair,225,test
de,Schranke,f,gate,pair,226,test
es,portillo,m,gate,pair,226,test
de,Schaltung,f,circuit,pair,227,test
es,circuito,m,circuit,pair,227,test
de,Veranda,f,veranda,pair,228,test
es,porche,m,veranda,pair,228,test
de,Kanzel,f,pulpit,pair,229,test
es,púlpito,m,pulpit,pair,229,test
de,Galgen,m,gallows,pair,230,test
es,horca,f,gallows,pair,230,test
de,Mappe,f,portfolio,pair,232,test
es,portafolio,m,portfolio,pair,232,test
de,Strohhalm,m,straw,pair,233,test
es,paja,f,straw,pair,233,test
de,Anzahlung,f,deposit,pair,234,test
es,depósito,m,deposit,pair,234,test
de,Posaune,f,trombone,pair,236,test
es,trombón,m,trombone,pair,236,test
de,Mitschnitt,m,recording,pair,237,test
es,grabación,f,recording,pair,237,test
de,Ferse,f,heel,pair,238,test
es,talón,m,heel,pair,238,test
de,Swimmingpool,m,swimming pool,pair,239,test
es,piscina,f,swimming pool,pair,239,test
de,Bauchspeicheldrüse,f,pancreas,pair,245,test
es,páncreas,m,pancreas,pair,245,test
de,Behaarung,f,hair,pair,247,test
es,cabello,m,hair,pair,247,test
de,Schaubühne,f,theater,pair,249,test
es,teatro,m,theater,pair,249,test
de,Anklagebank,f,dock,pair,250,test
es,banquillo,m,dock,pair,250,test
de,Aufguss,m,infusion,pair,251,test
es,infusión,f,infusion,pair,251,test
de,Zukunft,f,future,pair,254,test
es,porvenir,m,future,pair,254,test
de,Sprache,f,language,pair,255,test
es,lenguaje,m,language,pair,255,test
de,Gemeinde,f,municipality,pair,256,test
es,municipio,m,municipality,pair,256,test
de,Liste,f,list,pair,257,test
es,elenco,m,list,pair,257,test
de,Beitrag,m,contribution,pair,258,test
es,contribución,f,contribution,pair,258,test
de,Leistung,f,performance,pair,259,test
es,rendimiento,m,performance,pair,259,test
de,Zusammenhang,m,coherence,pair,260,test
es,coherencia,f,coherence,pair,260,test
de,Schutz,m,protection,pair,261,test
es,protección,f,protection,pair,261,test
de,Abschluss,m,exclusion,pair,262,test
es,exclusión,f,exclusion,pair,262,test
de,Eindruck,m,impression,pair,263,test
es,impresión,f,impression,pair,263,test
de,Führung,f,lead,pair,264,test
es,plomo,m,lead,pair,264,test
de,Wirkung,f,effect,pair,265,test
es,efecto,m,effect,pair,265,test
de,Hinweis,m,hint,pair,266,test
es,insinuación,f,hint,pair,266,test
de,Abstand,m,distance,pair,267,test
es,lejanía,f,distance,pair,267,test
de,Witz,m,joke,pair,269,test
es,broma,f,joke,pair,269,test
de,Aufbau,m,construction,pair,270,test
es,construcción,f,construction,pair,270,test
de,Ausdruck,m,expression,pair,271,test
es,expresión,f,expression,pair,271,test
de,Zustimmung,f,agreement,pair,272,test
es,convenio,m,agreement,pair,272,test
de,Botschaft,f,message,pair,273,test
es,mensaje,m,message,pair,273,test
de,Herkunft,f,origin,pair,274,test
es,origen,m,origin,pair,274,test
de,Stufe,f,step,pair,276,test
es,escalón,m,step,pair,276,test
de,Ausbau,m,expansion,pair,277,test
es,expansión,f,expansion,pair,277,test
de,Versorgung,f,supply,pair,278,test
es,abastecimiento,m,supply,pair,278,test
de,Verbesserung,f,improvement,pair,279,test
es,mejoramiento,m,improvement,pair,279,test
de,Verdacht,m,suspicion,pair,280,test
es,suspicacia,f,suspicion,pair,280,test
de,Glückwunsch,m,congratulation,pair,281,test
es,felicitación,f,congratulation,pair,281,test
de,Anhalt,m,indication,pair,282,test
es,indicación,f,indication,pair,282,test
de,Ablauf,m,process,pair,283,test
es,gestión,f,process,pair,283,test
de,Meldung,f,report,pair,284,test
es,reportaje,m,report,pair,284,test
de,Störung,f,disturbance,pair,285,test
es,disturbio,m,disturbance,pair,285,test
de,Umzug,m,move,pair,286,test
es,mudanza,f,move,pair,286,test
de,Berufung,f,appointment,pair,287,test
es,nombramiento,m,appointment,pair,287,test
de,Ausgleich,m,compensation,pair,288,test
es,compensación,f,compensation,pair,288,test
de,Wille,m,will,pair,289,test
es,voluntad,f,will,pair,289,test
de,Entdeckung,f,discovery,pair,291,test
es,descubrimiento,m,discovery,pair,291,test
de,Verstärkung,f,reinforcement,pair,292,test
es,reforzamiento,m,reinforcement,pair,292,test
de,Vorsprung,m,projection,pair,293,test
es,proyección,f,projection,pair,293,test
de,Berechnung,f,calculation,pair,294,test
es,cálculo,m,calculation,pair,294,test
de,Notfall,m,emergency,pair,295,test
es,emergencia,f,emergency,pair,295,test
de,Ruhestand,m,retirement,pair,296,test
es,jubilación,f,retirement,pair,296,test
de,Unterkunft,f,accommodation,pair,298,test
es,alojamiento,m,accommodation,pair,298,test
de,Erhaltung,f,maintenance,pair,299,test
es,mantenimiento,m,maintenance,pair,299,test
de,Weiterentwicklung,f,development,pair,300,test
es,desenvolvimiento,m,development,pair,300,test
de,Spaziergang,m,walk,pair,302,test
es,caminata,f,walk,pair,302,test
de,Erwerb,m,acquisition,pair,303,test
es,obtención,f,acquisition,pair,303,test
de,Rückgang,m,decline,pair,304,test
es,decadencia,f,decline,pair,304,test
de,Romantik,f,romanticism,pair,306,test
es,romanticismo,m,romanticism,pair,306,test
de,Naturschutz,m,conservation,pair,307,test
es,conservación,f,conservation,pair,307,test
de,Befragung,f,interrogation,pair,310,test
es,interrogatorio,m,interrogation,pair,310,test
de,Münze,f,money,pair,311,test
es,dinero,m,money,pair,311,test
de,Pfad,m,path,pair,312,test
es,vereda,f,path,pair,312,test
de,Vorgehensweise,f,approach,pair,313,test
es,acercamiento,m,approach,pair,313,test
de,Frust,m,frustration,pair,314,test
es,frustración,f,frustration,pair,314,test
de,Dankbarkeit,f,gratitude,pair,315,test
es,agradecimiento,m,gratitude,pair,315,test
de,Bedienung,f,service,pair,316,test
es,servicio,m,service,pair,316,test
de,Wiederaufbau,m,reconstruction,pair,317,test
es,reconstrucción,f,reconstruction,pair,317,test
de,Beerdigung,f,burial,pair,318,test
es,sepelio,m,burial,pair,318,test
de,Anlauf,m,attempt,pair,319,test
es,intentona,f,attempt,pair,319,test
de,Lagerung,f,storage,pair,320,test
es,almacenamiento,m,storage,pair,320,test
de,Abstammung,f,descent,pair,321,test
es,descenso,m,descent,pair,321,test
de,Vorrang,m,precedence,pair,322,test
es,precedencia,f,precedence,pair,322,test
de,Spionage,f,espionage,pair,323,test
es,espionaje,m,espionage,pair,323,test
de,Unzufriedenheit,f,discontent,pair,325,test
es,hartazgo,m,discontent,pair,325,test
de,Schulabschluss,m,graduation,pair,327,test
es,graduación,f,graduation,pair,327,test
de,Abkühlung,f,cooling,pair,328,test
es,enfriamiento,m,cooling,pair,328,test
de,Ausstoß,m,emission,pair,329,test
es,emisión,f,emission,pair,329,test
de,Erkennung,f,recognition,pair,331,test
es,reconocimiento,m,recognition,pair,331,test
de,Bequemlichkeit,f,comfort,pair,334,test
es,confort,m,comfort,pair,334,test
de,Begabung,f,talent,pair,335,test
es,talento,m,talent,pair,335,test
de,Rückschlag,m,setback,pair,337,test
es,regresión,f,setback,pair,337,test
de,Einmarsch,m,invasion,pair,338,test
es,invasión,f,invasion,pair,338,test
de,Speisekarte,f,menu,pair,339,test
es,menú,m,menu,pair,339,test
de,Fundort,m,locality,pair,340,test
es,localidad,f,locality,pair,340,test
de,Trägerschaft,f,sponsorship,pair,341,test
es,patrocinio,m,sponsorship,pair,341,test
de,Gartenbau,m,horticulture,pair,342,test
es,horticultura,f,horticulture,pair,342,test
de,Eheschließung,f,marriage,pair,343,test
es,casamiento,m,marriage,pair,343,test
de,Widerruf,m,revocation,pair,344,test
es,revocación,f,revocation,pair,344,test
de,Stagnation,f,stagnation,pair,346,test
es,estancamiento,m,stagnation,pair,346,test
de,Übergriff,m,intervention,pair,348,test
es,intervención,f,intervention,pair,348,test
de,Akne,f,acne,pair,351,test
es,acné,m,acne,pair,351,test
de,Winterschlaf,m,hibernation,pair,352,test
es,hibernación,f,hibernation,pair,352,test
de,Bluthochdruck,m,hypertension,pair,353,test
es,hipertensión,f,hypertension,pair,353,test
de,Ausrottung,f,extermination,pair,355,test
es,exterminio,m,extermination,pair,355,test
de,Selbstkontrolle,f,self-control,pair,356,test
es,autocontrol,m,self-control,pair,356,test
de,Krebserkrankung,f,cancer,pair,357,test
es,cáncer,m,cancer,pair,357,test
de,Losung,f,slogan,pair,358,test
es,eslogan,m,slogan,pair,358,test
de,Vetternwirtschaft,f,nepotism,pair,359,test
es,nepotismo,m,nepotism,pair,359,test
de,Schieflage,f,imbalance,pair,360,test
es,desequilibrio,m,imbalance,pair,360,test
de,Teelöffel,m,teaspoon,pair,361,test
es,cucharadita,f,teaspoon,pair,361,test
de,Schnittpunkt,m,intersection,pair,362,test
es,intersección,f,intersection,pair,362,test
de,Hemisphäre,f,hemisphere,pair,365,test
es,hemisferio,m,hemisphere,pair,365,test
de,Grünanlage,f,park,pair,370,test
es,parque,m,park,pair,370,test
de,Trugschluss,m,fallacy,pair,371,test
es,falacia,f,fallacy,pair,371,test
de,Fertigkeit,f,skill,pair,375,test
es,tino,m,skill,pair,375,test
de,Überbevölkerung,f,overpopulation,pair,377,test
es,hacinamiento,m,overpopulation,pair,377,test
de,Weinstock,m,grapevine,pair,379,test
es,parra,f,grapevine,pair,379,test
de,Zusammenfluss,m,confluence,pair,383,test
es,confluencia,f,confluence,pair,383,test
de,Aufopferung,f,sacrifice,pair,384,test
es,sacrificio,m,sacrifice,pair,384,test
de,Trillerpfeife,f,whistle,pair,385,test
es,silbato,m,whistle,pair,385,test
de,Glückssache,f,luck,pair,386,test
es,azar,m,luck,pair,386,test
de,Seereise,f,cruise,pair,387,test
es,crucero,m,cruise,pair,387,test
de,Schätzwert,m,valuation,pair,388,test
es,valoración,f,valuation,pair,388,test
de,Pfeil,m,arrow,classic,,test
es,flecha,f,arrow,classic,,test
de,Stiefel,m,boot,classic,,test
es,bota,f,boot,classic,,test
de,Besen,m,broom,classic,,test
es,escoba,f,broom,classic,,test
de,Mond,m,moon,classic,,test
es,luna,f,moon,classic,,test
de,Löffel,m,spoon,classic,,test
es,cuchara,f,spoon,classic,,test
de,Stern,m,star,classic,,test
es,estrella,f,star,classic,,test
de,Kürbis,m,pumpkin,classic,,test
es,calabaza,f,pumpkin,classic,,test
de,Bank,f,bench,classic,,test
es,banco,m,bench,classic,,test
de,Bürste,f,brush,classic,,test
es,cepillo,m,brush,classic,,test
de,Uhr,f,clock,classic,,test
es,reloj,m,clock,classic,,test
de,Scheibe,f,disk,classic,,test
es,disco,m,disk,classic,,test
de,Trommel,f,drum,classic,,test
es,tambor,m,drum,classic,,test
de,Gabel,f,fork,classic,,test
es,tenedor,m,fork,classic,,test
de,Sonne,f,sun,classic,,test
es,sol,m,sun,classic,,test
es,inodoro,m,toilet,classic,,test
de,Geige,f,violin,classic,,test
es,violín,m,violin,classic,,test
de,Schlüssel,m,key,classic,,test
