lang,lemma,gender,concept_en,set,source,en_overlap,sex_assoc,gloss,zipf,verb,verb_frame,ending,override
es,seccional,f,police subdivision in montevideo. there are 24 of them in montevideo,matched,wiktionary:kaikki@2026-10-03,False,,a police subdivision in Montevideo. There are 24 of them in Montevideo,3.05,,,al,
es,señal,f,sign,matched,wiktionary:kaikki@2026-10-03,False,,sign,4.66,,,al,
es,zarzal,m,bramble,matched,wiktionary:kaikki@2026-10-03,False,,bramble,2.06,,,al,
es,pedernal,m,flint,matched,wiktionary:kaikki@2026-10-03,False,,flint,2.53,,,al,
es,pleamar,f,high tide,matched,wiktionary:kaikki@2026-10-03,False,,high tide,2.27,,,ar,
es,bajamar,f,low tide,matched,wiktionary:kaikki@2026-10-03,False,,low tide,2.36,,,ar,
es,azahar,m,orange blossom,matched,wiktionary:kaikki@2026-10-03,False,,orange blossom,2.67,,,ar,
es,almíbar,m,sugar water,matched,wiktionary:kaikki@2026-10-03,False,,sugar water,2.79,,,ar,
es,interfaz,f,interface,matched,wiktionary:kaikki@2026-10-03,False,,interface (the point of interconnection between two entities),3.81,,,az,
es,solaz,m,solace,matched,wiktionary:kaikki@2026-10-03,False,,solace,2.35,,,az,
es,hecatombe,f,slaughter,matched,wiktionary:kaikki@2026-10-03,False,,slaughter; bloodbath,2.63,,,be,
es,urbe,f,metropolis,matched,wiktionary:kaikki@2026-10-03,False,,metropolis; large city,3.35,,,be,
es,nube,f,cloud,matched,wiktionary:kaikki@2026-10-03,False,,cloud,4.08,,,be,
es,aljibe,m,well,matched,wiktionary:kaikki@2026-10-03,False,,"well (for water), cistern, tank, reservoir",2.63,,,be,
es,orbe,m,orb,matched,wiktionary:kaikki@2026-10-03,False,,orb,3.22,,,be,
es,jarabe,m,syrup,matched,wiktionary:kaikki@2026-10-03,False,,syrup,3.4,,,be,
es,sílice,f,silica,matched,wiktionary:kaikki@2026-10-03,False,,silica,2.91,,,ce,
es,hélice,f,helix,matched,wiktionary:kaikki@2026-10-03,False,,helix,3.07,,,ce,
es,percance,m,accident,matched,wiktionary:kaikki@2026-10-03,False,,"accident, mishap",2.9,,,ce,
es,códice,m,codex,matched,wiktionary:kaikki@2026-10-03,False,,codex,3.28,,,ce,
es,efeméride,f,event that is periodically commemorated on its anniversary,matched,wiktionary:kaikki@2026-10-03,False,,event that is periodically commemorated on its anniversary,2.66,,,de,
es,saudade,f,feeling of missing something or someone,matched,wiktionary:kaikki@2026-10-03,False,,the feeling of missing something or someone,2.21,,,de,
es,cúspide,f,peak,matched,wiktionary:kaikki@2026-10-03,False,,peak; zenith,3.21,,,de,
es,pirámide,f,pyramid,matched,wiktionary:kaikki@2026-10-03,False,,pyramid,3.76,,,de,
es,elipsoide,m,ellipsoid,matched,wiktionary:kaikki@2026-10-03,False,,ellipsoid,2.07,,,de,
es,celuloide,m,celluloid,matched,wiktionary:kaikki@2026-10-03,False,,celluloid (variety of thermoplastics),2.7,,,de,
es,monteverde,m,area of subtropical forest found in the canary islands,matched,wiktionary:kaikki@2026-10-03,False,,an area of subtropical forest found in the Canary Islands,2.76,,,de,
es,ábside,m,apse,matched,wiktionary:kaikki@2026-10-03,False,,apse,2.69,,,de,
es,merced,f,mercy,matched,wiktionary:kaikki@2026-10-03,False,,mercy,3.86,,,ed,
es,césped,m,lawn,matched,wiktionary:kaikki@2026-10-03,False,,lawn,3.79,,,ed,
es,hiel,f,bile,matched,wiktionary:kaikki@2026-10-03,False,,bile,2.43,,,el,
es,cárcel,f,prison,matched,wiktionary:kaikki@2026-10-03,False,,prison,4.76,,,el,
es,piel,f,skin,matched,wiktionary:kaikki@2026-10-03,False,,skin,4.8,,,el,
es,carrusel,m,carousel,matched,wiktionary:kaikki@2026-10-03,False,,"carousel, merry-go-round",3.17,,,el,
es,capitel,m,capital,matched,wiktionary:kaikki@2026-10-03,False,,capital; chapiter (uppermost part of a column),2.63,,,el,
es,moscatel,m,muscatel,matched,wiktionary:kaikki@2026-10-03,False,,muscatel,2.47,,,el,
es,sien,f,temple,matched,wiktionary:kaikki@2026-10-03,False,,temple (part of the skull on the side of the forehead),3.14,,,en,
es,culmen,m,height,matched,wiktionary:kaikki@2026-10-03,False,,"height, high point",2.41,,,en,
es,ley,f,law,matched,wiktionary:kaikki@2026-10-03,False,,law (a well-established characteristic of nature),5.6,,,ey,
es,mamey,m,mamey or mammee apple,matched,wiktionary:kaikki@2026-10-03,False,,"the mamey or mammee apple, Mammea americana",2.4,,,ey,
es,catástrofe,f,catastrophe,matched,wiktionary:kaikki@2026-10-03,False,,"catastrophe, disaster",3.77,,,fe,
es,epígrafe,m,epigraph,matched,wiktionary:kaikki@2026-10-03,False,,epigraph,2.88,,,fe,
es,faringe,f,pharynx,matched,wiktionary:kaikki@2026-10-03,False,,pharynx,2.5,,,ge,
es,auge,m,boom,matched,wiktionary:kaikki@2026-10-03,False,,"boom, rise, growth",3.97,,,ge,
es,medianoche,f,midnight,matched,wiktionary:kaikki@2026-10-03,False,,midnight,3.88,,,he,
es,mapache,m,raccoon,matched,wiktionary:kaikki@2026-10-03,False,,raccoon (nocturnal omnivore living in Northern America),2.99,,,he,
es,sífilis,f,syphilis,matched,wiktionary:kaikki@2026-10-03,False,,syphilis,3.17,,,is,
es,profilaxis,f,prophylaxis,matched,wiktionary:kaikki@2026-10-03,False,,prophylaxis,2.72,,,is,
es,bilis,f,bile,matched,wiktionary:kaikki@2026-10-03,False,,bile,3.27,,,is,
es,sintaxis,f,syntax,matched,wiktionary:kaikki@2026-10-03,False,,syntax,3.34,,,is,
es,coxis,m,coccyx,matched,wiktionary:kaikki@2026-10-03,False,,"coccyx, tailbone",2.22,,,is,
es,croquis,m,sketch,matched,wiktionary:kaikki@2026-10-03,False,,a sketch,2.8,,,is,
es,arcoíris,m,rainbow,matched,wiktionary:kaikki@2026-10-03,False,,rainbow,3.04,,,is,
es,raquis,m,rachis,matched,wiktionary:kaikki@2026-10-03,False,,rachis,2.45,,,is,
es,perdiz,f,partridge,matched,wiktionary:kaikki@2026-10-03,False,,partridge,3.15,,,iz,
es,nariz,f,nose,matched,wiktionary:kaikki@2026-10-03,False,,"nose (a protuberance on the face housing the nostrils, which are used to breathe or smell)",4.3,,,iz,
es,cicatriz,f,scar,matched,wiktionary:kaikki@2026-10-03,False,,"scar, cicatrix",3.5,,,iz,
es,directriz,f,guideline,matched,wiktionary:kaikki@2026-10-03,False,,"guideline, guidance, direction",2.91,,,iz,
es,codorniz,f,quail,matched,wiktionary:kaikki@2026-10-03,False,,quail,2.76,,,iz,
es,matiz,m,hue,matched,wiktionary:kaikki@2026-10-03,False,,hue,3.35,,,iz,
es,tamiz,m,sieve,matched,wiktionary:kaikki@2026-10-03,False,,sieve,2.64,,,iz,
es,tapiz,m,tapestry,matched,wiktionary:kaikki@2026-10-03,False,,tapestry,3.06,,,iz,
es,tamariz,m,tamarisk,matched,wiktionary:kaikki@2026-10-03,False,,tamarisk (shrub of the genus Tamarix),2.2,,,iz,
es,cáliz,m,chalice,matched,wiktionary:kaikki@2026-10-03,False,,"chalice, goblet",3.38,,,iz,
es,ingle,f,groin,matched,wiktionary:kaikki@2026-10-03,False,,groin,2.89,,,le,
es,índole,f,type,matched,wiktionary:kaikki@2026-10-03,False,,"type, kind, sort",3.74,,,le,
es,chicle,m,chewing gum,matched,wiktionary:kaikki@2026-10-03,False,,chewing gum,3.57,,,le,
es,tiple,m,treble guitar,matched,wiktionary:kaikki@2026-10-03,False,,"treble guitar, a small plucked stringed instrument of the guitar family, used in the traditional musics of Spain and various Latin American nations",2.34,,,le,
es,vorágine,f,whirlpool,matched,wiktionary:kaikki@2026-10-03,False,,"whirlpool, maelstrom",2.95,,,ne,
es,higiene,f,hygiene,matched,wiktionary:kaikki@2026-10-03,False,,hygiene,3.99,,,ne,
es,carne,f,flesh,matched,wiktionary:kaikki@2026-10-03,False,,"flesh, the soft part of a body which covers the bones",4.83,,,ne,
es,autocine,m,drive-in,matched,wiktionary:kaikki@2026-10-03,False,,drive-in (outdoor cinema),2.24,,,ne,
es,empeine,m,instep,matched,wiktionary:kaikki@2026-10-03,False,,instep,2.27,,,ne,
es,cine,m,cinema,matched,wiktionary:kaikki@2026-10-03,False,,"cinema, moviehouse",4.96,,,ne,
es,hoz,f,sickle,matched,wiktionary:kaikki@2026-10-03,False,,sickle,3.28,,,oz,
es,voz,f,voice,matched,wiktionary:kaikki@2026-10-03,False,,voice,5.2,,,oz,
es,altavoz,m,loudspeaker,matched,wiktionary:kaikki@2026-10-03,False,,"loudspeaker, speaker (an electromechanical transducer that converts an electrical signal into audible sound)",3.35,,,oz,
es,arroz,m,rice,matched,wiktionary:kaikki@2026-10-03,False,,"rice (cereal plants, Oryza sativa of the grass family whose seeds are used as food)",4.39,,,oz,
es,estirpe,f,lineage,matched,wiktionary:kaikki@2026-10-03,False,,lineage,3.12,,,pe,
es,naipe,m,playing card,matched,wiktionary:kaikki@2026-10-03,False,,playing card,2.42,,,pe,
es,podre,f,rot,matched,wiktionary:kaikki@2026-10-03,False,,rot; rotting,3.19,,,re,
es,fiebre,f,fever,matched,wiktionary:kaikki@2026-10-03,False,,fever,4.23,,,re,
es,mugre,f,dirt,matched,wiktionary:kaikki@2026-10-03,False,,"dirt, filth, grease, muck",3.38,,,re,
es,raigambre,f,roots,matched,wiktionary:kaikki@2026-10-03,False,,"roots, root system",2.38,,,re,
es,urdimbre,f,warp,matched,wiktionary:kaikki@2026-10-03,False,,warp (of the weave),2.35,,,re,
es,noviembre,m,november,matched,wiktionary:kaikki@2026-10-03,False,,November,5.16,,,re,
es,catre,m,cot,matched,wiktionary:kaikki@2026-10-03,False,,cot (bed frame),2.74,,,re,
es,pronombre,m,pronoun,matched,wiktionary:kaikki@2026-10-03,False,,pronoun,3.17,,,re,
es,mimbre,m,wicker,matched,wiktionary:kaikki@2026-10-03,False,,wicker,2.86,,,re,
es,semestre,m,semester,matched,wiktionary:kaikki@2026-10-03,False,,semester,4.19,,,re,
es,subclase,f,subclass,matched,wiktionary:kaikki@2026-10-03,False,,subclass,2.43,,,se,
es,acabose,m,be all and end all,matched,wiktionary:kaikki@2026-10-03,False,,be all and end all,2.14,,,se,
es,contraparte,f,counterpart,matched,wiktionary:kaikki@2026-10-03,False,,counterpart,3.42,,,te,
es,sirte,f,sandbar,matched,wiktionary:kaikki@2026-10-03,False,,"sandbar, sandy reef that hinders the floating of ships",2.37,,,te,
es,peste,f,plague,matched,wiktionary:kaikki@2026-10-03,False,,plague,3.75,,,te,
es,muerte,f,death,matched,wiktionary:kaikki@2026-10-03,False,,death (the cessation of life),5.43,,,te,
es,gabinete,m,cabinet,matched,wiktionary:kaikki@2026-10-03,False,,cabinet (all senses),4.34,,,te,
es,brazalete,m,bracelet,matched,wiktionary:kaikki@2026-10-03,False,,bracelet,3.1,,,te,
es,alpiste,m,canary grass,matched,wiktionary:kaikki@2026-10-03,False,,canary grass (Phalaris canariensis),2.48,,,te,
es,poste,m,post,matched,wiktionary:kaikki@2026-10-03,False,,"post (of wood), pole",3.62,,,te,
es,llave,f,key,matched,wiktionary:kaikki@2026-10-03,False,,key (to open doors),4.26,,,ve,
es,bajorrelieve,m,bas relief,matched,wiktionary:kaikki@2026-10-03,False,,bas relief,2.13,,,ve,
es,raíz,f,root,matched,wiktionary:kaikki@2026-10-03,False,,root; root vegetable,4.46,,,íz,
es,jaraíz,m,synonym of lagar,matched,wiktionary:kaikki@2026-10-03,False,,synonym of lagar (“vat in which olives and grapes are pressed”),2.03,,,íz,
es,ensalada,f,salad,regular,wiktionary:kaikki@2026-10-03,False,,salad,3.91,,,,
es,concurrencia,f,concurrence,regular,wiktionary:kaikki@2026-10-03,False,,concurrence,3.53,,,,
es,cuantía,f,quantity,regular,wiktionary:kaikki@2026-10-03,False,,quantity,3.48,,,,
es,ponencia,f,report,regular,wiktionary:kaikki@2026-10-03,False,,"report, presentation, address, speech",3.49,,,,
es,selva,f,jungle,regular,wiktionary:kaikki@2026-10-03,False,,jungle,4.25,,,,
es,mantequilla,f,butter,regular,wiktionary:kaikki@2026-10-03,False,,butter,3.87,,,,
es,consecuencia,f,consequence,regular,wiktionary:kaikki@2026-10-03,False,,consequence,4.71,,,,
es,historiografía,f,historiography,regular,wiktionary:kaikki@2026-10-03,False,,historiography,3.32,,,,
es,sonrisa,f,smile,regular,wiktionary:kaikki@2026-10-03,False,,smile,4.5,,,,
es,economía,f,economy,regular,wiktionary:kaikki@2026-10-03,False,,economy,5.14,,,,
es,manteca,f,fat,regular,wiktionary:kaikki@2026-10-03,False,,"fat, lard",3.69,,,,
es,trascendencia,f,importance,regular,wiktionary:kaikki@2026-10-03,False,,importance,3.61,,,,
es,metáfora,f,metaphor,regular,wiktionary:kaikki@2026-10-03,False,,metaphor (the use of a word or phrase to refer to something other than its literal meaning),3.71,,,,
es,súplica,f,plea,regular,wiktionary:kaikki@2026-10-03,False,,"plea, supplication (appeal, petition, entreaty)",3.0,,,,
es,osadía,f,boldness,regular,wiktionary:kaikki@2026-10-03,False,,"boldness, nerve, guts",3.21,,,,
es,delincuencia,f,crime,regular,wiktionary:kaikki@2026-10-03,False,,"crime, delinquency",4.05,,,,
es,sugerencia,f,suggestion,regular,wiktionary:kaikki@2026-10-03,False,,suggestion,3.94,,,,
es,pasarela,f,catwalk,regular,wiktionary:kaikki@2026-10-03,False,,catwalk,3.43,,,,
es,pulsera,f,bracelet,regular,wiktionary:kaikki@2026-10-03,False,,bracelet,3.49,,,,
es,docencia,f,teaching,regular,wiktionary:kaikki@2026-10-03,False,,teaching,3.72,,,,
es,glándula,f,gland,regular,wiktionary:kaikki@2026-10-03,False,,gland,3.25,,,,
es,venta,f,sale,regular,wiktionary:kaikki@2026-10-03,False,,sale,4.91,,,,
es,dureza,f,hardness,regular,wiktionary:kaikki@2026-10-03,False,,hardness,3.69,,,,
es,fábrica,f,factory,regular,wiktionary:kaikki@2026-10-03,False,,factory,4.47,,,,
es,intendencia,f,management,regular,wiktionary:kaikki@2026-10-03,False,,"management, administration, government",3.65,,,,
es,tarta,f,pie,regular,wiktionary:kaikki@2026-10-03,False,,"pie, tart",3.79,,,,
es,desconfianza,f,mistrust,regular,wiktionary:kaikki@2026-10-03,False,,"mistrust, distrust",3.91,,,,
es,colmena,f,beehive,regular,wiktionary:kaikki@2026-10-03,False,,beehive,3.26,,,,
es,miseria,f,misery,regular,wiktionary:kaikki@2026-10-03,False,,misery,4.23,,,,
es,pascua,f,easter,regular,wiktionary:kaikki@2026-10-03,False,,Easter,3.93,,,,
es,pretemporada,f,preseason,regular,wiktionary:kaikki@2026-10-03,False,,preseason,3.42,,,,
es,psicología,f,psychology,regular,wiktionary:kaikki@2026-10-03,False,,psychology,4.25,,,,
es,tena,f,type of pepper,regular,wiktionary:kaikki@2026-10-03,False,,a type of pepper.,3.14,,,,
es,parrilla,f,grill,regular,wiktionary:kaikki@2026-10-03,False,,grill,3.78,,,,
es,refinería,f,refinery,regular,wiktionary:kaikki@2026-10-03,False,,refinery,3.47,,,,
es,taberna,f,pub,regular,wiktionary:kaikki@2026-10-03,False,,"pub, tavern",3.43,,,,
es,desobediencia,f,disobedience,regular,wiktionary:kaikki@2026-10-03,False,,disobedience,3.5,,,,
es,pastelería,f,pastry shop,regular,wiktionary:kaikki@2026-10-03,False,,"pastry shop, cake shop",3.14,,,,
es,carita,f,smiley,regular,wiktionary:kaikki@2026-10-03,False,,"smiley, emoticon, emoji",3.36,,,,
es,camarilla,f,secret,regular,wiktionary:kaikki@2026-10-03,False,,"a secret, usually sinister, group of conspiring advisors close to the leadership; a cabal",3.12,,,,
es,manzanilla,f,camomile,regular,wiktionary:kaikki@2026-10-03,False,,camomile,3.2,,,,
es,insistencia,f,insistence,regular,wiktionary:kaikki@2026-10-03,False,,insistence,3.61,,,,
es,retaguardia,f,rearguard,regular,wiktionary:kaikki@2026-10-03,False,,rearguard,3.42,,,,
es,conveniencia,f,convenience,regular,wiktionary:kaikki@2026-10-03,False,,convenience,3.81,,,,
es,esencia,f,essence,regular,wiktionary:kaikki@2026-10-03,False,,essence,4.26,,,,
es,farmacia,f,drugstore,regular,wiktionary:kaikki@2026-10-03,False,,"drugstore, pharmacy",3.98,,,,
es,milla,f,english or american mile,regular,wiktionary:kaikki@2026-10-03,False,,English or American mile (a unit of distance equivalent to about 1.6 km),3.64,,,,
es,dictadura,f,dictatorship,regular,wiktionary:kaikki@2026-10-03,False,,dictatorship,4.62,,,,
es,parroquia,f,parish,regular,wiktionary:kaikki@2026-10-03,False,,parish,4.04,,,,
es,comarca,f,district,regular,wiktionary:kaikki@2026-10-03,False,,district,3.95,,,,
es,contaduría,f,bookkeeping,regular,wiktionary:kaikki@2026-10-03,False,,bookkeeping,3.09,,,,
es,biotecnología,f,biotechnology,regular,wiktionary:kaikki@2026-10-03,False,,biotechnology,3.29,,,,
es,floresta,f,woodland,regular,wiktionary:kaikki@2026-10-03,False,,"woodland, greenwood, dell, forest (dense collection of trees)",3.08,,,,
es,discrepancia,f,discrepancy,regular,wiktionary:kaikki@2026-10-03,False,,discrepancy,3.39,,,,
es,tijera,f,scissors,regular,wiktionary:kaikki@2026-10-03,False,,scissors,3.29,,,,
es,pana,f,velour,regular,wiktionary:kaikki@2026-10-03,False,,"velour, corduroy",3.81,,,,
es,proa,f,bow,regular,wiktionary:kaikki@2026-10-03,False,,"bow, prow (front of a boat or ship)",3.48,,,,
es,geología,f,geology,regular,wiktionary:kaikki@2026-10-03,False,,geology (the study of earth and land),3.48,,,,
es,mercadotecnia,f,marketing,regular,wiktionary:kaikki@2026-10-03,False,,"marketing (the promotion, distribution and selling of a product or service)",3.23,,,,
es,librería,f,bookshop,regular,wiktionary:kaikki@2026-10-03,False,,"bookshop, bookstore",3.88,,,,
es,pesadilla,f,nightmare,regular,wiktionary:kaikki@2026-10-03,False,,nightmare,3.98,,,,
es,deuda,f,debt,regular,wiktionary:kaikki@2026-10-03,False,,debt (an obligation to perform for another),4.67,,,,
es,capilla,f,chapel,regular,wiktionary:kaikki@2026-10-03,False,,chapel,4.1,,,,
es,cosita,f,diminutive of cosa,regular,wiktionary:kaikki@2026-10-03,False,,diminutive of cosa,3.48,,,,
es,tribuna,f,gallery,regular,wiktionary:kaikki@2026-10-03,False,,"gallery (uppermost seating area of a theatre, church, hall or auditorium)",3.82,,,,
es,gentileza,f,kindness,regular,wiktionary:kaikki@2026-10-03,False,,kindness,3.21,,,,
es,sigla,f,initial,regular,wiktionary:kaikki@2026-10-03,False,,initial,3.22,,,,
es,etapa,f,stage,regular,wiktionary:kaikki@2026-10-03,False,,"stage, phase",4.69,,,,
es,rada,f,bay,regular,wiktionary:kaikki@2026-10-03,False,,"bay, creek, cove",3.28,,,,
es,manija,f,handle,regular,wiktionary:kaikki@2026-10-03,False,,handle (part of an object that is held),3.39,,,,
es,euforia,f,euphoria,regular,wiktionary:kaikki@2026-10-03,False,,euphoria,3.4,,,,
es,secuela,f,consequence,regular,wiktionary:kaikki@2026-10-03,False,,"consequence, result",3.53,,,,
es,pradera,f,pasture,regular,wiktionary:kaikki@2026-10-03,False,,pasture,3.35,,,,
es,pornografía,f,pornography,regular,wiktionary:kaikki@2026-10-03,False,,pornography,3.72,,,,
es,bandeja,f,tray,regular,wiktionary:kaikki@2026-10-03,False,,"tray, platter (small, typically rectangular or round, flat, and rigid object upon which things are carried)",3.74,,,,
es,joyería,f,jewelry shop / store,regular,wiktionary:kaikki@2026-10-03,False,,jewelry shop / store,3.43,,,,
es,injerencia,f,interference,regular,wiktionary:kaikki@2026-10-03,False,,"interference, meddling",3.42,,,,
es,misoginia,f,misogyny,regular,wiktionary:kaikki@2026-10-03,False,,misogyny,3.08,,,,
es,banqueta,f,footstool,regular,wiktionary:kaikki@2026-10-03,False,,footstool,3.0,,,,
es,zona,f,zone,regular,wiktionary:kaikki@2026-10-03,False,,"zone, district, area",5.28,,,,
es,valija,f,valise,regular,wiktionary:kaikki@2026-10-03,False,,valise,3.18,,,,
es,sacristía,f,sacristy,regular,wiktionary:kaikki@2026-10-03,False,,sacristy (room in a church),3.06,,,,
es,prevalencia,f,prevalence,regular,wiktionary:kaikki@2026-10-03,False,,prevalence,3.37,,,,
es,resiliencia,f,resilience,regular,wiktionary:kaikki@2026-10-03,False,,resilience,3.1,,,,
es,quilla,f,keel,regular,wiktionary:kaikki@2026-10-03,False,,keel,3.04,,,,
es,pulpa,f,soft part of an animal's body,regular,wiktionary:kaikki@2026-10-03,False,,the soft part of an animal's body; flesh,3.35,,,,
es,comitiva,f,company,regular,wiktionary:kaikki@2026-10-03,False,,"company, covey, retinue",3.39,,,,
es,psicoterapia,f,psychotherapy,regular,wiktionary:kaikki@2026-10-03,False,,psychotherapy,3.05,,,,
es,pertenencia,f,belonging,regular,wiktionary:kaikki@2026-10-03,False,,belonging,3.74,,,,
es,lavadora,f,washing machine,regular,wiktionary:kaikki@2026-10-03,False,,"washing machine, washer, wash",3.36,,,,
es,cama,f,bed,regular,wiktionary:kaikki@2026-10-03,False,,bed,4.89,,,,
es,correa,f,belt,regular,wiktionary:kaikki@2026-10-03,False,,"belt, band",4.26,,,,
es,ineficacia,f,ineffectiveness,regular,wiktionary:kaikki@2026-10-03,False,,ineffectiveness,3.12,,,,
es,herejía,f,heresy,regular,wiktionary:kaikki@2026-10-03,False,,heresy,3.23,,,,
es,lotería,f,lottery,regular,wiktionary:kaikki@2026-10-03,False,,lottery,3.83,,,,
es,pulgada,f,english or american inch,regular,wiktionary:kaikki@2026-10-03,False,,English or American inch (a unit of length equal to 2.54 cm),3.24,,,,
es,etnia,f,ethnic group,regular,wiktionary:kaikki@2026-10-03,False,,"ethnic group, ethnicity",3.67,,,,
es,tecnología,f,technology,regular,wiktionary:kaikki@2026-10-03,False,,technology,4.94,,,,
es,epidemia,f,epidemic,regular,wiktionary:kaikki@2026-10-03,False,,an epidemic,3.82,,,,
es,lengua,f,tongue,regular,wiktionary:kaikki@2026-10-03,False,,tongue (organ),4.92,,,,
es,mueca,f,exaggerated facial expression,regular,wiktionary:kaikki@2026-10-03,False,,an exaggerated facial expression,3.12,,,,
es,decencia,f,decency,regular,wiktionary:kaikki@2026-10-03,False,,decency,3.61,,,,
es,reliquia,f,relic,regular,wiktionary:kaikki@2026-10-03,False,,"relic, heirloom",3.35,,,,
es,santamaría,f,roller shutter,regular,wiktionary:kaikki@2026-10-03,False,,roller shutter (to protect shops),3.3,,,,
es,maleza,f,underbrush,regular,wiktionary:kaikki@2026-10-03,False,,underbrush,3.12,,,,
es,coraza,f,cuirass,regular,wiktionary:kaikki@2026-10-03,False,,cuirass,3.02,,,,
es,sociología,f,sociology,regular,wiktionary:kaikki@2026-10-03,False,,sociology,3.87,,,,
es,pedagogía,f,pedagogy,regular,wiktionary:kaikki@2026-10-03,False,,pedagogy,3.74,,,,
es,bombilla,f,light bulb,regular,wiktionary:kaikki@2026-10-03,False,,light bulb,3.32,,,,
es,gaceta,f,gazette,regular,wiktionary:kaikki@2026-10-03,False,,gazette; newspaper,3.6,,,,
es,patología,f,pathology,regular,wiktionary:kaikki@2026-10-03,False,,pathology,3.57,,,,
es,soja,f,soya,regular,wiktionary:kaikki@2026-10-03,False,,"soya, soybean",3.76,,,,
es,demagogia,f,demagogy,regular,wiktionary:kaikki@2026-10-03,False,,demagogy,3.28,,,,
es,tiranía,f,tyranny,regular,wiktionary:kaikki@2026-10-03,False,,tyranny,3.69,,,,
es,ofensa,f,offense,regular,wiktionary:kaikki@2026-10-03,False,,offense,3.65,,,,
es,ermita,f,hermitage,regular,wiktionary:kaikki@2026-10-03,False,,hermitage,3.52,,,,
es,fábula,f,fable,regular,wiktionary:kaikki@2026-10-03,False,,"fable, myth, tale",3.26,,,,
es,creta,f,chalk,regular,wiktionary:kaikki@2026-10-03,False,,chalk (rock),3.07,,,,
es,borrachera,f,drunkenness,regular,wiktionary:kaikki@2026-10-03,False,,drunkenness,3.21,,,,
es,poza,f,puddle,regular,wiktionary:kaikki@2026-10-03,False,,"puddle, pool",3.08,,,,
es,estancia,f,stay,regular,wiktionary:kaikki@2026-10-03,False,,"stay, residence, sojourn",4.2,,,,
es,tubería,f,tubing,regular,wiktionary:kaikki@2026-10-03,False,,"tubing, piping",3.52,,,,
es,cordura,f,sanity,regular,wiktionary:kaikki@2026-10-03,False,,sanity,3.52,,,,
es,pestaña,f,eyelash,regular,wiktionary:kaikki@2026-10-03,False,,eyelash,3.25,,,,
es,infraestructura,f,infrastructure,regular,wiktionary:kaikki@2026-10-03,False,,infrastructure,4.49,,,,
es,toalla,f,towel,regular,wiktionary:kaikki@2026-10-03,False,,towel,3.83,,,,
es,ortografía,f,orthography,regular,wiktionary:kaikki@2026-10-03,False,,orthography,3.88,,,,
es,cortina,f,curtain,regular,wiktionary:kaikki@2026-10-03,False,,curtain,3.84,,,,
es,bombonera,f,sweet jar,regular,wiktionary:kaikki@2026-10-03,False,,sweet jar,3.1,,,,
es,puñalada,f,stab,regular,wiktionary:kaikki@2026-10-03,False,,stab (act of stabbing),3.22,,,,
es,consistencia,f,consistency,regular,wiktionary:kaikki@2026-10-03,False,,consistency,3.63,,,,
es,nicotina,f,nicotine,regular,wiktionary:kaikki@2026-10-03,False,,nicotine (addictive alkaloid derived from tobacco),3.16,,,,
es,cuaresma,f,lent,regular,wiktionary:kaikki@2026-10-03,False,,Lent,3.44,,,,
es,dinastía,f,dynasty,regular,wiktionary:kaikki@2026-10-03,False,,dynasty,3.67,,,,
es,cucharada,f,spoonful,regular,wiktionary:kaikki@2026-10-03,False,,"a spoonful, tablespoon: the quantity held in a tablespoon",3.28,,,,
es,papelería,f,stationery shop / store,regular,wiktionary:kaikki@2026-10-03,False,,"stationery shop / store, stationer's",3.03,,,,
es,comparecencia,f,appearance,regular,wiktionary:kaikki@2026-10-03,False,,appearance (in court),3.24,,,,
es,tierra,f,earth,regular,wiktionary:kaikki@2026-10-03,False,,Earth (planet of the Solar System in which all of humanity resides),5.36,,,,
es,prosa,f,prose,regular,wiktionary:kaikki@2026-10-03,False,,prose,3.71,,,,
es,cabellera,f,hair,regular,wiktionary:kaikki@2026-10-03,False,,"hair, head of hair",3.19,,,,
es,solana,f,strong sunshine,regular,wiktionary:kaikki@2026-10-03,False,,strong sunshine,3.27,,,,
es,crianza,f,upbringing,regular,wiktionary:kaikki@2026-10-03,False,,upbringing,3.7,,,,
es,semilla,f,seed,regular,wiktionary:kaikki@2026-10-03,False,,seed (of a plant),3.9,,,,
es,moraleja,f,moral,regular,wiktionary:kaikki@2026-10-03,False,,moral,3.31,,,,
es,cornisa,f,cornice,regular,wiktionary:kaikki@2026-10-03,False,,cornice,3.12,,,,
es,terminología,f,terminology,regular,wiktionary:kaikki@2026-10-03,False,,terminology,3.58,,,,
es,batista,f,batiste,regular,wiktionary:kaikki@2026-10-03,False,,batiste,3.43,,,,
es,vaina,f,scabbard,regular,wiktionary:kaikki@2026-10-03,False,,"scabbard, sheath",3.88,,,,
es,incompetencia,f,incompetence,regular,wiktionary:kaikki@2026-10-03,False,,incompetence,3.56,,,,
es,hoguera,f,campfire,regular,wiktionary:kaikki@2026-10-03,False,,"campfire, bonfire",3.56,,,,
es,consistorio,m,consistory,regular,wiktionary:kaikki@2026-10-03,False,,consistory,3.13,,,,
es,flujo,m,flow,regular,wiktionary:kaikki@2026-10-03,False,,flow,4.33,,,,
es,establecimiento,m,establishment,regular,wiktionary:kaikki@2026-10-03,False,,establishment,4.37,,,,
es,siglo,m,century,regular,wiktionary:kaikki@2026-10-03,False,,century,5.15,,,,
es,palito,m,stick,regular,wiktionary:kaikki@2026-10-03,False,,"stick (of a lollipop, ice pop, popsicle)",3.24,,,,
es,periodismo,m,journalism,regular,wiktionary:kaikki@2026-10-03,False,,journalism,4.42,,,,
es,aislamiento,m,isolation,regular,wiktionary:kaikki@2026-10-03,False,,isolation,4.06,,,,
es,hato,m,bundle of things,regular,wiktionary:kaikki@2026-10-03,False,,"bundle of things, especially one containing clothes",3.08,,,,
es,aguacero,m,downpour,regular,wiktionary:kaikki@2026-10-03,False,,downpour,3.01,,,,
es,podio,m,podium,regular,wiktionary:kaikki@2026-10-03,False,,podium,3.62,,,,
es,género,m,kind,regular,wiktionary:kaikki@2026-10-03,False,,kind,4.93,,,,
es,naranjo,m,orange tree,regular,wiktionary:kaikki@2026-10-03,False,,orange tree,3.44,,,,
es,protagonismo,m,importance,regular,wiktionary:kaikki@2026-10-03,False,,"importance, prominence",3.77,,,,
es,epílogo,m,epilogue,regular,wiktionary:kaikki@2026-10-03,False,,epilogue,3.17,,,,
es,descrédito,m,discredit,regular,wiktionary:kaikki@2026-10-03,False,,discredit (a degree of dishonour or disesteem),3.03,,,,
es,antídoto,m,antidote,regular,wiktionary:kaikki@2026-10-03,False,,antidote,3.21,,,,
es,encubrimiento,m,cover-up,regular,wiktionary:kaikki@2026-10-03,False,,"cover-up, concealment, whitewash",3.3,,,,
es,delito,m,crime,regular,wiktionary:kaikki@2026-10-03,False,,crime; offense,4.69,,,,
es,arbusto,m,bush,regular,wiktionary:kaikki@2026-10-03,False,,"bush, shrub",3.31,,,,
es,nervio,m,nerve,regular,wiktionary:kaikki@2026-10-03,False,,nerve,3.59,,,,
es,autoritarismo,m,authoritarianism,regular,wiktionary:kaikki@2026-10-03,False,,authoritarianism,3.48,,,,
es,labio,m,lip,regular,wiktionary:kaikki@2026-10-03,False,,lip (fleshy protrusion around the opening of the mouth),3.68,,,,
es,eufemismo,m,euphemism,regular,wiktionary:kaikki@2026-10-03,False,,euphemism,3.15,,,,
es,semáforo,m,traffic light,regular,wiktionary:kaikki@2026-10-03,False,,traffic light,3.56,,,,
es,instituto,m,institute,regular,wiktionary:kaikki@2026-10-03,False,,institute,4.96,,,,
es,orificio,m,orifice,regular,wiktionary:kaikki@2026-10-03,False,,orifice,3.23,,,,
es,cayo,m,key,regular,wiktionary:kaikki@2026-10-03,False,,key (island),3.88,,,,
es,silicio,m,silicon,regular,wiktionary:kaikki@2026-10-03,False,,silicon,3.12,,,,
es,orgullo,m,pride,regular,wiktionary:kaikki@2026-10-03,False,,"pride (arrogance, haughtiness)",4.55,,,,
es,fideicomiso,m,trust,regular,wiktionary:kaikki@2026-10-03,False,,"trust, escrow, fideicommissum",3.37,,,,
es,erario,m,treasury,regular,wiktionary:kaikki@2026-10-03,False,,treasury (public finance),3.36,,,,
es,bizcocho,m,sponge cake,regular,wiktionary:kaikki@2026-10-03,False,,sponge cake,3.21,,,,
es,crucifijo,m,crucifix,regular,wiktionary:kaikki@2026-10-03,False,,crucifix,3.13,,,,
es,lienzo,m,canvas,regular,wiktionary:kaikki@2026-10-03,False,,canvas,3.69,,,,
es,consultorio,m,consulting room,regular,wiktionary:kaikki@2026-10-03,False,,consulting room,3.55,,,,
es,glosario,m,glossary,regular,wiktionary:kaikki@2026-10-03,False,,glossary,3.13,,,,
es,comino,m,cumin,regular,wiktionary:kaikki@2026-10-03,False,,"cumin (plant, spice)",3.15,,,,
es,adoctrinamiento,m,indoctrination,regular,wiktionary:kaikki@2026-10-03,False,,indoctrination (act of indoctrinating),3.08,,,,
es,contrapunto,m,counterpoint,regular,wiktionary:kaikki@2026-10-03,False,,counterpoint,3.19,,,,
es,barrio,m,neighbourhood,regular,wiktionary:kaikki@2026-10-03,False,,neighbourhood,4.85,,,,
es,huerto,m,orchard,regular,wiktionary:kaikki@2026-10-03,False,,orchard,3.62,,,,
es,patrocinio,m,sponsorship,regular,wiktionary:kaikki@2026-10-03,False,,sponsorship,3.61,,,,
es,fósforo,m,phosphorus,regular,wiktionary:kaikki@2026-10-03,False,,phosphorus,3.53,,,,
es,perímetro,m,perimeter,regular,wiktionary:kaikki@2026-10-03,False,,perimeter (the length of the outline of an object),3.61,,,,
es,servicio,m,service,regular,wiktionary:kaikki@2026-10-03,False,,service,5.34,,,,
es,consentimiento,m,consent,regular,wiktionary:kaikki@2026-10-03,False,,consent (voluntary agreement or permission),4.2,,,,
es,aplauso,m,applause,regular,wiktionary:kaikki@2026-10-03,False,,applause (act of applauding),3.79,,,,
es,virreinato,m,viceroyalty,regular,wiktionary:kaikki@2026-10-03,False,,viceroyalty,3.41,,,,
es,susto,m,fright,regular,wiktionary:kaikki@2026-10-03,False,,fright,3.84,,,,
es,califato,m,caliphate,regular,wiktionary:kaikki@2026-10-03,False,,caliphate,3.05,,,,
es,pimiento,m,pepper,regular,wiktionary:kaikki@2026-10-03,False,,pepper (fruit of the capsicum),3.25,,,,
es,diccionario,m,dictionary,regular,wiktionary:kaikki@2026-10-03,False,,"dictionary, wordbook",4.22,,,,
es,ateísmo,m,atheism,regular,wiktionary:kaikki@2026-10-03,False,,atheism,3.24,,,,
es,trapo,m,rag,regular,wiktionary:kaikki@2026-10-03,False,,"rag, piece of cloth used for cleaning, washing or drying (tea towel, dish towel, dish cloth, dust cloth, paper towel)",3.62,,,,
es,olfato,m,smell,regular,wiktionary:kaikki@2026-10-03,False,,"smell, olfaction, sense of smell (sense that detects smells)",3.43,,,,
es,ruido,m,noise,regular,wiktionary:kaikki@2026-10-03,False,,"noise, racket, rattle, clatter, sound (various sounds, usually unwanted)",4.57,,,,
es,año,m,year,regular,wiktionary:kaikki@2026-10-03,False,,year,5.88,,,,
es,agotamiento,m,exhaustion,regular,wiktionary:kaikki@2026-10-03,False,,"exhaustion, depletion",3.48,,,,
es,paño,m,cloth,regular,wiktionary:kaikki@2026-10-03,False,,cloth,3.43,,,,
es,bolso,m,purse,regular,wiktionary:kaikki@2026-10-03,False,,purse,4.01,,,,
es,horóscopo,m,horoscope,regular,wiktionary:kaikki@2026-10-03,False,,horoscope (astrological forecast),3.13,,,,
es,apetito,m,appetite,regular,wiktionary:kaikki@2026-10-03,False,,appetite,3.74,,,,
es,perjuicio,m,detriment,regular,wiktionary:kaikki@2026-10-03,False,,detriment (the opposite of a benefit),3.91,,,,
es,llanto,m,crying,regular,wiktionary:kaikki@2026-10-03,False,,crying,3.81,,,,
es,santuario,m,sanctuary,regular,wiktionary:kaikki@2026-10-03,False,,sanctuary,3.95,,,,
es,diámetro,m,diameter,regular,wiktionary:kaikki@2026-10-03,False,,diameter,4.0,,,,
es,algoritmo,m,algorithm,regular,wiktionary:kaikki@2026-10-03,False,,algorithm,3.61,,,,
es,obelisco,m,obelisk,regular,wiktionary:kaikki@2026-10-03,False,,obelisk,3.32,,,,
es,aeródromo,m,airfield,regular,wiktionary:kaikki@2026-10-03,False,,"airfield, aerodrome, airdrome, landing field (place where airplanes can take off and land)",3.06,,,,
es,potasio,m,potassium,regular,wiktionary:kaikki@2026-10-03,False,,potassium,3.54,,,,
es,conservadurismo,m,conservatism,regular,wiktionary:kaikki@2026-10-03,False,,conservatism,3.18,,,,
es,sésamo,m,sesame,regular,wiktionary:kaikki@2026-10-03,False,,sesame (tropical Asian plant Sesamum indicum),3.12,,,,
es,carbonato,m,carbonate,regular,wiktionary:kaikki@2026-10-03,False,,carbonate,3.07,,,,
es,pepino,m,cucumber,regular,wiktionary:kaikki@2026-10-03,False,,cucumber,3.42,,,,
es,instinto,m,instinct,regular,wiktionary:kaikki@2026-10-03,False,,instinct,3.89,,,,
es,fanatismo,m,fanaticism,regular,wiktionary:kaikki@2026-10-03,False,,fanaticism,3.61,,,,
es,calcio,m,calcium,regular,wiktionary:kaikki@2026-10-03,False,,calcium,3.72,,,,
es,solano,m,nightshade,regular,wiktionary:kaikki@2026-10-03,False,,nightshade,3.55,,,,
es,tobillo,m,ankle,regular,wiktionary:kaikki@2026-10-03,False,,ankle,3.6,,,,
es,fango,m,mud,regular,wiktionary:kaikki@2026-10-03,False,,mud (soil and water),3.28,,,,
es,vocablo,m,word,regular,wiktionary:kaikki@2026-10-03,False,,"word, term",3.24,,,,
es,terremoto,m,earthquake,regular,wiktionary:kaikki@2026-10-03,False,,earthquake,4.19,,,,
es,procedimiento,m,procedure,regular,wiktionary:kaikki@2026-10-03,False,,procedure,4.53,,,,
es,enfrentamiento,m,showdown,regular,wiktionary:kaikki@2026-10-03,False,,"showdown, face-off, matchup, match-up, encounter",4.11,,,,
es,beneplácito,m,consent,regular,wiktionary:kaikki@2026-10-03,False,,"consent, approval, permission",3.14,,,,
es,hospicio,m,hospice,regular,wiktionary:kaikki@2026-10-03,False,,hospice,3.2,,,,
es,sótano,m,cellar,regular,wiktionary:kaikki@2026-10-03,False,,cellar,3.66,,,,
es,éxito,m,success,regular,wiktionary:kaikki@2026-10-03,False,,success,5.08,,,,
es,anteproyecto,m,preliminary plan,regular,wiktionary:kaikki@2026-10-03,False,,a preliminary plan,3.42,,,,
es,revestimiento,m,coating,regular,wiktionary:kaikki@2026-10-03,False,,"coating, cladding",3.21,,,,
es,condominio,m,apartment building,regular,wiktionary:kaikki@2026-10-03,False,,"apartment building, condominium, condo",3.21,,,,
es,homicidio,m,homicide,regular,wiktionary:kaikki@2026-10-03,False,,homicide; manslaughter,4.1,,,,
es,lavabo,m,bathroom sink,regular,wiktionary:kaikki@2026-10-03,False,,"bathroom sink, washbasin",3.18,,,,
es,asesinato,m,assassination,regular,wiktionary:kaikki@2026-10-03,False,,assassination,4.71,,,,
es,pino,m,pine,regular,wiktionary:kaikki@2026-10-03,False,,pine,3.93,,,,
es,mercurio,m,mercury,regular,wiktionary:kaikki@2026-10-03,False,,mercury,3.88,,,,
es,atributo,m,attribute,regular,wiktionary:kaikki@2026-10-03,False,,attribute,3.28,,,,
es,icono,m,icon,regular,wiktionary:kaikki@2026-10-03,False,,"icon (a representation, especially as an object of religious devotion)",3.68,,,,
es,término,m,end,regular,wiktionary:kaikki@2026-10-03,False,,"end, terminus (the terminal point of something in space or time)",4.87,,,,
es,yacimiento,m,deposit,regular,wiktionary:kaikki@2026-10-03,False,,deposit; field or formation,3.51,,,,
es,consenso,m,consensus,regular,wiktionary:kaikki@2026-10-03,False,,consensus,4.15,,,,
es,entretenimiento,m,amusement,regular,wiktionary:kaikki@2026-10-03,False,,amusement,4.17,,,,
es,marzo,m,march,regular,wiktionary:kaikki@2026-10-03,False,,March,5.22,,,,
es,ayuntamiento,m,city council,regular,wiktionary:kaikki@2026-10-03,False,,"city council, town council, council (a corporation or body of magistrates in cities and towns, corresponding to mayor and aldermen)",4.63,,,,
es,comunismo,m,communism,regular,wiktionary:kaikki@2026-10-03,False,,communism,4.03,,,,
es,lino,m,linen,regular,wiktionary:kaikki@2026-10-03,False,,linen,3.58,,,,
es,inventario,m,inventory,regular,wiktionary:kaikki@2026-10-03,False,,inventory,3.84,,,,
es,flanco,m,flank,regular,wiktionary:kaikki@2026-10-03,False,,flank,3.41,,,,
es,sodio,m,sodium,regular,wiktionary:kaikki@2026-10-03,False,,sodium,3.69,,,,
es,grupo,m,group,regular,wiktionary:kaikki@2026-10-03,False,,group,5.58,,,,
es,arquetipo,m,archetype,regular,wiktionary:kaikki@2026-10-03,False,,archetype,3.01,,,,
es,transcurso,m,course,regular,wiktionary:kaikki@2026-10-03,False,,"course, passing",3.95,,,,
es,versículo,m,verse,regular,wiktionary:kaikki@2026-10-03,False,,verse (in the Bible),3.1,,,,
es,periplo,m,round trip,regular,wiktionary:kaikki@2026-10-03,False,,"round trip, journey",3.06,,,,
es,oporto,m,port wine,regular,wiktionary:kaikki@2026-10-03,False,,port wine,3.49,,,,
es,albedrío,m,will,regular,wiktionary:kaikki@2026-10-03,False,,will (intent),3.27,,,,
es,ombligo,m,navel,regular,wiktionary:kaikki@2026-10-03,False,,"navel, belly button (remnant of umbilical cord)",3.51,,,,
es,hallazgo,m,discovery,regular,wiktionary:kaikki@2026-10-03,False,,discovery,3.82,,,,
es,auditorio,m,audience,regular,wiktionary:kaikki@2026-10-03,False,,audience,3.85,,,,
es,bazo,m,spleen,regular,wiktionary:kaikki@2026-10-03,False,,spleen,3.07,,,,
es,razonamiento,m,reasoning,regular,wiktionary:kaikki@2026-10-03,False,,reasoning,3.83,,,,
es,patronato,m,patronage,regular,wiktionary:kaikki@2026-10-03,False,,patronage,3.59,,,,
es,narcotráfico,m,drug trafficking,regular,wiktionary:kaikki@2026-10-03,False,,drug trafficking,4.02,,,,
es,renacimiento,m,rebirth,regular,wiktionary:kaikki@2026-10-03,False,,rebirth,3.89,,,,
es,bocado,m,mouthful,regular,wiktionary:kaikki@2026-10-03,False,,mouthful,3.33,,,,
es,heno,m,hay,regular,wiktionary:kaikki@2026-10-03,False,,hay,3.09,,,,
es,residuo,m,residue,regular,wiktionary:kaikki@2026-10-03,False,,"residue, remainder",3.29,,,,
es,adiestramiento,m,practice,regular,wiktionary:kaikki@2026-10-03,False,,"practice, training",3.19,,,,
es,morbo,m,disease,regular,wiktionary:kaikki@2026-10-03,False,,disease,3.39,,,,
es,secretariado,m,secretariat,regular,wiktionary:kaikki@2026-10-03,False,,secretariat,3.18,,,,
es,tráfico,m,traffic,regular,wiktionary:kaikki@2026-10-03,False,,traffic,4.6,,,,
es,aeropuerto,m,airport,regular,wiktionary:kaikki@2026-10-03,False,,airport,4.75,,,,
es,yeso,m,plaster,regular,wiktionary:kaikki@2026-10-03,False,,"plaster, gesso",3.62,,,,
es,cántico,m,chant,regular,wiktionary:kaikki@2026-10-03,False,,"chant, canticle",3.01,,,,
es,sobrepeso,m,overweight,regular,wiktionary:kaikki@2026-10-03,False,,overweight,3.38,,,,
es,plazo,m,period,regular,wiktionary:kaikki@2026-10-03,False,,"period, phase",4.87,,,,
es,armisticio,m,armistice,regular,wiktionary:kaikki@2026-10-03,False,,armistice,3.1,,,,
es,propósito,m,purpose,regular,wiktionary:kaikki@2026-10-03,False,,purpose,4.76,,,,
es,ángulo,m,angle,regular,wiktionary:kaikki@2026-10-03,False,,angle,4.09,,,,
es,surgimiento,m,emergence,regular,wiktionary:kaikki@2026-10-03,False,,"emergence, rise",3.71,,,,
es,prólogo,m,prologue,regular,wiktionary:kaikki@2026-10-03,False,,prologue,3.76,,,,
es,prado,m,meadow,regular,wiktionary:kaikki@2026-10-03,False,,meadow,3.98,,,,
es,cerezo,m,cherry tree,regular,wiktionary:kaikki@2026-10-03,False,,cherry tree,3.25,,,,
es,patrimonio,m,estate,regular,wiktionary:kaikki@2026-10-03,False,,estate; property,4.57,,,,
es,cerebro,m,brain,regular,wiktionary:kaikki@2026-10-03,False,,brain,4.64,,,,
es,kiosco,m,kiosk,regular,wiktionary:kaikki@2026-10-03,False,,kiosk,3.2,,,,
es,municipio,m,municipality,regular,wiktionary:kaikki@2026-10-03,False,,municipality,4.7,,,,
es,hongo,m,fungus,regular,wiktionary:kaikki@2026-10-03,False,,fungus,3.47,,,,
es,sepulcro,m,sepulchre,regular,wiktionary:kaikki@2026-10-03,False,,sepulchre,3.48,,,,
es,dióxido,m,dioxide,regular,wiktionary:kaikki@2026-10-03,False,,dioxide,3.39,,,,
es,sistema,m,system,exception_ma,wiktionary:kaikki@2026-10-03,False,,system,5.56,,,,
es,problema,m,problem,exception_ma,wiktionary:kaikki@2026-10-03,True,,"problem, issue, challenge (a difficulty or obstacle that has to be dealt with)",5.5,,,,
es,idioma,m,language,exception_ma,wiktionary:kaikki@2026-10-03,False,,language,4.74,,,,
es,clima,m,climate,exception_ma,wiktionary:kaikki@2026-10-03,False,,"climate, weather",4.64,,,,
es,poema,m,poem,exception_ma,wiktionary:kaikki@2026-10-03,False,,poem (literary piece written in verse),4.31,,,,
es,esquema,m,outline,exception_ma,wiktionary:kaikki@2026-10-03,False,,"outline (a general description, a summarizing statement)",4.17,,,,
es,lema,m,motto,exception_ma,wiktionary:kaikki@2026-10-03,False,,motto,4.08,,,,
es,dilema,m,dilemma,exception_ma,wiktionary:kaikki@2026-10-03,True,,"dilemma, quandary",3.79,,,,
es,paradigma,m,paradigm,exception_ma,wiktionary:kaikki@2026-10-03,True,,paradigm,3.75,,,,
es,síntoma,m,symptom,exception_ma,wiktionary:kaikki@2026-10-03,False,,symptom (indicators and characteristics of the presence of something else),3.73,,,,
es,telegrama,m,telegram,exception_ma,wiktionary:kaikki@2026-10-03,True,,telegram,3.61,,,,
es,carisma,m,charisma,exception_ma,wiktionary:kaikki@2026-10-03,True,,charisma,3.54,,,,
es,enigma,m,enigma,exception_ma,wiktionary:kaikki@2026-10-03,True,,"enigma, conundrum (something that is puzzling)",3.51,,,,
es,emblema,m,emblem,exception_ma,wiktionary:kaikki@2026-10-03,True,,emblem,3.5,,,,
es,estigma,m,stigma,exception_ma,wiktionary:kaikki@2026-10-03,True,,stigma,3.45,,,,
es,dogma,m,dogma,exception_ma,wiktionary:kaikki@2026-10-03,True,,dogma,3.38,,,,
es,prisma,m,prism,exception_ma,wiktionary:kaikki@2026-10-03,True,,prism (a polyhedron with parallel ends of the same size and shape),3.32,,,,
es,teorema,m,theorem,exception_ma,wiktionary:kaikki@2026-10-03,False,,theorem,3.27,,,,
es,genoma,m,genome,exception_ma,wiktionary:kaikki@2026-10-03,False,,genome (complete genetic information of an organism),3.14,,,,
es,cromosoma,m,chromosome,exception_ma,wiktionary:kaikki@2026-10-03,False,,chromosome,3.01,,,,
es,panorama,m,scenery,exception_ma,wiktionary:kaikki@2026-10-03,True,,scenery,4.29,,,,
es,crucigrama,m,crossword,exception_ma,wiktionary:kaikki@2026-10-03,False,,crossword,2.64,,,,
es,hematoma,m,bruise,exception_ma,wiktionary:kaikki@2026-10-03,False,,bruise,2.72,,,,
es,ecosistema,m,ecosystem,exception_ma,wiktionary:kaikki@2026-10-03,False,,ecosystem,3.75,,,,
es,drama,m,drama,exception_ma,wiktionary:kaikki@2026-10-03,True,,"drama (genre in art, film, theatre and literature or a work of said genre)",4.45,,,,
es,foto,f,photo,exception_clipping,wiktionary:kaikki@2026-10-03,False,,"photo, photograph",5.34,,,,
es,moto,f,motorcycle,exception_clipping,wiktionary:kaikki@2026-10-03,True,,motorcycle,4.32,,,,clipping sense is tagged abbreviation so the lexicon skipped it; only other sense is rare masculine 'milestone'
es,día,m,day,exception_true,wiktionary:kaikki@2026-10-03,False,,day (any period of 24 hours),5.96,,,,
es,mapa,m,map,exception_true,wiktionary:kaikki@2026-10-03,False,,map (sheet with geographical information on it),4.63,,,,
es,planeta,m,planet,exception_true,wiktionary:kaikki@2026-10-03,True,,planet,4.74,,,,
es,tranvía,m,tram,exception_true,wiktionary:kaikki@2026-10-03,False,,tram,3.49,,,,
es,mediodía,m,noon,exception_true,wiktionary:kaikki@2026-10-03,False,,"noon, midday",4.13,,,,
es,sofá,m,sofa,exception_true,wiktionary:kaikki@2026-10-03,True,,"sofa, couch",3.96,,,,
es,mano,f,hand,exception_true,wiktionary:kaikki@2026-10-03,False,,hand,5.38,,,,masculine is regional slang ('bro'); verb manar 'to flow' is rare; every ordinary sense is feminine
es,lava,f,lava,homograph,wiktionary:kaikki@2026-10-03,True,,lava,3.87,lavar,siempre {w},,
es,manda,f,vow,homograph,wiktionary:kaikki@2026-10-03,False,,vow,4.44,mandar,siempre {w},,
es,figura,f,figure,homograph,wiktionary:kaikki@2026-10-03,False,,figure,4.77,figurar,siempre {w},,
es,grita,f,shouting match,homograph,wiktionary:kaikki@2026-10-03,False,,shouting match,3.98,gritar,siempre {w},,
es,obra,f,work,homograph,wiktionary:kaikki@2026-10-03,False,,work (usually literary or artistic),5.27,obrar,siempre {w},,
es,pila,f,small battery,homograph,wiktionary:kaikki@2026-10-03,False,,small battery,4.04,pilar,siempre {w},,
es,cocina,f,kitchen,homograph,wiktionary:kaikki@2026-10-03,False,,kitchen,4.71,cocinar,siempre {w},,
es,captura,f,capture,homograph,wiktionary:kaikki@2026-10-03,False,,capture,4.25,capturar,siempre {w},,
es,pesca,f,fishing,homograph,wiktionary:kaikki@2026-10-03,False,,fishing,4.32,pescar,siempre {w},,
es,charla,f,talk,homograph,wiktionary:kaikki@2026-10-03,False,,"talk, chat",4.35,charlar,siempre {w},,
es,cancela,f,lattice gate,homograph,wiktionary:kaikki@2026-10-03,False,,lattice gate,3.49,cancelar,siempre {w},,
es,fotografía,f,photograph,homograph,wiktionary:kaikki@2026-10-03,False,,photograph,4.58,fotografiar,siempre {w},,
es,lanza,f,lance,homograph,wiktionary:kaikki@2026-10-03,False,,"lance, spear, glaive",4.34,lanzar,siempre {w},,
es,paga,f,payment,homograph,wiktionary:kaikki@2026-10-03,False,,payment,4.55,pagar,siempre {w},,
es,mejora,f,improvement,homograph,wiktionary:kaikki@2026-10-03,False,,"improvement, improving, amelioration, betterment, refinement",4.43,mejorar,siempre {w},,
es,conciencia,f,awareness,homograph,wiktionary:kaikki@2026-10-03,False,,awareness (state of knowing something),4.76,concienciar,siempre {w},,
es,falla,f,flaw,homograph,wiktionary:kaikki@2026-10-03,False,,flaw,4.31,fallar,siempre {w},,
es,etiqueta,f,label,homograph,wiktionary:kaikki@2026-10-03,False,,"label, tag",4.18,etiquetar,siempre {w},,
es,evidencia,f,evidence,homograph,wiktionary:kaikki@2026-10-03,False,,evidence,4.66,evidenciar,siempre {w},,
es,nota,f,note,homograph,wiktionary:kaikki@2026-10-03,False,,"note, memo",5.09,notar,siempre {w},,
es,muda,f,change,homograph,wiktionary:kaikki@2026-10-03,False,,"a change (of clothes, especially underpants)",3.71,mudar,siempre {w},,
es,renuncia,f,resignation,homograph,wiktionary:kaikki@2026-10-03,False,,resignation,4.39,renunciar,siempre {w},,
es,marcha,f,march,homograph,wiktionary:kaikki@2026-10-03,True,,march,4.94,marchar,siempre {w},,
es,escuela,f,school,homograph,wiktionary:kaikki@2026-10-03,False,,school (an institution dedicated to teaching and learning),5.26,escolar,siempre {w},,
es,cuelga,f,hanging,homograph,wiktionary:kaikki@2026-10-03,False,,hanging (especially of dried fruit),3.63,colgar,siempre {w},,
es,toma,f,conquest,homograph,wiktionary:kaikki@2026-10-03,False,,"conquest, capture, taking, takeover",5.01,tomar,siempre {w},,
es,firma,f,signature,homograph,wiktionary:kaikki@2026-10-03,False,,signature,4.66,firmar,siempre {w},,
es,quema,f,fire,homograph,wiktionary:kaikki@2026-10-03,False,,fire; flame,4.07,quemar,siempre {w},,
es,tortura,f,torture,homograph,wiktionary:kaikki@2026-10-03,False,,torture (intentional causing of somebody experiencing agony),4.13,torturar,siempre {w},,
es,reforma,f,reform,homograph,wiktionary:kaikki@2026-10-03,True,,"reform (the change of something that is defective, broken, inefficient or otherwise negative)",4.89,reformar,siempre {w},,
es,recarga,f,charge,homograph,wiktionary:kaikki@2026-10-03,False,,charge,3.45,recargar,siempre {w},,
es,mancha,f,spot,homograph,wiktionary:kaikki@2026-10-03,False,,spot; stain,4.25,manchar,siempre {w},,
es,entrevista,f,interview,homograph,wiktionary:kaikki@2026-10-03,False,,interview,4.83,entrevistar,siempre {w},,
es,estrena,f,gift,homograph,wiktionary:kaikki@2026-10-03,False,,"gift, present given as a token of some pleasure, happiness, or benefit received",3.62,estrenar,siempre {w},,
es,rebaja,f,sale,homograph,wiktionary:kaikki@2026-10-03,False,,sale (a selling of goods at reduced prices),3.53,rebajar,siempre {w},,
es,potencia,f,power,homograph,wiktionary:kaikki@2026-10-03,False,,"power, potency",4.48,potenciar,siempre {w},,
es,diferencia,f,difference,homograph,wiktionary:kaikki@2026-10-03,False,,difference,5.07,diferenciar,siempre {w},,
es,censura,f,censure,homograph,wiktionary:kaikki@2026-10-03,False,,censure,4.27,censurar,siempre {w},,
es,gira,f,tour,homograph,wiktionary:kaikki@2026-10-03,False,,tour (a journey through a list of places),4.46,girar,siempre {w},,
es,tapa,f,lid,homograph,wiktionary:kaikki@2026-10-03,False,,"lid, cap (the top or cover of a container)",4.13,tapar,siempre {w},,
es,relato,m,story,homograph,wiktionary:kaikki@2026-10-03,False,,story,4.38,relatar,siempre {w},,
es,envío,m,shipment,homograph,wiktionary:kaikki@2026-10-03,False,,"shipment, sending",4.26,enviar,siempre {w},,
es,progreso,m,progress,homograph,wiktionary:kaikki@2026-10-03,False,,"progress, headway, advancement",4.49,progresar,siempre {w},,
es,desafío,m,challenge,homograph,wiktionary:kaikki@2026-10-03,False,,challenge,4.24,desafiar,siempre {w},,
es,paro,m,stop,homograph,wiktionary:kaikki@2026-10-03,False,,"stop, stagnation (action of stopping)",4.5,parar,siempre {w},,
es,secuestro,m,kidnapping,homograph,wiktionary:kaikki@2026-10-03,False,,kidnapping,4.15,secuestrar,siempre {w},,
es,estreno,m,premiere,homograph,wiktionary:kaikki@2026-10-03,False,,premiere,4.28,estrenar,siempre {w},,
es,arresto,m,arrest,homograph,wiktionary:kaikki@2026-10-03,True,,arrest,4.09,arrestar,siempre {w},,
es,aprecio,m,appreciation,homograph,wiktionary:kaikki@2026-10-03,False,,appreciation,3.96,apreciar,siempre {w},,
es,corro,m,ring,homograph,wiktionary:kaikki@2026-10-03,False,,"ring, circle (of people, held hand to hand)",3.51,correr,siempre {w},,
es,espino,m,hawthorn,homograph,wiktionary:kaikki@2026-10-03,False,,"hawthorn, buckthorn",3.16,espinar,siempre {w},,
es,noto,m,southerly,homograph,wiktionary:kaikki@2026-10-03,False,,southerly,3.67,notar,siempre {w},,
es,retrato,m,portrait,homograph,wiktionary:kaikki@2026-10-03,False,,portrait,4.17,retratar,siempre {w},,
es,pelo,m,hair,homograph,wiktionary:kaikki@2026-10-03,False,,hair (a single hair),4.82,pelar,siempre {w},,
es,veto,m,veto,homograph,wiktionary:kaikki@2026-10-03,True,,veto,3.5,vetar,siempre {w},,
es,desalojo,m,eviction,homograph,wiktionary:kaikki@2026-10-03,False,,eviction,3.53,desalojar,siempre {w},,
es,reparo,m,qualm,homograph,wiktionary:kaikki@2026-10-03,False,,"qualm, objection, cavil, demur, compunction",3.12,reparar,siempre {w},,
es,daño,m,damage,homograph,wiktionary:kaikki@2026-10-03,False,,damage,4.88,dañar,siempre {w},,
es,saludo,m,greeting,homograph,wiktionary:kaikki@2026-10-03,False,,"greeting, greetings",4.48,saludar,siempre {w},,
es,tiro,m,throw,homograph,wiktionary:kaikki@2026-10-03,False,,throw (the act of throwing something),4.62,tirar,siempre {w},,
es,fundo,m,country estate,homograph,wiktionary:kaikki@2026-10-03,False,,"country estate, farm",3.21,fundar,siempre {w},,
es,repaso,m,review,homograph,wiktionary:kaikki@2026-10-03,False,,"review, revision",3.56,repasar,siempre {w},,
es,invento,m,invention,homograph,wiktionary:kaikki@2026-10-03,False,,invention,3.9,inventar,siempre {w},,
es,miro,m,portia tree,homograph,wiktionary:kaikki@2026-10-03,False,,portia tree (Thespesia populnea),4.18,mirar,siempre {w},,
es,inicio,m,start,homograph,wiktionary:kaikki@2026-10-03,False,,"start, initiation",4.83,iniciar,siempre {w},,
es,apuro,m,difficulty,homograph,wiktionary:kaikki@2026-10-03,False,,"difficulty, predicament",3.56,apurar,siempre {w},,
es,grito,m,cry,homograph,wiktionary:kaikki@2026-10-03,False,,"a cry, a yell, a scream, a growl",4.28,gritar,siempre {w},,
es,desecho,m,waste,homograph,wiktionary:kaikki@2026-10-03,False,,"waste, trash",3.16,desechar,siempre {w},,
es,uso,m,use,homograph,wiktionary:kaikki@2026-10-03,False,,use,5.38,usar,siempre {w},,
es,retraso,m,delay,homograph,wiktionary:kaikki@2026-10-03,False,,delay,4.09,retrasar,siempre {w},,
es,canto,m,singing,homograph,wiktionary:kaikki@2026-10-03,False,,singing,4.36,cantar,siempre {w},,
es,descargo,m,unloading,homograph,wiktionary:kaikki@2026-10-03,False,,unloading,3.33,descargar,siempre {w},,
es,velo,m,veil,homograph,wiktionary:kaikki@2026-10-03,False,wordnet:garment.n.01,"veil (something hung up or spread out to hide or protect the face, or hide an object from view; usually of a diaphanous material)",3.85,velar,siempre {w},,
es,centro,m,center,homograph,wiktionary:kaikki@2026-10-03,True,,center,5.44,centrar,siempre {w},,
es,respeto,m,respect,homograph,wiktionary:kaikki@2026-10-03,False,,respect,4.97,respetar,siempre {w},,
es,almuerzo,m,lunch,homograph,wiktionary:kaikki@2026-10-03,False,,lunch,4.16,almorzar,siempre {w},,
es,camino,m,way,homograph,wiktionary:kaikki@2026-10-03,False,,"way, route",5.28,caminar,siempre {w},,
es,mojo,m,type of sauce from the canary islands made from oil and vinegar,homograph,wiktionary:kaikki@2026-10-03,True,,"a type of sauce from the Canary Islands made from oil and vinegar, to which various herbs and spices are added",3.21,mojar,siempre {w},,
es,reclamo,m,complaint,homograph,wiktionary:kaikki@2026-10-03,False,,complaint,4.05,reclamar,siempre {w},,
es,acierto,m,correct answer,homograph,wiktionary:kaikki@2026-10-03,False,,correct answer,3.69,acertar,siempre {w},,
