stem,form_a,form_o,split,source
flitr,flitra,flitro,test,generated; absent from es Wiktionary + zero wordfreq in es/en/pt/it/fr/de
trubr,trubra,trubro,test,generated; absent from es Wiktionary + zero wordfreq in es/en/pt/it/fr/de
brord,brorda,brordo,test,generated; absent from es Wiktionary + zero wordfreq in es/en/pt/it/fr/de
plusn,plusna,plusno,train,generated; absent from es Wiktionary + zero wordfreq in es/en/pt/it/fr/de
grirt,grirta,grirto,test,generated; absent from es Wiktionary + zero wordfreq in es/en/pt/it/fr/de
bipl,bipla,biplo,train,generated; absent from es Wiktionary + zero wordfreq in es/en/pt/it/fr/de
pals,palsa,palso,train,generated; absent from es Wiktionary + zero wordfreq in es/en/pt/it/fr/de
grorf,grorfa,grorfo,train,generated; absent from es Wiktionary + zero wordfreq in es/en/pt/it/fr/de
chetr,chetra,chetro,test,generated; absent from es Wiktionary + zero wordfreq in es/en/pt/it/fr/de
chunv,chunva,chunvo,train,generated; absent from es Wiktionary + zero wordfreq in es/en/pt/it/fr/de
glidr,glidra,glidro,train,generated; absent from es Wiktionary + zero wordfreq in es/en/pt/it/fr/de
penf,penfa,penfo,test,generated; absent from es Wiktionary + zero wordfreq in es/en/pt/it/fr/de
plof,plofa,plofo,test,generated; absent from es Wiktionary + zero wordfreq in es/en/pt/it/fr/de
flil,flila,flilo,train,generated; absent from es Wiktionary + zero wordfreq in es/en/pt/it/fr/de
frip,fripa,fripo,test,generated; absent from es Wiktionary + zero wordfreq in es/en/pt/it/fr/de
brols,brolsa,brolso,test,generated; absent from es Wiktionary + zero wordfreq in es/en/pt/it/fr/de
berch,bercha,bercho,train,generated; absent from es Wiktionary + zero wordfreq in es/en/pt/it/fr/de
lurv,lurva,lurvo,test,generated; absent from es Wiktionary + zero wordfreq in es/en/pt/it/fr/de
prast,prasta,prasto,test,generated; absent from es Wiktionary + zero wordfreq in es/en/pt/it/fr/de
nilp,nilpa,nilpo,train,generated; absent from es Wiktionary + zero wordfreq in es/en/pt/it/fr/de
frorf,frorfa,frorfo,test,generated; absent from es Wiktionary + zero wordfreq in es/en/pt/it/fr/de
grelv,grelva,grelvo,train,generated; absent from es Wiktionary + zero wordfreq in es/en/pt/it/fr/de
fruf,frufa,frufo,train,generated; absent from es Wiktionary + zero wordfreq in es/en/pt/it/fr/de
gilp,gilpa,gilpo,test,generated; absent from es Wiktionary + zero wordfreq in es/en/pt/it/fr/de
plurb,plurba,plurbo,train,generated; absent from es Wiktionary + zero wordfreq in es/en/pt/it/fr/de
glirs,glirsa,glirso,test,generated; absent from es Wiktionary + zero wordfreq in es/en/pt/it/fr/de
ginf,ginfa,ginfo,test,generated; absent from es Wiktionary + zero wordfreq in es/en/pt/it/fr/de
frelv,frelva,frelvo,train,generated; absent from es Wiktionary + zero wordfreq in es/en/pt/it/fr/de
crurch,crurcha,crurcho,test,generated; absent from es Wiktionary + zero wordfreq in es/en/pt/it/fr/de
rord,rorda,rordo,test,generated; absent from es Wiktionary + zero wordfreq in es/en/pt/it/fr/de
frabr,frabra,frabro,test,generated; absent from es Wiktionary + zero wordfreq in es/en/pt/it/fr/de
prols,prolsa,prolso,train,generated; absent from es Wiktionary + zero wordfreq in es/en/pt/it/fr/de
crurb,crurba,crurbo,test,generated; absent from es Wiktionary + zero wordfreq in es/en/pt/it/fr/de
denf,denfa,denfo,train,generated; absent from es Wiktionary + zero wordfreq in es/en/pt/it/fr/de
dunch,duncha,duncho,train,generated; absent from es Wiktionary + zero wordfreq in es/en/pt/it/fr/de
mopr,mopra,mopro,test,generated; absent from es Wiktionary + zero wordfreq in es/en/pt/it/fr/de
drart,drarta,drarto,train,generated; absent from es Wiktionary + zero wordfreq in es/en/pt/it/fr/de
plulp,plulpa,plulpo,test,generated; absent from es Wiktionary + zero wordfreq in es/en/pt/it/fr/de
jif,jifa,jifo,test,generated; absent from es Wiktionary + zero wordfreq in es/en/pt/it/fr/de
flidr,flidra,flidro,test,generated; absent from es Wiktionary + zero wordfreq in es/en/pt/it/fr/de
crobr,crobra,crobro,test,generated; absent from es Wiktionary + zero wordfreq in es/en/pt/it/fr/de
prelt,prelta,prelto,test,generated; absent from es Wiktionary + zero wordfreq in es/en/pt/it/fr/de
crerd,crerda,crerdo,train,generated; absent from es Wiktionary + zero wordfreq in es/en/pt/it/fr/de
drirb,drirba,drirbo,train,generated; absent from es Wiktionary + zero wordfreq in es/en/pt/it/fr/de
clest,clesta,clesto,test,generated; absent from es Wiktionary + zero wordfreq in es/en/pt/it/fr/de
misp,mispa,mispo,train,generated; absent from es Wiktionary + zero wordfreq in es/en/pt/it/fr/de
bodr,bodra,bodro,test,generated; absent from es Wiktionary + zero wordfreq in es/en/pt/it/fr/de
drest,dresta,dresto,test,generated; absent from es Wiktionary + zero wordfreq in es/en/pt/it/fr/de
mubl,mubla,mublo,train,generated; absent from es Wiktionary + zero wordfreq in es/en/pt/it/fr/de
chosl,chosla,choslo,train,generated; absent from es Wiktionary + zero wordfreq in es/en/pt/it/fr/de
pritr,pritra,pritro,train,generated; absent from es Wiktionary + zero wordfreq in es/en/pt/it/fr/de
bralv,bralva,bralvo,test,generated; absent from es Wiktionary + zero wordfreq in es/en/pt/it/fr/de
luns,lunsa,lunso,train,generated; absent from es Wiktionary + zero wordfreq in es/en/pt/it/fr/de
frerl,frerla,frerlo,test,generated; absent from es Wiktionary + zero wordfreq in es/en/pt/it/fr/de
brirb,brirba,brirbo,test,generated; absent from es Wiktionary + zero wordfreq in es/en/pt/it/fr/de
trinv,trinva,trinvo,test,generated; absent from es Wiktionary + zero wordfreq in es/en/pt/it/fr/de
bruch,brucha,brucho,test,generated; absent from es Wiktionary + zero wordfreq in es/en/pt/it/fr/de
fluls,flulsa,flulso,train,generated; absent from es Wiktionary + zero wordfreq in es/en/pt/it/fr/de
glirb,glirba,glirbo,test,generated; absent from es Wiktionary + zero wordfreq in es/en/pt/it/fr/de
glop,glopa,glopo,train,generated; absent from es Wiktionary + zero wordfreq in es/en/pt/it/fr/de
girb,girba,girbo,train,generated; absent from es Wiktionary + zero wordfreq in es/en/pt/it/fr/de
lalp,lalpa,lalpo,test,generated; absent from es Wiktionary + zero wordfreq in es/en/pt/it/fr/de
cunv,cunva,cunvo,train,generated; absent from es Wiktionary + zero wordfreq in es/en/pt/it/fr/de
nalch,nalcha,nalcho,test,generated; absent from es Wiktionary + zero wordfreq in es/en/pt/it/fr/de
glirf,glirfa,glirfo,test,generated; absent from es Wiktionary + zero wordfreq in es/en/pt/it/fr/de
bripr,bripra,bripro,test,generated; absent from es Wiktionary + zero wordfreq in es/en/pt/it/fr/de
narch,narcha,narcho,test,generated; absent from es Wiktionary + zero wordfreq in es/en/pt/it/fr/de
cunch,cuncha,cuncho,test,generated; absent from es Wiktionary + zero wordfreq in es/en/pt/it/fr/de
blolb,blolba,blolbo,test,generated; absent from es Wiktionary + zero wordfreq in es/en/pt/it/fr/de
plosn,plosna,plosno,test,generated; absent from es Wiktionary + zero wordfreq in es/en/pt/it/fr/de
leld,lelda,leldo,train,generated; absent from es Wiktionary + zero wordfreq in es/en/pt/it/fr/de
drinv,drinva,drinvo,train,generated; absent from es Wiktionary + zero wordfreq in es/en/pt/it/fr/de
clilv,clilva,clilvo,train,generated; absent from es Wiktionary + zero wordfreq in es/en/pt/it/fr/de
flesp,flespa,flespo,test,generated; absent from es Wiktionary + zero wordfreq in es/en/pt/it/fr/de
glird,glirda,glirdo,test,generated; absent from es Wiktionary + zero wordfreq in es/en/pt/it/fr/de
cenv,cenva,cenvo,train,generated; absent from es Wiktionary + zero wordfreq in es/en/pt/it/fr/de
brurf,brurfa,brurfo,test,generated; absent from es Wiktionary + zero wordfreq in es/en/pt/it/fr/de
draf,drafa,drafo,test,generated; absent from es Wiktionary + zero wordfreq in es/en/pt/it/fr/de
flust,flusta,flusto,train,generated; absent from es Wiktionary + zero wordfreq in es/en/pt/it/fr/de
plult,plulta,plulto,train,generated; absent from es Wiktionary + zero wordfreq in es/en/pt/it/fr/de
fotr,fotra,fotro,test,generated; absent from es Wiktionary + zero wordfreq in es/en/pt/it/fr/de
dibl,dibla,diblo,test,generated; absent from es Wiktionary + zero wordfreq in es/en/pt/it/fr/de
brap,brapa,brapo,train,generated; absent from es Wiktionary + zero wordfreq in es/en/pt/it/fr/de
pranv,pranva,pranvo,train,generated; absent from es Wiktionary + zero wordfreq in es/en/pt/it/fr/de
pralb,pralba,pralbo,test,generated; absent from es Wiktionary + zero wordfreq in es/en/pt/it/fr/de
flalch,flalcha,flalcho,train,generated; absent from es Wiktionary + zero wordfreq in es/en/pt/it/fr/de
frud,fruda,frudo,train,generated; absent from es Wiktionary + zero wordfreq in es/en/pt/it/fr/de
jilf,jilfa,jilfo,train,generated; absent from es Wiktionary + zero wordfreq in es/en/pt/it/fr/de
jusp,juspa,juspo,train,generated; absent from es Wiktionary + zero wordfreq in es/en/pt/it/fr/de
dranf,dranfa,dranfo,train,generated; absent from es Wiktionary + zero wordfreq in es/en/pt/it/fr/de
cluns,clunsa,clunso,test,generated; absent from es Wiktionary + zero wordfreq in es/en/pt/it/fr/de
gelt,gelta,gelto,test,generated; absent from es Wiktionary + zero wordfreq in es/en/pt/it/fr/de
prasp,praspa,praspo,train,generated; absent from es Wiktionary + zero wordfreq in es/en/pt/it/fr/de
flors,florsa,florso,train,generated; absent from es Wiktionary + zero wordfreq in es/en/pt/it/fr/de
gulv,gulva,gulvo,test,generated; absent from es Wiktionary + zero wordfreq in es/en/pt/it/fr/de
crerp,crerpa,crerpo,test,generated; absent from es Wiktionary + zero wordfreq in es/en/pt/it/fr/de
frurb,frurba,frurbo,test,generated; absent from es Wiktionary + zero wordfreq in es/en/pt/it/fr/de
mubr,mubra,mubro,train,generated; absent from es Wiktionary + zero wordfreq in es/en/pt/it/fr/de
clobl,clobla,cloblo,test,generated; absent from es Wiktionary + zero wordfreq in es/en/pt/it/fr/de
punf,punfa,punfo,train,generated; absent from es Wiktionary + zero wordfreq in es/en/pt/it/fr/de
glurl,glurla,glurlo,train,generated; absent from es Wiktionary + zero wordfreq in es/en/pt/it/fr/de
plorv,plorva,plorvo,test,generated; absent from es Wiktionary + zero wordfreq in es/en/pt/it/fr/de
prerb,prerba,prerbo,test,generated; absent from es Wiktionary + zero wordfreq in es/en/pt/it/fr/de
gilf,gilfa,gilfo,train,generated; absent from es Wiktionary + zero wordfreq in es/en/pt/it/fr/de
glelch,glelcha,glelcho,train,generated; absent from es Wiktionary + zero wordfreq in es/en/pt/it/fr/de
carch,carcha,carcho,train,generated; absent from es Wiktionary + zero wordfreq in es/en/pt/it/fr/de
drarn,drarna,drarno,test,generated; absent from es Wiktionary + zero wordfreq in es/en/pt/it/fr/de
prilp,prilpa,prilpo,test,generated; absent from es Wiktionary + zero wordfreq in es/en/pt/it/fr/de
brens,brensa,brenso,test,generated; absent from es Wiktionary + zero wordfreq in es/en/pt/it/fr/de
menv,menva,menvo,train,generated; absent from es Wiktionary + zero wordfreq in es/en/pt/it/fr/de
trord,trorda,trordo,train,generated; absent from es Wiktionary + zero wordfreq in es/en/pt/it/fr/de
glart,glarta,glarto,test,generated; absent from es Wiktionary + zero wordfreq in es/en/pt/it/fr/de
trels,trelsa,trelso,test,generated; absent from es Wiktionary + zero wordfreq in es/en/pt/it/fr/de
frind,frinda,frindo,train,generated; absent from es Wiktionary + zero wordfreq in es/en/pt/it/fr/de
tird,tirda,tirdo,test,generated; absent from es Wiktionary + zero wordfreq in es/en/pt/it/fr/de
brerb,brerba,brerbo,train,generated; absent from es Wiktionary + zero wordfreq in es/en/pt/it/fr/de
flutr,flutra,flutro,train,generated; absent from es Wiktionary + zero wordfreq in es/en/pt/it/fr/de
chenf,chenfa,chenfo,train,generated; absent from es Wiktionary + zero wordfreq in es/en/pt/it/fr/de
pisl,pisla,pislo,train,generated; absent from es Wiktionary + zero wordfreq in es/en/pt/it/fr/de
gers,gersa,gerso,train,generated; absent from es Wiktionary + zero wordfreq in es/en/pt/it/fr/de
creb,creba,crebo,test,generated; absent from es Wiktionary + zero wordfreq in es/en/pt/it/fr/de
blesl,blesla,bleslo,test,generated; absent from es Wiktionary + zero wordfreq in es/en/pt/it/fr/de
guv,guva,guvo,train,generated; absent from es Wiktionary + zero wordfreq in es/en/pt/it/fr/de
drint,drinta,drinto,train,generated; absent from es Wiktionary + zero wordfreq in es/en/pt/it/fr/de
gonch,goncha,goncho,train,generated; absent from es Wiktionary + zero wordfreq in es/en/pt/it/fr/de
rals,ralsa,ralso,test,generated; absent from es Wiktionary + zero wordfreq in es/en/pt/it/fr/de
dals,dalsa,dalso,test,generated; absent from es Wiktionary + zero wordfreq in es/en/pt/it/fr/de
drurl,drurla,drurlo,train,generated; absent from es Wiktionary + zero wordfreq in es/en/pt/it/fr/de
vilv,vilva,vilvo,test,generated; absent from es Wiktionary + zero wordfreq in es/en/pt/it/fr/de
clich,clicha,clicho,train,generated; absent from es Wiktionary + zero wordfreq in es/en/pt/it/fr/de
flant,flanta,flanto,test,generated; absent from es Wiktionary + zero wordfreq in es/en/pt/it/fr/de
pratr,pratra,pratro,test,generated; absent from es Wiktionary + zero wordfreq in es/en/pt/it/fr/de
dalb,dalba,dalbo,train,generated; absent from es Wiktionary + zero wordfreq in es/en/pt/it/fr/de
drolt,drolta,drolto,test,generated; absent from es Wiktionary + zero wordfreq in es/en/pt/it/fr/de
prodr,prodra,prodro,test,generated; absent from es Wiktionary + zero wordfreq in es/en/pt/it/fr/de
sarf,sarfa,sarfo,test,generated; absent from es Wiktionary + zero wordfreq in es/en/pt/it/fr/de
fasp,faspa,faspo,test,generated; absent from es Wiktionary + zero wordfreq in es/en/pt/it/fr/de
flepr,flepra,flepro,train,generated; absent from es Wiktionary + zero wordfreq in es/en/pt/it/fr/de
nalp,nalpa,nalpo,test,generated; absent from es Wiktionary + zero wordfreq in es/en/pt/it/fr/de
flepl,flepla,fleplo,train,generated; absent from es Wiktionary + zero wordfreq in es/en/pt/it/fr/de
resn,resna,resno,train,generated; absent from es Wiktionary + zero wordfreq in es/en/pt/it/fr/de
ralp,ralpa,ralpo,train,generated; absent from es Wiktionary + zero wordfreq in es/en/pt/it/fr/de
cibr,cibra,cibro,test,generated; absent from es Wiktionary + zero wordfreq in es/en/pt/it/fr/de
plasp,plaspa,plaspo,test,generated; absent from es Wiktionary + zero wordfreq in es/en/pt/it/fr/de
flurd,flurda,flurdo,train,generated; absent from es Wiktionary + zero wordfreq in es/en/pt/it/fr/de
plusl,plusla,pluslo,train,generated; absent from es Wiktionary + zero wordfreq in es/en/pt/it/fr/de
surv,surva,survo,test,generated; absent from es Wiktionary + zero wordfreq in es/en/pt/it/fr/de
talch,talcha,talcho,train,generated; absent from es Wiktionary + zero wordfreq in es/en/pt/it/fr/de
valb,valba,valbo,train,generated; absent from es Wiktionary + zero wordfreq in es/en/pt/it/fr/de
blis,blisa,bliso,test,generated; absent from es Wiktionary + zero wordfreq in es/en/pt/it/fr/de
crurp,crurpa,crurpo,test,generated; absent from es Wiktionary + zero wordfreq in es/en/pt/it/fr/de
drirt,drirta,drirto,train,generated; absent from es Wiktionary + zero wordfreq in es/en/pt/it/fr/de
bosp,bospa,bospo,test,generated; absent from es Wiktionary + zero wordfreq in es/en/pt/it/fr/de
blals,blalsa,blalso,train,generated; absent from es Wiktionary + zero wordfreq in es/en/pt/it/fr/de
rusl,rusla,ruslo,train,generated; absent from es Wiktionary + zero wordfreq in es/en/pt/it/fr/de
glef,glefa,glefo,test,generated; absent from es Wiktionary + zero wordfreq in es/en/pt/it/fr/de
glesp,glespa,glespo,test,generated; absent from es Wiktionary + zero wordfreq in es/en/pt/it/fr/de
grapr,grapra,grapro,test,generated; absent from es Wiktionary + zero wordfreq in es/en/pt/it/fr/de
frasl,frasla,fraslo,test,generated; absent from es Wiktionary + zero wordfreq in es/en/pt/it/fr/de
brurl,brurla,brurlo,train,generated; absent from es Wiktionary + zero wordfreq in es/en/pt/it/fr/de
tusn,tusna,tusno,train,generated; absent from es Wiktionary + zero wordfreq in es/en/pt/it/fr/de
nunt,nunta,nunto,test,generated; absent from es Wiktionary + zero wordfreq in es/en/pt/it/fr/de
nonf,nonfa,nonfo,train,generated; absent from es Wiktionary + zero wordfreq in es/en/pt/it/fr/de
drisp,drispa,drispo,test,generated; absent from es Wiktionary + zero wordfreq in es/en/pt/it/fr/de
chesl,chesla,cheslo,test,generated; absent from es Wiktionary + zero wordfreq in es/en/pt/it/fr/de
charf,charfa,charfo,test,generated; absent from es Wiktionary + zero wordfreq in es/en/pt/it/fr/de
clurv,clurva,clurvo,test,generated; absent from es Wiktionary + zero wordfreq in es/en/pt/it/fr/de
clerl,clerla,clerlo,test,generated; absent from es Wiktionary + zero wordfreq in es/en/pt/it/fr/de
glons,glonsa,glonso,test,generated; absent from es Wiktionary + zero wordfreq in es/en/pt/it/fr/de
drapl,drapla,draplo,train,generated; absent from es Wiktionary + zero wordfreq in es/en/pt/it/fr/de
plolv,plolva,plolvo,train,generated; absent from es Wiktionary + zero wordfreq in es/en/pt/it/fr/de
crern,crerna,crerno,train,generated; absent from es Wiktionary + zero wordfreq in es/en/pt/it/fr/de
blipl,blipla,bliplo,train,generated; absent from es Wiktionary + zero wordfreq in es/en/pt/it/fr/de
glilf,glilfa,glilfo,test,generated; absent from es Wiktionary + zero wordfreq in es/en/pt/it/fr/de
frint,frinta,frinto,test,generated; absent from es Wiktionary + zero wordfreq in es/en/pt/it/fr/de
drosl,drosla,droslo,train,generated; absent from es Wiktionary + zero wordfreq in es/en/pt/it/fr/de
mirv,mirva,mirvo,train,generated; absent from es Wiktionary + zero wordfreq in es/en/pt/it/fr/de
flarp,flarpa,flarpo,train,generated; absent from es Wiktionary + zero wordfreq in es/en/pt/it/fr/de
vurp,vurpa,vurpo,train,generated; absent from es Wiktionary + zero wordfreq in es/en/pt/it/fr/de
tesp,tespa,tespo,test,generated; absent from es Wiktionary + zero wordfreq in es/en/pt/it/fr/de
muns,munsa,munso,test,generated; absent from es Wiktionary + zero wordfreq in es/en/pt/it/fr/de
frin,frina,frino,train,generated; absent from es Wiktionary + zero wordfreq in es/en/pt/it/fr/de
clun,cluna,cluno,train,generated; absent from es Wiktionary + zero wordfreq in es/en/pt/it/fr/de
dralb,dralba,dralbo,train,generated; absent from es Wiktionary + zero wordfreq in es/en/pt/it/fr/de
fasn,fasna,fasno,test,generated; absent from es Wiktionary + zero wordfreq in es/en/pt/it/fr/de
bench,bencha,bencho,train,generated; absent from es Wiktionary + zero wordfreq in es/en/pt/it/fr/de
jonf,jonfa,jonfo,train,generated; absent from es Wiktionary + zero wordfreq in es/en/pt/it/fr/de
plans,plansa,planso,test,generated; absent from es Wiktionary + zero wordfreq in es/en/pt/it/fr/de
crird,crirda,crirdo,train,generated; absent from es Wiktionary + zero wordfreq in es/en/pt/it/fr/de
murf,murfa,murfo,train,generated; absent from es Wiktionary + zero wordfreq in es/en/pt/it/fr/de
brint,brinta,brinto,train,generated; absent from es Wiktionary + zero wordfreq in es/en/pt/it/fr/de
jerd,jerda,jerdo,train,generated; absent from es Wiktionary + zero wordfreq in es/en/pt/it/fr/de
fles,flesa,fleso,train,generated; absent from es Wiktionary + zero wordfreq in es/en/pt/it/fr/de
flad,flada,flado,train,generated; absent from es Wiktionary + zero wordfreq in es/en/pt/it/fr/de
gusl,gusla,guslo,train,generated; absent from es Wiktionary + zero wordfreq in es/en/pt/it/fr/de
blarp,blarpa,blarpo,test,generated; absent from es Wiktionary + zero wordfreq in es/en/pt/it/fr/de
capl,capla,caplo,test,generated; absent from es Wiktionary + zero wordfreq in es/en/pt/it/fr/de
plonf,plonfa,plonfo,test,generated; absent from es Wiktionary + zero wordfreq in es/en/pt/it/fr/de
clel,clela,clelo,train,generated; absent from es Wiktionary + zero wordfreq in es/en/pt/it/fr/de
mobl,mobla,moblo,train,generated; absent from es Wiktionary + zero wordfreq in es/en/pt/it/fr/de
gratr,gratra,gratro,train,generated; absent from es Wiktionary + zero wordfreq in es/en/pt/it/fr/de
frarp,frarpa,frarpo,train,generated; absent from es Wiktionary + zero wordfreq in es/en/pt/it/fr/de
clalp,clalpa,clalpo,test,generated; absent from es Wiktionary + zero wordfreq in es/en/pt/it/fr/de
gisn,gisna,gisno,train,generated; absent from es Wiktionary + zero wordfreq in es/en/pt/it/fr/de
rolb,rolba,rolbo,train,generated; absent from es Wiktionary + zero wordfreq in es/en/pt/it/fr/de
gruld,grulda,gruldo,test,generated; absent from es Wiktionary + zero wordfreq in es/en/pt/it/fr/de
tronv,tronva,tronvo,train,generated; absent from es Wiktionary + zero wordfreq in es/en/pt/it/fr/de
sosl,sosla,soslo,test,generated; absent from es Wiktionary + zero wordfreq in es/en/pt/it/fr/de
jepl,jepla,jeplo,test,generated; absent from es Wiktionary + zero wordfreq in es/en/pt/it/fr/de
blant,blanta,blanto,test,generated; absent from es Wiktionary + zero wordfreq in es/en/pt/it/fr/de
frurch,frurcha,frurcho,train,generated; absent from es Wiktionary + zero wordfreq in es/en/pt/it/fr/de
gulf,gulfa,gulfo,test,generated; absent from es Wiktionary + zero wordfreq in es/en/pt/it/fr/de
blalp,blalpa,blalpo,train,generated; absent from es Wiktionary + zero wordfreq in es/en/pt/it/fr/de
grerch,grercha,grercho,train,generated; absent from es Wiktionary + zero wordfreq in es/en/pt/it/fr/de
drelb,drelba,drelbo,test,generated; absent from es Wiktionary + zero wordfreq in es/en/pt/it/fr/de
flesl,flesla,fleslo,train,generated; absent from es Wiktionary + zero wordfreq in es/en/pt/it/fr/de
proll,prolla,prollo,test,generated; absent from es Wiktionary + zero wordfreq in es/en/pt/it/fr/de
clist,clista,clisto,train,generated; absent from es Wiktionary + zero wordfreq in es/en/pt/it/fr/de
rors,rorsa,rorso,train,generated; absent from es Wiktionary + zero wordfreq in es/en/pt/it/fr/de
treld,trelda,treldo,train,generated; absent from es Wiktionary + zero wordfreq in es/en/pt/it/fr/de
flilt,flilta,flilto,train,generated; absent from es Wiktionary + zero wordfreq in es/en/pt/it/fr/de
flund,flunda,flundo,test,generated; absent from es Wiktionary + zero wordfreq in es/en/pt/it/fr/de
serch,sercha,sercho,test,generated; absent from es Wiktionary + zero wordfreq in es/en/pt/it/fr/de
frors,frorsa,frorso,test,generated; absent from es Wiktionary + zero wordfreq in es/en/pt/it/fr/de
chipr,chipra,chipro,train,generated; absent from es Wiktionary + zero wordfreq in es/en/pt/it/fr/de
flalt,flalta,flalto,train,generated; absent from es Wiktionary + zero wordfreq in es/en/pt/it/fr/de
torp,torpa,torpo,test,generated; absent from es Wiktionary + zero wordfreq in es/en/pt/it/fr/de
dres,dresa,dreso,test,generated; absent from es Wiktionary + zero wordfreq in es/en/pt/it/fr/de
crinv,crinva,crinvo,test,generated; absent from es Wiktionary + zero wordfreq in es/en/pt/it/fr/de
clerf,clerfa,clerfo,train,generated; absent from es Wiktionary + zero wordfreq in es/en/pt/it/fr/de
plipl,plipla,pliplo,test,generated; absent from es Wiktionary + zero wordfreq in es/en/pt/it/fr/de
flinch,flincha,flincho,test,generated; absent from es Wiktionary + zero wordfreq in es/en/pt/it/fr/de
ropr,ropra,ropro,train,generated; absent from es Wiktionary + zero wordfreq in es/en/pt/it/fr/de
jebl,jebla,jeblo,test,generated; absent from es Wiktionary + zero wordfreq in es/en/pt/it/fr/de
plolf,plolfa,plolfo,train,generated; absent from es Wiktionary + zero wordfreq in es/en/pt/it/fr/de
glir,glira,gliro,train,generated; absent from es Wiktionary + zero wordfreq in es/en/pt/it/fr/de
grupl,grupla,gruplo,test,generated; absent from es Wiktionary + zero wordfreq in es/en/pt/it/fr/de
brals,bralsa,bralso,test,generated; absent from es Wiktionary + zero wordfreq in es/en/pt/it/fr/de
pluns,plunsa,plunso,test,generated; absent from es Wiktionary + zero wordfreq in es/en/pt/it/fr/de
cribl,cribla,criblo,test,generated; absent from es Wiktionary + zero wordfreq in es/en/pt/it/fr/de
crolb,crolba,crolbo,test,generated; absent from es Wiktionary + zero wordfreq in es/en/pt/it/fr/de
varch,varcha,varcho,test,generated; absent from es Wiktionary + zero wordfreq in es/en/pt/it/fr/de
runv,runva,runvo,train,generated; absent from es Wiktionary + zero wordfreq in es/en/pt/it/fr/de
glilp,glilpa,glilpo,train,generated; absent from es Wiktionary + zero wordfreq in es/en/pt/it/fr/de
tralf,tralfa,tralfo,test,generated; absent from es Wiktionary + zero wordfreq in es/en/pt/it/fr/de
clard,clarda,clardo,test,generated; absent from es Wiktionary + zero wordfreq in es/en/pt/it/fr/de
brur,brura,bruro,test,generated; absent from es Wiktionary + zero wordfreq in es/en/pt/it/fr/de
brurb,brurba,brurbo,test,generated; absent from es Wiktionary + zero wordfreq in es/en/pt/it/fr/de
blurs,blursa,blurso,test,generated; absent from es Wiktionary + zero wordfreq in es/en/pt/it/fr/de
glorv,glorva,glorvo,train,generated; absent from es Wiktionary + zero wordfreq in es/en/pt/it/fr/de
blorl,blorla,blorlo,test,generated; absent from es Wiktionary + zero wordfreq in es/en/pt/it/fr/de
prerv,prerva,prervo,test,generated; absent from es Wiktionary + zero wordfreq in es/en/pt/it/fr/de
blich,blicha,blicho,test,generated; absent from es Wiktionary + zero wordfreq in es/en/pt/it/fr/de
ferf,ferfa,ferfo,train,generated; absent from es Wiktionary + zero wordfreq in es/en/pt/it/fr/de
crall,cralla,crallo,train,generated; absent from es Wiktionary + zero wordfreq in es/en/pt/it/fr/de
vapl,vapla,vaplo,test,generated; absent from es Wiktionary + zero wordfreq in es/en/pt/it/fr/de
flelp,flelpa,flelpo,test,generated; absent from es Wiktionary + zero wordfreq in es/en/pt/it/fr/de
plurd,plurda,plurdo,test,generated; absent from es Wiktionary + zero wordfreq in es/en/pt/it/fr/de
clotr,clotra,clotro,test,generated; absent from es Wiktionary + zero wordfreq in es/en/pt/it/fr/de
vipr,vipra,vipro,test,generated; absent from es Wiktionary + zero wordfreq in es/en/pt/it/fr/de
chisn,chisna,chisno,train,generated; absent from es Wiktionary + zero wordfreq in es/en/pt/it/fr/de
vorf,vorfa,vorfo,train,generated; absent from es Wiktionary + zero wordfreq in es/en/pt/it/fr/de
fanch,fancha,fancho,train,generated; absent from es Wiktionary + zero wordfreq in es/en/pt/it/fr/de
glulb,glulba,glulbo,train,generated; absent from es Wiktionary + zero wordfreq in es/en/pt/it/fr/de
plons,plonsa,plonso,test,generated; absent from es Wiktionary + zero wordfreq in es/en/pt/it/fr/de
grotr,grotra,grotro,train,generated; absent from es Wiktionary + zero wordfreq in es/en/pt/it/fr/de
blarf,blarfa,blarfo,train,generated; absent from es Wiktionary + zero wordfreq in es/en/pt/it/fr/de
cronch,croncha,croncho,train,generated; absent from es Wiktionary + zero wordfreq in es/en/pt/it/fr/de
rulp,rulpa,rulpo,train,generated; absent from es Wiktionary + zero wordfreq in es/en/pt/it/fr/de
rils,rilsa,rilso,train,generated; absent from es Wiktionary + zero wordfreq in es/en/pt/it/fr/de
drarb,drarba,drarbo,train,generated; absent from es Wiktionary + zero wordfreq in es/en/pt/it/fr/de
plall,plalla,plallo,train,generated; absent from es Wiktionary + zero wordfreq in es/en/pt/it/fr/de
lulf,lulfa,lulfo,train,generated; absent from es Wiktionary + zero wordfreq in es/en/pt/it/fr/de
lanf,lanfa,lanfo,test,generated; absent from es Wiktionary + zero wordfreq in es/en/pt/it/fr/de
chobr,chobra,chobro,train,generated; absent from es Wiktionary + zero wordfreq in es/en/pt/it/fr/de
firv,firva,firvo,test,generated; absent from es Wiktionary + zero wordfreq in es/en/pt/it/fr/de
clorb,clorba,clorbo,train,generated; absent from es Wiktionary + zero wordfreq in es/en/pt/it/fr/de
dirn,dirna,dirno,test,generated; absent from es Wiktionary + zero wordfreq in es/en/pt/it/fr/de
molb,molba,molbo,test,generated; absent from es Wiktionary + zero wordfreq in es/en/pt/it/fr/de
glat,glata,glato,train,generated; absent from es Wiktionary + zero wordfreq in es/en/pt/it/fr/de
nurl,nurla,nurlo,train,generated; absent from es Wiktionary + zero wordfreq in es/en/pt/it/fr/de
crusl,crusla,cruslo,test,generated; absent from es Wiktionary + zero wordfreq in es/en/pt/it/fr/de
brov,brova,brovo,train,generated; absent from es Wiktionary + zero wordfreq in es/en/pt/it/fr/de
trart,trarta,trarto,train,generated; absent from es Wiktionary + zero wordfreq in es/en/pt/it/fr/de
prulch,prulcha,prulcho,test,generated; absent from es Wiktionary + zero wordfreq in es/en/pt/it/fr/de
prosl,prosla,proslo,train,generated; absent from es Wiktionary + zero wordfreq in es/en/pt/it/fr/de
prirl,prirla,prirlo,train,generated; absent from es Wiktionary + zero wordfreq in es/en/pt/it/fr/de
tenv,tenva,tenvo,test,generated; absent from es Wiktionary + zero wordfreq in es/en/pt/it/fr/de
chob,choba,chobo,train,generated; absent from es Wiktionary + zero wordfreq in es/en/pt/it/fr/de
clunf,clunfa,clunfo,train,generated; absent from es Wiktionary + zero wordfreq in es/en/pt/it/fr/de
cluls,clulsa,clulso,test,generated; absent from es Wiktionary + zero wordfreq in es/en/pt/it/fr/de
depl,depla,deplo,test,generated; absent from es Wiktionary + zero wordfreq in es/en/pt/it/fr/de
prurch,prurcha,prurcho,train,generated; absent from es Wiktionary + zero wordfreq in es/en/pt/it/fr/de
nolb,nolba,nolbo,train,generated; absent from es Wiktionary + zero wordfreq in es/en/pt/it/fr/de
chepl,chepla,cheplo,test,generated; absent from es Wiktionary + zero wordfreq in es/en/pt/it/fr/de
brobl,brobla,broblo,train,generated; absent from es Wiktionary + zero wordfreq in es/en/pt/it/fr/de
flapr,flapra,flapro,train,generated; absent from es Wiktionary + zero wordfreq in es/en/pt/it/fr/de
grench,grencha,grencho,test,generated; absent from es Wiktionary + zero wordfreq in es/en/pt/it/fr/de
gluld,glulda,gluldo,train,generated; absent from es Wiktionary + zero wordfreq in es/en/pt/it/fr/de
datr,datra,datro,test,generated; absent from es Wiktionary + zero wordfreq in es/en/pt/it/fr/de
