lemma,set,ending,lp_verb,lp_noun,s
ensalada,regular,a,-15.64637565612793,-11.64865493774414,-3.997720718383789
concurrencia,regular,a,-16.807857513427734,-12.598723411560059,-4.209134101867676
cuantía,regular,a,-17.106998443603516,-13.300646781921387,-3.806351661682129
ponencia,regular,a,-16.923480987548828,-11.802898406982422,-5.120582580566406
selva,regular,a,-20.186674118041992,-11.882659912109375,-8.304014205932617
consecuencia,regular,a,-15.555715560913086,-13.202108383178711,-2.353607177734375
historiografía,regular,a,-19.791372299194336,-16.03232192993164,-3.7590503692626953
sonrisa,regular,a,-13.019006729125977,-9.737164497375488,-3.2818422317504883
economía,regular,a,-15.947948455810547,-10.003865242004395,-5.944083213806152
trascendencia,regular,a,-21.110254287719727,-13.527557373046875,-7.582696914672852
metáfora,regular,a,-16.029701232910156,-9.850886344909668,-6.178814888000488
súplica,regular,a,-19.045724868774414,-10.785917282104492,-8.259807586669922
osadía,regular,a,-18.851232528686523,-12.592488288879395,-6.258744239807129
delincuencia,regular,a,-19.097270965576172,-13.183189392089844,-5.914081573486328
sugerencia,regular,a,-15.38925838470459,-7.576138973236084,-7.813119411468506
pasarela,regular,a,-21.303842544555664,-12.1368408203125,-9.167001724243164
docencia,regular,a,-17.004066467285156,-13.172079086303711,-3.8319873809814453
venta,regular,a,-13.479198455810547,-11.378865242004395,-2.1003332138061523
dureza,regular,a,-19.614917755126953,-12.920537948608398,-6.694379806518555
fábrica,regular,a,-17.914390563964844,-12.363805770874023,-5.55058479309082
intendencia,regular,a,-22.20332145690918,-11.904878616333008,-10.298442840576172
tarta,regular,a,-15.616643905639648,-10.586315155029297,-5.030328750610352
desconfianza,regular,a,-18.314468383789062,-12.067082405090332,-6.2473859786987305
colmena,regular,a,-19.09016227722168,-12.997330665588379,-6.092831611633301
miseria,regular,a,-14.961725234985352,-11.895299911499023,-3.066425323486328
pascua,regular,a,-18.047765731811523,-15.30681037902832,-2.740955352783203
pretemporada,regular,a,-19.4818172454834,-16.508403778076172,-2.9734134674072266
psicología,regular,a,-19.21521759033203,-10.40639591217041,-8.808821678161621
tena,regular,a,-13.533206939697266,-13.485177040100098,-0.04802989959716797
parrilla,regular,a,-16.427791595458984,-12.433660507202148,-3.994131088256836
refinería,regular,a,-20.261903762817383,-17.280380249023438,-2.9815235137939453
taberna,regular,a,-20.355392456054688,-13.157731056213379,-7.197661399841309
desobediencia,regular,a,-23.91412353515625,-13.480745315551758,-10.433378219604492
pastelería,regular,a,-18.490047454833984,-15.470100402832031,-3.019947052001953
carita,regular,a,-17.197668075561523,-9.846874237060547,-7.350793838500977
camarilla,regular,a,-19.214183807373047,-14.502965927124023,-4.711217880249023
manzanilla,regular,a,-22.476036071777344,-14.17192268371582,-8.304113388061523
insistencia,regular,a,-16.235942840576172,-9.789735794067383,-6.446207046508789
conveniencia,regular,a,-19.917348861694336,-12.32833194732666,-7.589016914367676
esencia,regular,a,-15.008601188659668,-10.933929443359375,-4.074671745300293
farmacia,regular,a,-18.15537452697754,-10.588874816894531,-7.566499710083008
milla,regular,a,-17.86821174621582,-15.52830696105957,-2.33990478515625
biotecnología,regular,a,-20.813922882080078,-16.74308204650879,-4.070840835571289
floresta,regular,a,-21.651336669921875,-17.753515243530273,-3.8978214263916016
discrepancia,regular,a,-15.858762741088867,-12.42795467376709,-3.4308080673217773
tijera,regular,a,-20.165916442871094,-14.237007141113281,-5.9289093017578125
proa,regular,a,-18.513328552246094,-15.532262802124023,-2.9810657501220703
geología,regular,a,-19.850120544433594,-15.412665367126465,-4.437455177307129
mercadotecnia,regular,a,-16.593774795532227,-16.007999420166016,-0.5857753753662109
librería,regular,a,-16.30063247680664,-10.333622932434082,-5.967009544372559
pesadilla,regular,a,-15.941106796264648,-8.986825942993164,-6.954280853271484
deuda,regular,a,-16.091838836669922,-7.929035186767578,-8.162803649902344
capilla,regular,a,-17.73960304260254,-13.368830680847168,-4.370772361755371
cosita,regular,a,-18.248674392700195,-10.518959045410156,-7.729715347290039
sigla,regular,a,-19.323585510253906,-11.595266342163086,-7.72831916809082
etapa,regular,a,-16.94647979736328,-8.585500717163086,-8.360979080200195
manija,regular,a,-18.76371955871582,-11.13175106048584,-7.6319684982299805
euforia,regular,a,-19.77814483642578,-12.960947036743164,-6.817197799682617
secuela,regular,a,-17.843292236328125,-12.953967094421387,-4.889325141906738
pradera,regular,a,-19.735490798950195,-13.799586296081543,-5.935904502868652
pornografía,regular,a,-16.392051696777344,-14.689961433410645,-1.7020902633666992
bandeja,regular,a,-16.60098648071289,-10.454947471618652,-6.146039009094238
joyería,regular,a,-15.67823314666748,-12.987958908081055,-2.690274238586426
injerencia,regular,a,-18.1406307220459,-15.438055038452148,-2.70257568359375
misoginia,regular,a,-22.918075561523438,-15.322407722473145,-7.595667839050293
banqueta,regular,a,-19.312894821166992,-15.44729232788086,-3.865602493286133
valija,regular,a,-20.168697357177734,-12.125858306884766,-8.042839050292969
sacristía,regular,a,-23.09888458251953,-17.79282569885254,-5.306058883666992
prevalencia,regular,a,-19.55449104309082,-14.780863761901855,-4.773627281188965
resiliencia,regular,a,-18.61623764038086,-12.145408630371094,-6.470829010009766
quilla,regular,a,-17.08469581604004,-13.906342506408691,-3.1783533096313477
pulpa,regular,a,-19.263689041137695,-15.026449203491211,-4.237239837646484
psicoterapia,regular,a,-20.77328872680664,-11.725579261779785,-9.047709465026855
pertenencia,regular,a,-15.661417961120605,-11.295015335083008,-4.366402626037598
lavadora,regular,a,-19.419788360595703,-11.773283958435059,-7.6465044021606445
cama,regular,a,-16.30472755432129,-7.950493335723877,-8.354234218597412
correa,regular,a,-18.2663631439209,-14.054526329040527,-4.211836814880371
ineficacia,regular,a,-22.580787658691406,-18.29681396484375,-4.283973693847656
lotería,regular,a,-16.698453903198242,-12.503776550292969,-4.194677352905273
pulgada,regular,a,-16.61187744140625,-14.421290397644043,-2.190587043762207
etnia,regular,a,-19.25897979736328,-10.773000717163086,-8.485979080200195
tecnología,regular,a,-16.041698455810547,-10.128865242004395,-5.912833213806152
epidemia,regular,a,-18.445932388305664,-14.668771743774414,-3.77716064453125
lengua,regular,a,-16.856708526611328,-7.558682918548584,-9.298025608062744
mueca,regular,a,-17.711158752441406,-14.209712028503418,-3.5014467239379883
decencia,regular,a,-16.68124008178711,-13.503765106201172,-3.1774749755859375
reliquia,regular,a,-21.074085235595703,-13.331279754638672,-7.742805480957031
maleza,regular,a,-20.85296630859375,-15.801708221435547,-5.051258087158203
sociología,regular,a,-19.35638999938965,-13.93355655670166,-5.422833442687988
pedagogía,regular,a,-17.504384994506836,-12.171243667602539,-5.333141326904297
bombilla,regular,a,-17.32460594177246,-11.512306213378906,-5.812299728393555
gaceta,regular,a,-19.979297637939453,-15.813133239746094,-4.166164398193359
patología,regular,a,-20.14646339416504,-13.435190200805664,-6.711273193359375
soja,regular,a,-15.843612670898438,-14.660449028015137,-1.1831636428833008
demagogia,regular,a,-18.57015037536621,-14.023510932922363,-4.546639442443848
ofensa,regular,a,-17.28695297241211,-13.797364234924316,-3.489588737487793
ermita,regular,a,-19.359142303466797,-13.179105758666992,-6.180036544799805
fábula,regular,a,-17.74871063232422,-11.89217758178711,-5.856533050537109
creta,regular,a,-16.569507598876953,-17.586158752441406,1.0166511535644531
borrachera,regular,a,-22.974163055419922,-12.765384674072266,-10.208778381347656
estancia,regular,a,-15.367588996887207,-7.892624855041504,-7.474964141845703
tubería,regular,a,-21.607820510864258,-12.766529083251953,-8.841291427612305
cordura,regular,a,-21.46643829345703,-11.548689842224121,-9.91774845123291
pestaña,regular,a,-18.549341201782227,-11.294227600097656,-7.25511360168457
infraestructura,regular,a,-22.666301727294922,-13.088065147399902,-9.57823657989502
toalla,regular,a,-18.1878604888916,-11.821882247924805,-6.365978240966797
ortografía,regular,a,-19.055206298828125,-9.113321304321289,-9.941884994506836
cortina,regular,a,-18.489225387573242,-10.02168083190918,-8.467544555664062
bombonera,regular,a,-21.253570556640625,-20.822521209716797,-0.4310493469238281
puñalada,regular,a,-23.066043853759766,-18.29250717163086,-4.773536682128906
consistencia,regular,a,-18.048316955566406,-11.942970275878906,-6.1053466796875
cucharada,regular,a,-17.823036193847656,-14.72195816040039,-3.1010780334472656
papelería,regular,a,-20.055885314941406,-16.06705093383789,-3.9888343811035156
comparecencia,regular,a,-23.01068115234375,-14.498628616333008,-8.512052536010742
tierra,regular,a,-15.539861679077148,-8.964927673339844,-6.574934005737305
cabellera,regular,a,-18.994972229003906,-11.694784164428711,-7.300188064575195
solana,regular,a,-18.209918975830078,-14.867069244384766,-3.3428497314453125
crianza,regular,a,-16.245649337768555,-11.399202346801758,-4.846446990966797
semilla,regular,a,-14.629560470581055,-11.40384292602539,-3.225717544555664
moraleja,regular,a,-17.156238555908203,-11.342901229858398,-5.813337326049805
cornisa,regular,a,-22.507678985595703,-16.635711669921875,-5.871967315673828
terminología,regular,a,-21.50310707092285,-13.056068420410156,-8.447038650512695
vaina,regular,a,-14.08986759185791,-11.229452133178711,-2.860415458679199
incompetencia,regular,a,-20.084213256835938,-12.549839973449707,-7.5343732833862305
hoguera,regular,a,-18.93216323852539,-12.484867095947266,-6.447296142578125
flujo,regular,o,-15.369617462158203,-12.098831176757812,-3.2707862854003906
establecimiento,regular,o,-18.020042419433594,-11.724912643432617,-6.295129776000977
siglo,regular,o,-17.198585510253906,-11.282766342163086,-5.91581916809082
palito,regular,o,-21.235340118408203,-13.830795288085938,-7.404544830322266
periodismo,regular,o,-17.16964340209961,-10.53187370300293,-6.63776969909668
aislamiento,regular,o,-20.116680145263672,-11.411334991455078,-8.705345153808594
hato,regular,o,-17.640811920166016,-13.998393058776855,-3.64241886138916
aguacero,regular,o,-16.904829025268555,-14.48832893371582,-2.4165000915527344
podio,regular,o,-14.892951011657715,-11.086593627929688,-3.8063573837280273
género,regular,o,-14.135448455810547,-8.878865242004395,-5.256583213806152
naranjo,regular,o,-18.420000076293945,-14.672618865966797,-3.7473812103271484
protagonismo,regular,o,-17.995622634887695,-15.567398071289062,-2.428224563598633
epílogo,regular,o,-16.497161865234375,-13.080411911010742,-3.416749954223633
descrédito,regular,o,-19.7639102935791,-22.844099044799805,3.080188751220703
antídoto,regular,o,-19.527124404907227,-14.730644226074219,-4.796480178833008
encubrimiento,regular,o,-20.925989151000977,-13.651274681091309,-7.274714469909668
arbusto,regular,o,-20.377700805664062,-15.870518684387207,-4.5071821212768555
nervio,regular,o,-18.34235954284668,-13.10746955871582,-5.234889984130859
labio,regular,o,-16.906047821044922,-10.719545364379883,-6.186502456665039
eufemismo,regular,o,-18.923648834228516,-13.492591857910156,-5.431056976318359
semáforo,regular,o,-15.687715530395508,-11.97828483581543,-3.709430694580078
orificio,regular,o,-19.847410202026367,-14.66096305847168,-5.1864471435546875
orgullo,regular,o,-12.632206916809082,-9.070844650268555,-3.5613622665405273
fideicomiso,regular,o,-20.378679275512695,-13.098770141601562,-7.279909133911133
erario,regular,o,-21.283153533935547,-15.048440933227539,-6.234712600708008
bizcocho,regular,o,-16.255176544189453,-10.133443832397461,-6.121732711791992
crucifijo,regular,o,-18.720157623291016,-16.22243309020996,-2.4977245330810547
lienzo,regular,o,-15.017526626586914,-11.929779052734375,-3.087747573852539
comino,regular,o,-15.326616287231445,-15.191549301147461,-0.13506698608398438
adoctrinamiento,regular,o,-21.86189079284668,-15.538225173950195,-6.323665618896484
contrapunto,regular,o,-18.779476165771484,-13.533549308776855,-5.245926856994629
barrio,regular,o,-15.466174125671387,-7.033674240112305,-8.432499885559082
huerto,regular,o,-18.022459030151367,-10.021815299987793,-8.000643730163574
patrocinio,regular,o,-21.538482666015625,-14.280607223510742,-7.257875442504883
perímetro,regular,o,-18.10460090637207,-12.41685676574707,-5.687744140625
servicio,regular,o,-14.229198455810547,-9.441365242004395,-4.787833213806152
consentimiento,regular,o,-19.689538955688477,-15.798068046569824,-3.8914709091186523
aplauso,regular,o,-15.241646766662598,-12.961352348327637,-2.280294418334961
virreinato,regular,o,-19.513427734375,-18.539989471435547,-0.9734382629394531
susto,regular,o,-13.287492752075195,-11.650121688842773,-1.6373710632324219
califato,regular,o,-27.186363220214844,-22.028459548950195,-5.157903671264648
pimiento,regular,o,-18.6417179107666,-14.284299850463867,-4.357418060302734
diccionario,regular,o,-16.67534637451172,-8.806083679199219,-7.8692626953125
ateísmo,regular,o,-22.8038272857666,-11.103397369384766,-11.700429916381836
trapo,regular,o,-17.740407943725586,-12.71471118927002,-5.025696754455566
olfato,regular,o,-19.437191009521484,-11.672900199890137,-7.764290809631348
ruido,regular,o,-13.903206825256348,-12.728300094604492,-1.1749067306518555
año,regular,o,-13.104198455810547,-8.441365242004395,-4.662833213806152
agotamiento,regular,o,-19.205705642700195,-12.33436107635498,-6.871344566345215
paño,regular,o,-19.016332626342773,-12.843269348144531,-6.173063278198242
bolso,regular,o,-18.894067764282227,-10.256486892700195,-8.637580871582031
horóscopo,regular,o,-22.06736946105957,-9.786140441894531,-12.281229019165039
apetito,regular,o,-15.675084114074707,-10.143878936767578,-5.531205177307129
llanto,regular,o,-14.678421020507812,-11.45524787902832,-3.223173141479492
santuario,regular,o,-18.279056549072266,-11.28653335571289,-6.992523193359375
diámetro,regular,o,-21.05079460144043,-14.33149242401123,-6.719302177429199
algoritmo,regular,o,-16.811246871948242,-9.4194974899292,-7.391749382019043
obelisco,regular,o,-20.65847396850586,-13.658706665039062,-6.999767303466797
aeródromo,regular,o,-21.661968231201172,-17.57883071899414,-4.083137512207031
pepino,regular,o,-17.1231632232666,-12.52409553527832,-4.599067687988281
instinto,regular,o,-17.707006454467773,-8.681882858276367,-9.025123596191406
fanatismo,regular,o,-17.341825485229492,-14.121845245361328,-3.219980239868164
tobillo,regular,o,-19.838226318359375,-12.81225299835205,-7.025973320007324
fango,regular,o,-18.498210906982422,-15.205764770507812,-3.2924461364746094
vocablo,regular,o,-16.91313934326172,-13.393454551696777,-3.5196847915649414
terremoto,regular,o,-16.946727752685547,-14.043573379516602,-2.9031543731689453
procedimiento,regular,o,-16.833728790283203,-9.128118515014648,-7.705610275268555
enfrentamiento,regular,o,-18.67010498046875,-11.19168472290039,-7.478420257568359
beneplácito,regular,o,-18.8416748046875,-14.849632263183594,-3.9920425415039062
hospicio,regular,o,-26.96582794189453,-18.9412784576416,-8.02454948425293
sótano,regular,o,-17.514625549316406,-12.176599502563477,-5.33802604675293
éxito,regular,o,-14.135448455810547,-9.191365242004395,-4.944083213806152
anteproyecto,regular,o,-24.55988311767578,-13.610371589660645,-10.949511528015137
revestimiento,regular,o,-24.18977928161621,-16.57331657409668,-7.616462707519531
condominio,regular,o,-17.62900161743164,-12.561890602111816,-5.067111015319824
homicidio,regular,o,-19.761762619018555,-13.649258613586426,-6.112504005432129
lavabo,regular,o,-19.044788360595703,-15.023283958435059,-4.0215044021606445
asesinato,regular,o,-20.18369483947754,-12.308249473571777,-7.875445365905762
pino,regular,o,-15.610467910766602,-13.284299850463867,-2.3261680603027344
atributo,regular,o,-16.43387222290039,-11.854565620422363,-4.579306602478027
icono,regular,o,-16.994709014892578,-11.973246574401855,-5.021462440490723
término,regular,o,-14.104198455810547,-10.066365242004395,-4.037833213806152
yacimiento,regular,o,-15.419022560119629,-14.909597396850586,-0.509425163269043
consenso,regular,o,-17.379724502563477,-11.139320373535156,-6.24040412902832
entretenimiento,regular,o,-16.76230239868164,-9.898588180541992,-6.863714218139648
marzo,regular,o,-14.197948455810547,-12.191365242004395,-2.0065832138061523
comunismo,regular,o,-19.61623764038086,-13.910114288330078,-5.706123352050781
lino,regular,o,-15.863821029663086,-12.988195419311523,-2.8756256103515625
inventario,regular,o,-20.021198272705078,-13.437618255615234,-6.583580017089844
flanco,regular,o,-16.232473373413086,-15.1505126953125,-1.081960678100586
grupo,regular,o,-14.479198455810547,-7.0038652420043945,-7.475333213806152
arquetipo,regular,o,-20.150211334228516,-11.79908275604248,-8.351128578186035
transcurso,regular,o,-17.473581314086914,-13.390958786010742,-4.082622528076172
versículo,regular,o,-20.168392181396484,-13.929290771484375,-6.239101409912109
oporto,regular,o,-14.096612930297852,-14.377222061157227,0.280609130859375
albedrío,regular,o,-18.656227111816406,-13.74588394165039,-4.910343170166016
ombligo,regular,o,-19.786746978759766,-10.187745094299316,-9.59900188446045
hallazgo,regular,o,-19.29296112060547,-11.010859489440918,-8.28210163116455
bazo,regular,o,-18.199966430664062,-15.091571807861328,-3.1083946228027344
razonamiento,regular,o,-17.65228843688965,-6.633275032043457,-11.019013404846191
renacimiento,regular,o,-18.550304412841797,-13.620035171508789,-4.930269241333008
bocado,regular,o,-15.512466430664062,-14.529071807861328,-0.9833946228027344
heno,regular,o,-16.953311920166016,-12.935893058776855,-4.01741886138916
residuo,regular,o,-18.932392120361328,-15.323591232299805,-3.6088008880615234
adiestramiento,regular,o,-23.017101287841797,-14.147546768188477,-8.86955451965332
morbo,regular,o,-16.028118133544922,-13.375133514404297,-2.652984619140625
tráfico,regular,o,-15.819086074829102,-12.520951271057129,-3.2981348037719727
aeropuerto,regular,o,-17.584726333618164,-11.885519027709961,-5.699207305908203
yeso,regular,o,-15.58496379852295,-15.302399635314941,-0.2825641632080078
cántico,regular,o,-14.88300609588623,-13.937116622924805,-0.9458894729614258
plazo,regular,o,-14.069252967834473,-11.292091369628906,-2.7771615982055664
armisticio,regular,o,-23.247941970825195,-17.499935150146484,-5.748006820678711
propósito,regular,o,-15.166698455810547,-5.6913652420043945,-9.475333213806152
ángulo,regular,o,-18.813209533691406,-14.98448371887207,-3.828725814819336
surgimiento,regular,o,-19.458969116210938,-14.325333595275879,-5.133635520935059
prólogo,regular,o,-15.453123092651367,-10.499823570251465,-4.953299522399902
prado,regular,o,-18.735490798950195,-13.799586296081543,-4.935904502868652
patrimonio,regular,o,-16.762187957763672,-12.080001831054688,-4.682186126708984
cerebro,regular,o,-14.545822143554688,-7.066612243652344,-7.479209899902344
kiosco,regular,o,-19.220930099487305,-13.032122611999512,-6.188807487487793
hongo,regular,o,-15.515812873840332,-12.310893058776855,-3.2049198150634766
sepulcro,regular,o,-18.284404754638672,-13.287406921386719,-4.996997833251953
lava,homograph,a,-13.135448455810547,-13.847615242004395,0.7121667861938477
manda,homograph,a,-11.442434310913086,-10.454119682312012,-0.9883146286010742
figura,homograph,a,-9.572948455810547,-10.378865242004395,0.8059167861938477
obra,homograph,a,-12.760448455810547,-9.128865242004395,-3.6315832138061523
pila,homograph,a,-14.922967910766602,-10.534299850463867,-4.388668060302734
cocina,homograph,a,-13.822948455810547,-9.253865242004395,-4.569083213806152
captura,homograph,a,-16.892780303955078,-11.808446884155273,-5.084333419799805
pesca,homograph,a,-15.726162910461426,-11.985273361206055,-3.740889549255371
charla,homograph,a,-13.18004035949707,-8.24920654296875,-4.93083381652832
cancela,homograph,a,-14.60112190246582,-13.212957382202148,-1.3881645202636719
fotografía,homograph,a,-16.499954223632812,-10.327527046203613,-6.172427177429199
lanza,homograph,a,-12.832571029663086,-11.425695419311523,-1.4068756103515625
paga,homograph,a,-12.985467910766602,-11.971799850463867,-1.0136680603027344
mejora,homograph,a,-10.85751724243164,-11.269758224487305,0.41224098205566406
falla,homograph,a,-11.196539878845215,-9.862467765808105,-1.3340721130371094
etiqueta,homograph,a,-15.680421829223633,-10.656472206115723,-5.02394962310791
evidencia,homograph,a,-15.5628662109375,-10.713044166564941,-4.849822044372559
nota,homograph,a,-13.135448455810547,-7.9413652420043945,-5.194083213806152
muda,homograph,a,-14.942434310913086,-13.079119682312012,-1.8633146286010742
renuncia,homograph,a,-16.050304412841797,-10.995035171508789,-5.055269241333008
marcha,homograph,a,-12.901262283325195,-10.933135986328125,-1.9681262969970703
cuelga,homograph,a,-14.684967041015625,-14.067371368408203,-0.6175956726074219
toma,homograph,a,-10.187860488891602,-10.634382247924805,0.4465217590332031
firma,homograph,a,-13.322948455810547,-9.128865242004395,-4.194083213806152
quema,homograph,a,-13.522195816040039,-12.218842506408691,-1.3033533096313477
tortura,homograph,a,-15.101682662963867,-12.808133125305176,-2.2935495376586914
reforma,homograph,a,-15.953237533569336,-12.855941772460938,-3.0972957611083984
recarga,homograph,a,-17.281097412109375,-12.312920570373535,-4.96817684173584
mancha,homograph,a,-19.26371955871582,-12.25675106048584,-7.0069684982299805
entrevista,homograph,a,-15.33411979675293,-9.273456573486328,-6.060663223266602
potencia,homograph,a,-14.954946517944336,-11.429091453552246,-3.52585506439209
diferencia,homograph,a,-12.479198455810547,-9.941365242004395,-2.5378332138061523
censura,homograph,a,-15.590585708618164,-12.977851867675781,-2.612733840942383
gira,homograph,a,-13.273696899414062,-11.481904983520508,-1.7917919158935547
tapa,homograph,a,-14.632658004760742,-10.453250885009766,-4.179407119750977
relato,homograph,o,-13.324283599853516,-7.736293792724609,-5.587989807128906
envío,homograph,o,-11.866662979125977,-10.673243522644043,-1.1934194564819336
progreso,homograph,o,-15.51332950592041,-9.407262802124023,-6.106066703796387
desafío,homograph,o,-13.692423820495605,-8.627054214477539,-5.065369606018066
paro,homograph,o,-11.511096954345703,-11.443063735961914,-0.06803321838378906
secuestro,homograph,o,-17.46538734436035,-13.66331958770752,-3.802067756652832
estreno,homograph,o,-13.867588996887207,-9.392624855041504,-4.474964141845703
arresto,homograph,o,-18.157758712768555,-14.24966049194336,-3.9080982208251953
aprecio,homograph,o,-9.963994979858398,-9.171819686889648,-0.79217529296875
corro,homograph,o,-12.010448455810547,-14.472615242004395,2.4621667861938477
espino,homograph,o,-17.608121871948242,-15.793697357177734,-1.8144245147705078
retrato,homograph,o,-14.427560806274414,-11.73338508605957,-2.6941757202148438
pelo,homograph,o,-13.666698455810547,-8.316365242004395,-5.350333213806152
veto,homograph,o,-16.869823455810547,-12.691365242004395,-4.178458213806152
desalojo,homograph,o,-17.842117309570312,-14.705081939697266,-3.137035369873047
reparo,homograph,o,-13.19737720489502,-13.161214828491211,-0.036162376403808594
daño,homograph,o,-13.905683517456055,-11.284173965454102,-2.621509552001953
saludo,homograph,o,-11.505017280578613,-9.41840934753418,-2.0866079330444336
tiro,homograph,o,-10.207324028015137,-11.163433074951172,0.9561090469360352
repaso,homograph,o,-13.722392082214355,-9.790055274963379,-3.9323368072509766
invento,homograph,o,-12.660788536071777,-10.511883735656738,-2.148904800415039
inicio,homograph,o,-12.541698455810547,-8.816365242004395,-3.7253332138061523
apuro,homograph,o,-14.44099235534668,-12.541812896728516,-1.899179458618164
grito,homograph,o,-12.091394424438477,-10.957890510559082,-1.1335039138793945
desecho,homograph,o,-15.236062049865723,-13.24161148071289,-1.994450569152832
uso,homograph,o,-9.010448455810547,-9.316365242004395,0.30591678619384766
retraso,homograph,o,-9.983299255371094,-9.101408004760742,-0.8818912506103516
canto,homograph,o,-13.55939769744873,-9.528170585632324,-4.031227111816406
descargo,homograph,o,-11.623897552490234,-10.34420394897461,-1.279693603515625
velo,homograph,o,-12.396462440490723,-11.734298706054688,-0.6621637344360352
centro,homograph,o,-11.947948455810547,-9.878865242004395,-2.0690832138061523
respeto,homograph,o,-9.969204902648926,-8.396951675415039,-1.5722532272338867
almuerzo,homograph,o,-13.096728324890137,-9.167149543762207,-3.9295787811279297
camino,homograph,o,-10.072948455810547,-6.8788652420043945,-3.1940832138061523
mojo,homograph,o,-15.010448455810547,-14.160115242004395,-0.8503332138061523
reclamo,homograph,o,-12.429085731506348,-9.608725547790527,-2.8203601837158203
acierto,homograph,o,-13.655497550964355,-11.862508773803711,-1.7929887771606445
