lang,lemma,gender,concept_en,gloss,set,suffix,loan,zipf,en_overlap,sex_assoc,source,ctx1_lp_m,ctx1_lp_f,ctx1_lp_n,ctx1_margin,ctx1_rival,ctx2_lp_m,ctx2_lp_f,ctx2_lp_n,ctx2_margin,ctx2_rival,status
de,Sozialismus,m,socialism,socialism,suffix_ctrl,ismus,native,4.13,False,,wiktionary:kaikki@2026-10-03,-18.493938446044922,-22.594806671142578,-21.76630401611328,3.2723655700683594,n,-19.390140533447266,-27.542564392089844,-22.010509490966797,2.6203689575195312,n,known
de,Kommunismus,m,communism,"communism, Communism",suffix_ctrl,ismus,loan,3.79,False,,wiktionary:kaikki@2026-10-03,-17.025157928466797,-22.81911277770996,-21.573726654052734,4.5485687255859375,n,-16.162826538085938,-23.334505081176758,-18.970815658569336,2.8079891204833984,n,known
de,Nationalismus,m,nationalism,nationalism,suffix_ctrl,ismus,unknown,3.73,True,,wiktionary:kaikki@2026-10-03,-22.502620697021484,-26.67418098449707,-26.334304809570312,3.831684112548828,n,-20.84991455078125,-26.407489776611328,-23.966651916503906,3.1167373657226562,n,known
de,Optimismus,m,optimism,optimism,suffix_ctrl,ismus,unknown,3.62,False,,wiktionary:kaikki@2026-10-03,-18.817087173461914,-22.688480377197266,-22.181697845458984,3.3646106719970703,n,-17.05818748474121,-23.176706314086914,-19.34888458251953,2.2906970977783203,n,known
de,Extremismus,m,extremism,extremism,suffix_ctrl,ismus,unknown,3.46,True,,wiktionary:kaikki@2026-10-03,-16.847152709960938,-26.22614860534668,-25.818328857421875,8.971176147460938,n,-17.41836929321289,-26.473936080932617,-21.591400146484375,4.173030853271484,n,known
de,Imperialismus,m,imperialism,imperialism (policy aimed at winning dominance over other nations),suffix_ctrl,ismus,loan,3.36,True,,wiktionary:kaikki@2026-10-03,-21.862091064453125,-25.034469604492188,-24.035640716552734,2.1735496520996094,n,-20.385406494140625,-26.51829719543457,-22.451011657714844,2.0656051635742188,n,known
de,Idealismus,m,idealism,idealism,suffix_ctrl,ismus,native,3.32,False,,wiktionary:kaikki@2026-10-03,-19.351442337036133,-23.66054916381836,-20.795780181884766,1.4443378448486328,n,-16.869253158569336,-23.996231079101562,-19.641645431518555,2.7723922729492188,n,known
de,Atheismus,m,atheism,atheism,suffix_ctrl,ismus,native,3.17,False,,wiktionary:kaikki@2026-10-03,-18.94214630126953,-22.890277862548828,-23.676530838012695,3.948131561279297,f,-19.41228675842285,-24.308773040771484,-21.148221969604492,1.7359352111816406,n,known
de,Lobbyismus,m,lobbyism,"lobbyism, lobbying",suffix_ctrl,ismus,native,3.09,False,,wiktionary:kaikki@2026-10-03,-17.940515518188477,-25.15709686279297,-23.81089210510254,5.8703765869140625,n,-16.030847549438477,-22.392351150512695,-19.501455307006836,3.4706077575683594,n,known
de,Konservatismus,m,conservatism,conservatism,suffix_ctrl,ismus,unknown,2.95,False,,wiktionary:kaikki@2026-10-03,-18.162899017333984,-24.555343627929688,-21.676206588745117,3.513307571411133,n,-19.10760498046875,-22.757728576660156,-22.81197738647461,3.6501235961914062,f,known
de,Fundamentalismus,m,fundamentalism,fundamentalism,suffix_ctrl,ismus,loan,2.94,True,,wiktionary:kaikki@2026-10-03,-20.749168395996094,-24.906930923461914,-22.84564971923828,2.0964813232421875,n,-17.7769718170166,-26.200037002563477,-21.712648391723633,3.9356765747070312,n,known
de,Militarismus,m,militarism,militarism,suffix_ctrl,ismus,unknown,2.94,True,,wiktionary:kaikki@2026-10-03,-20.27701187133789,-23.759536743164062,-24.52365493774414,3.482524871826172,f,-19.074790954589844,-25.83403778076172,-24.541751861572266,5.466960906982422,n,known
de,Pazifismus,m,pacifism,pacifism,suffix_ctrl,ismus,unknown,2.9,False,,wiktionary:kaikki@2026-10-03,-21.000988006591797,-28.277862548828125,-26.588455200195312,5.587467193603516,n,-17.670730590820312,-28.447811126708984,-22.746070861816406,5.075340270996094,n,known
de,Kannibalismus,m,cannibalism,cannibalism,suffix_ctrl,ismus,native,2.84,False,,wiktionary:kaikki@2026-10-03,-18.509401321411133,-21.79104995727539,-21.728458404541016,3.219057083129883,n,-16.036741256713867,-22.66779327392578,-18.57860565185547,2.5418643951416016,n,known
de,Absolutismus,m,absolutism,absolutism,suffix_ctrl,ismus,loan,2.81,True,,wiktionary:kaikki@2026-10-03,-20.471010208129883,-23.948774337768555,-25.94085693359375,3.477764129638672,f,-21.291065216064453,-25.95999526977539,-23.515649795532227,2.2245845794677734,n,known
de,Nihilismus,m,nihilism,nihilism,suffix_ctrl,ismus,unknown,2.67,False,,wiktionary:kaikki@2026-10-03,-19.042665481567383,-22.258480072021484,-20.895530700683594,1.852865219116211,n,-17.661252975463867,-22.586681365966797,-18.958770751953125,1.2975177764892578,n,known
de,Darwinismus,m,darwinism,Darwinism,suffix_ctrl,ismus,native,2.61,True,,wiktionary:kaikki@2026-10-03,-19.340988159179688,-23.697948455810547,-24.241456985473633,4.356960296630859,f,-19.66996955871582,-26.249319076538086,-22.37360382080078,2.703634262084961,n,known
de,Schamanismus,m,shamanism,shamanism,suffix_ctrl,ismus,unknown,2.56,False,,wiktionary:kaikki@2026-10-03,-19.39214324951172,-24.088077545166016,-22.30986213684082,2.9177188873291016,n,-22.88119888305664,-26.41560935974121,-20.61029052734375,-2.2709083557128906,n,conflict
de,Metabolismus,m,metabolism,metabolism,suffix_ctrl,ismus,unknown,2.56,True,,wiktionary:kaikki@2026-10-03,-16.738128662109375,-21.12677001953125,-20.32330894470215,3.5851802825927734,n,-17.719228744506836,-22.58049964904785,-20.107425689697266,2.3881969451904297,n,known
de,Satanismus,m,satanism,satanism,suffix_ctrl,ismus,native,2.51,False,,wiktionary:kaikki@2026-10-03,-25.025390625,-24.669021606445312,-23.5772705078125,-1.4481201171875,n,-20.182781219482422,-25.672435760498047,-23.476701736450195,3.2939205169677734,n,conflict
de,Unabhängigkeit,f,independence,independence,suffix_ctrl,keit,native,4.2,False,,wiktionary:kaikki@2026-10-03,-24.109966278076172,-15.606192588806152,-23.975006103515625,8.368813514709473,n,-23.359539031982422,-16.94335174560547,-22.483476638793945,5.540124893188477,n,known
de,Ewigkeit,f,eternity,eternity,suffix_ctrl,keit,native,4.05,False,,wiktionary:kaikki@2026-10-03,-19.711811065673828,-15.296968460083008,-20.341352462768555,4.41484260559082,m,-20.503402709960938,-13.897767066955566,-18.75102996826172,4.853262901306152,n,known
de,Gültigkeit,f,validity,validity,suffix_ctrl,keit,native,3.75,False,,wiktionary:kaikki@2026-10-03,-22.57966423034668,-19.137855529785156,-23.742921829223633,3.4418087005615234,m,-23.622737884521484,-19.362926483154297,-24.806480407714844,4.2598114013671875,m,known
de,Wirtschaftlichkeit,f,efficiency,"efficiency, economic efficiency, profitability, cost-effectiveness, economic viability",suffix_ctrl,keit,native,3.55,False,,wiktionary:kaikki@2026-10-03,-21.941967010498047,-19.284423828125,-24.858535766601562,2.657543182373047,m,-22.47895622253418,-18.25299072265625,-23.95401382446289,4.22596549987793,m,known
de,Rechtmäßigkeit,f,legality,"legality, legitimacy",suffix_ctrl,keit,native,3.25,False,,wiktionary:kaikki@2026-10-03,-27.149126052856445,-20.646472930908203,-27.2441463470459,6.502653121948242,m,-26.9556884765625,-17.652376174926758,-24.58087921142578,6.928503036499023,n,known
de,Achtsamkeit,f,mindfulness,"mindfulness, wariness",suffix_ctrl,keit,native,3.24,False,,wiktionary:kaikki@2026-10-03,-20.49996566772461,-17.313716888427734,-21.232547760009766,3.186248779296875,m,-23.682296752929688,-18.329627990722656,-22.37278175354004,4.043153762817383,n,known
de,Regelmäßigkeit,f,homogeneity,"homogeneity, uniformity",suffix_ctrl,keit,native,3.2,False,,wiktionary:kaikki@2026-10-03,-21.4205265045166,-14.844806671142578,-24.096248626708984,6.575719833374023,m,-19.17171859741211,-13.065340995788574,-20.845306396484375,6.106377601623535,m,known
de,Sinnlichkeit,f,sensuality,sensuality,suffix_ctrl,keit,unknown,3.17,False,,wiktionary:kaikki@2026-10-03,-20.800762176513672,-19.00822639465332,-24.02509880065918,1.7925357818603516,m,-20.953392028808594,-18.635305404663086,-23.127609252929688,2.318086624145508,m,known
de,Wertigkeit,f,valence,valence,suffix_ctrl,keit,native,3.16,False,,wiktionary:kaikki@2026-10-03,-23.10245132446289,-18.576263427734375,-24.997432708740234,4.526187896728516,m,-21.38909912109375,-17.738113403320312,-24.861183166503906,3.6509857177734375,m,known
de,Wachsamkeit,f,vigilance,vigilance,suffix_ctrl,keit,native,2.98,False,,wiktionary:kaikki@2026-10-03,-21.646224975585938,-18.13001251220703,-21.37261962890625,3.2426071166992188,n,-18.877460479736328,-14.81688404083252,-20.08245849609375,4.060576438903809,m,known
de,Fettleibigkeit,f,obesity,obesity,suffix_ctrl,keit,native,2.92,False,,wiktionary:kaikki@2026-10-03,-21.49822998046875,-19.047161102294922,-21.070655822753906,2.0234947204589844,n,-22.757610321044922,-18.656631469726562,-22.409198760986328,3.7525672912597656,n,known
de,Hartnäckigkeit,f,tenacity,"tenacity, persistence, doggedness",suffix_ctrl,keit,native,2.91,False,,wiktionary:kaikki@2026-10-03,-24.165618896484375,-22.31753921508789,-24.330795288085938,1.8480796813964844,m,-21.49452781677246,-18.136425018310547,-21.00878143310547,2.872356414794922,n,known
de,Mächtigkeit,f,cardinality,cardinality,suffix_ctrl,keit,unknown,2.89,False,,wiktionary:kaikki@2026-10-03,-24.584726333618164,-18.988069534301758,-24.781391143798828,5.596656799316406,m,-23.082260131835938,-17.97635269165039,-23.91108512878418,5.105907440185547,m,known
de,Enthaltsamkeit,f,abstinence,abstinence,suffix_ctrl,keit,native,2.72,False,,wiktionary:kaikki@2026-10-03,-21.150001525878906,-19.47833251953125,-23.453840255737305,1.6716690063476562,m,-22.165603637695312,-17.82720184326172,-23.436098098754883,4.338401794433594,m,known
de,Vergesslichkeit,f,forgetfulness,forgetfulness,suffix_ctrl,keit,unknown,2.69,False,,wiktionary:kaikki@2026-10-03,-27.495811462402344,-18.864561080932617,-26.025686264038086,7.161125183105469,n,-23.908950805664062,-17.339048385620117,-22.84619903564453,5.507150650024414,n,known
de,Redlichkeit,f,honesty,"honesty, integrity",suffix_ctrl,keit,native,2.66,False,,wiktionary:kaikki@2026-10-03,-21.821186065673828,-18.021604537963867,-21.367572784423828,3.345968246459961,n,-22.729339599609375,-18.932716369628906,-22.06014633178711,3.127429962158203,n,known
de,Unmündigkeit,f,immaturity,immaturity,suffix_ctrl,keit,native,2.65,False,,wiktionary:kaikki@2026-10-03,-24.23516845703125,-20.40060806274414,-25.708620071411133,3.8345603942871094,m,-25.170183181762695,-20.049657821655273,-24.523113250732422,4.473455429077148,n,known
de,Heftigkeit,f,fierceness,"fierceness, vehemence",suffix_ctrl,keit,unknown,2.58,False,,wiktionary:kaikki@2026-10-03,-25.66164207458496,-22.935516357421875,-21.840126037597656,-1.0953903198242188,n,-22.356307983398438,-17.679075241088867,-22.995349884033203,4.67723274230957,m,conflict
de,Mehrdeutigkeit,f,ambiguity,ambiguity,suffix_ctrl,keit,native,2.57,False,,wiktionary:kaikki@2026-10-03,-21.665576934814453,-17.312543869018555,-23.016929626464844,4.353033065795898,m,-16.548738479614258,-14.974231719970703,-17.51588249206543,1.5745067596435547,m,known
de,Unsichtbarkeit,f,invisibility,invisibility,suffix_ctrl,keit,native,2.55,False,,wiktionary:kaikki@2026-10-03,-21.9981746673584,-20.748767852783203,-23.098896026611328,1.2494068145751953,m,-21.539722442626953,-18.035690307617188,-25.43233871459961,3.5040321350097656,m,known
de,Engagement,n,commitment,"commitment, dedication",suffix_ctrl,ment,loan,4.45,True,,wiktionary:kaikki@2026-10-03,-19.27621078491211,-19.263214111328125,-14.916507720947266,4.346706390380859,f,-18.926864624023438,-18.033964157104492,-12.729138374328613,5.304825782775879,f,known
de,Dokument,n,document,document,suffix_ctrl,ment,loan,4.16,False,,wiktionary:kaikki@2026-10-03,-14.295509338378906,-16.93669891357422,-9.768259048461914,4.527250289916992,m,-17.34415054321289,-18.200950622558594,-11.175798416137695,6.168352127075195,m,known
de,Kompliment,n,compliment,compliment,suffix_ctrl,ment,loan,3.84,True,,wiktionary:kaikki@2026-10-03,-19.138248443603516,-18.349807739257812,-13.155662536621094,5.194145202636719,f,-19.016460418701172,-18.626022338867188,-12.713005065917969,5.913017272949219,f,known
de,Fundament,n,foundation,foundation,suffix_ctrl,ment,native,3.84,False,,wiktionary:kaikki@2026-10-03,-17.24700164794922,-18.249568939208984,-12.190386772155762,5.056614875793457,m,-19.417186737060547,-20.45037078857422,-12.169221878051758,7.247964859008789,m,known
de,Sortiment,n,range,range (the entirety or a particular grouping of the articles produced by a company or sold by a shop),suffix_ctrl,ment,loan,3.81,False,,wiktionary:kaikki@2026-10-03,-17.14076042175293,-19.29419708251953,-13.072744369506836,4.068016052246094,m,-17.30002212524414,-18.61474609375,-16.124332427978516,1.175689697265625,m,known
de,Medikament,n,drug,"drug, medicine",suffix_ctrl,ment,loan,3.77,False,,wiktionary:kaikki@2026-10-03,-19.089618682861328,-22.9023380279541,-14.922256469726562,4.167362213134766,m,-18.97801971435547,-18.336706161499023,-13.073371887207031,5.263334274291992,f,known
de,Temperament,n,temperament,temperament,suffix_ctrl,ment,loan,3.4,True,,wiktionary:kaikki@2026-10-03,-21.443876266479492,-25.64371681213379,-17.13100242614746,4.312873840332031,m,-24.238182067871094,-25.538166046142578,-16.879905700683594,7.3582763671875,m,known
de,Reglement,n,regulation,"regulation, regulations",suffix_ctrl,ment,loan,3.3,False,,wiktionary:kaikki@2026-10-03,-18.436368942260742,-18.218278884887695,-14.925443649291992,3.292835235595703,f,-15.899669647216797,-17.428678512573242,-12.54591178894043,3.353757858276367,m,known
de,Abonnement,n,subscription,subscription,suffix_ctrl,ment,loan,3.25,False,,wiktionary:kaikki@2026-10-03,-22.342300415039062,-24.14475440979004,-15.194540023803711,7.147760391235352,m,-19.023181915283203,-20.502220153808594,-13.773809432983398,5.249372482299805,m,known
de,Appartement,n,suite in a hotel,suite in a hotel,suffix_ctrl,ment,loan,3.23,False,,wiktionary:kaikki@2026-10-03,-17.09128189086914,-23.047021865844727,-16.72173309326172,0.3695487976074219,m,-18.610008239746094,-20.852642059326172,-15.15692138671875,3.4530868530273438,m,unsure
de,Sakrament,n,sacrament,sacrament,suffix_ctrl,ment,native,3.18,False,,wiktionary:kaikki@2026-10-03,-18.55274772644043,-23.192270278930664,-16.16420555114746,2.3885421752929688,m,-18.509021759033203,-22.811580657958984,-14.299230575561523,4.20979118347168,m,known
de,Etablissement,n,establishment,establishment,suffix_ctrl,ment,loan,2.92,False,,wiktionary:kaikki@2026-10-03,-19.438642501831055,-20.123151779174805,-16.153379440307617,3.2852630615234375,m,-18.167835235595703,-18.40220832824707,-15.877640724182129,2.290194511413574,m,known
de,Pergament,n,parchment,parchment (material),suffix_ctrl,ment,loan,2.92,False,,wiktionary:kaikki@2026-10-03,-19.226364135742188,-21.266096115112305,-15.21402359008789,4.012340545654297,m,-20.965354919433594,-20.6021728515625,-14.32237720489502,6.2797956466674805,f,known
de,Firmament,n,firmament,"firmament (the sky, especially when conceived as a dome)",suffix_ctrl,ment,native,2.63,True,,wiktionary:kaikki@2026-10-03,-20.854585647583008,-22.107398986816406,-16.636714935302734,4.217870712280273,m,-18.731708526611328,-19.585874557495117,-13.718254089355469,5.013454437255859,m,known
de,Ressentiment,n,resentment,resentment,suffix_ctrl,ment,loan,2.56,True,,wiktionary:kaikki@2026-10-03,-18.840744018554688,-20.406723022460938,-19.271121978759766,-0.4303779602050781,m,-21.131916046142578,-21.750621795654297,-19.84316635131836,1.2887496948242188,m,unsure
de,Irrtum,m,error,"error, mistake",suffix_ctrl,tum,native,3.87,False,,wiktionary:kaikki@2026-10-03,-15.585168838500977,-23.44513702392578,-19.383390426635742,3.7982215881347656,n,-10.401232719421387,-19.724529266357422,-15.353622436523438,4.952389717102051,n,known
de,Wachstum,n,growth,growth,suffix_ctrl,tum,native,4.41,False,,wiktionary:kaikki@2026-10-03,-20.63121795654297,-23.03199005126953,-15.824078559875488,4.8071393966674805,m,-17.19704818725586,-18.26169204711914,-12.506196975708008,4.690851211547852,m,known
de,Eigentum,n,ownership,ownership,suffix_ctrl,tum,native,4.29,False,,wiktionary:kaikki@2026-10-03,-18.932491302490234,-21.350770950317383,-14.41950511932373,4.512986183166504,m,-19.676132202148438,-20.529712677001953,-14.96987247467041,4.706259727478027,m,known
de,Bistum,n,bishopric,bishopric,suffix_ctrl,tum,native,3.6,False,,wiktionary:kaikki@2026-10-03,-17.359539031982422,-21.58953094482422,-14.591825485229492,2.7677135467529297,m,-14.131721496582031,-19.393665313720703,-12.657626152038574,1.474095344543457,m,known
de,Heiligtum,n,sacred site,sacred site; sanctuary; shrine,suffix_ctrl,tum,native,3.33,False,,wiktionary:kaikki@2026-10-03,-17.902217864990234,-20.832759857177734,-14.93570327758789,2.9665145874023438,m,-15.160541534423828,-18.453231811523438,-11.941911697387695,3.218629837036133,m,known
de,Altertum,n,antiquity,antiquity,suffix_ctrl,tum,native,3.14,False,,wiktionary:kaikki@2026-10-03,-18.977006912231445,-23.695602416992188,-14.927221298217773,4.049785614013672,m,-22.540950775146484,-26.041820526123047,-17.14732551574707,5.393625259399414,m,known
de,Schrifttum,n,corpus,corpus (entirety of literature in a particular domain),suffix_ctrl,tum,native,2.74,False,,wiktionary:kaikki@2026-10-03,-16.77509307861328,-21.921337127685547,-16.185890197753906,0.589202880859375,m,-17.746252059936523,-21.258460998535156,-18.05249786376953,-0.3062458038330078,m,unsure
de,Heldentum,n,heroism,heroism,suffix_ctrl,tum,unknown,2.62,False,,wiktionary:kaikki@2026-10-03,-25.490848541259766,-22.98553466796875,-17.924949645996094,5.060585021972656,f,-22.335464477539062,-20.43503761291504,-16.064960479736328,4.370077133178711,f,known
de,Forschung,f,research,research,suffix_ctrl,ung,native,4.7,False,,wiktionary:kaikki@2026-10-03,-21.011646270751953,-14.78930377960205,-21.149089813232422,6.222342491149902,m,-22.516216278076172,-15.372549057006836,-20.781005859375,5.408456802368164,n,known
de,Umsetzung,f,implementation,"implementation, execution, realisation",suffix_ctrl,ung,native,4.45,False,,wiktionary:kaikki@2026-10-03,-18.561681747436523,-11.588571548461914,-17.937314987182617,6.348743438720703,n,-21.859193801879883,-15.465392112731934,-20.929527282714844,5.46413516998291,n,known
de,Entfernung,f,distance,distance,suffix_ctrl,ung,native,4.37,False,,wiktionary:kaikki@2026-10-03,-16.02960968017578,-12.606131553649902,-18.675952911376953,3.423478126525879,m,-19.170894622802734,-14.08719253540039,-19.704246520996094,5.083702087402344,m,known
de,Abwechslung,f,alternation,alternation,suffix_ctrl,ung,unknown,4.01,False,,wiktionary:kaikki@2026-10-03,-21.39591407775879,-16.404035568237305,-22.048471450805664,4.991878509521484,m,-18.87535858154297,-15.135437965393066,-19.318462371826172,3.7399206161499023,m,known
de,Verspätung,f,delay,"delay, lateness, late arrival",suffix_ctrl,ung,native,3.98,False,,wiktionary:kaikki@2026-10-03,-19.640439987182617,-16.23760223388672,-19.428205490112305,3.190603256225586,n,-18.348953247070312,-14.905488967895508,-18.34603500366211,3.4405460357666016,n,known
de,Vergütung,f,consideration,"consideration, emolument (a recompense for something done)",suffix_ctrl,ung,native,3.71,False,,wiktionary:kaikki@2026-10-03,-26.06468963623047,-16.523433685302734,-22.846511840820312,6.323078155517578,n,-23.124431610107422,-14.473785400390625,-22.098073959350586,7.624288558959961,n,known
de,Benennung,f,naming,"naming, denomination",suffix_ctrl,ung,native,3.62,False,,wiktionary:kaikki@2026-10-03,-23.22040367126465,-17.63882827758789,-23.306812286376953,5.581575393676758,m,-22.306400299072266,-16.79629898071289,-23.56916046142578,5.510101318359375,m,known
de,Qualifizierung,f,qualification,qualification,suffix_ctrl,ung,unknown,3.34,False,,wiktionary:kaikki@2026-10-03,-24.235050201416016,-18.241987228393555,-24.84465789794922,5.993062973022461,m,-26.625547409057617,-18.658123016357422,-25.651691436767578,6.993568420410156,n,known
de,Verschmelzung,f,merger,"merger, amalgamation",suffix_ctrl,ung,native,3.32,False,,wiktionary:kaikki@2026-10-03,-21.59505271911621,-17.54647445678711,-22.237411499023438,4.048578262329102,m,-19.30333137512207,-15.600423812866211,-19.698837280273438,3.7029075622558594,m,known
de,Zerschlagung,f,destruction,"destruction, crushing, smashing, shattering",suffix_ctrl,ung,native,3.22,False,,wiktionary:kaikki@2026-10-03,-21.397748947143555,-20.122516632080078,-25.64706039428711,1.2752323150634766,m,-22.24323081970215,-18.02427101135254,-23.657127380371094,4.218959808349609,m,known
de,Anziehung,f,attraction,attraction; pull; draw,suffix_ctrl,ung,unknown,3.11,False,,wiktionary:kaikki@2026-10-03,-22.507041931152344,-17.451051712036133,-22.3218936920166,4.870841979980469,n,-19.86910057067871,-14.265119552612305,-19.294355392456055,5.02923583984375,n,known
de,Namensgebung,f,naming,naming (name giving),suffix_ctrl,ung,native,3.08,False,,wiktionary:kaikki@2026-10-03,-24.479270935058594,-16.472461700439453,-22.934492111206055,6.462030410766602,n,-24.8332576751709,-15.074576377868652,-23.28412628173828,8.209549903869629,n,known
de,Vervielfältigung,f,duplication,duplication,suffix_ctrl,ung,native,3.07,False,,wiktionary:kaikki@2026-10-03,-24.86663246154785,-16.61636734008789,-22.07546615600586,5.459098815917969,n,-23.69451904296875,-16.584810256958008,-22.232852935791016,5.648042678833008,n,known
de,Abwandlung,f,adaptation,"adaptation, variation",suffix_ctrl,ung,native,3.0,False,,wiktionary:kaikki@2026-10-03,-21.541685104370117,-17.014312744140625,-24.370033264160156,4.527372360229492,m,-20.8427734375,-16.663494110107422,-22.873849868774414,4.179279327392578,m,known
de,Suspendierung,f,suspension,suspension,suffix_ctrl,ung,native,2.99,False,,wiktionary:kaikki@2026-10-03,-24.31961441040039,-20.783824920654297,-25.64677619934082,3.5357894897460938,m,-22.538148880004883,-16.871097564697266,-23.516077041625977,5.667051315307617,m,known
de,Verkettung,f,concatenation,concatenation,suffix_ctrl,ung,native,2.85,False,,wiktionary:kaikki@2026-10-03,-22.342697143554688,-16.092639923095703,-21.455402374267578,5.362762451171875,n,-21.141233444213867,-15.186540603637695,-21.40611457824707,5.954692840576172,m,known
de,Biegung,f,bend,bend; curve,suffix_ctrl,ung,native,2.83,False,,wiktionary:kaikki@2026-10-03,-22.29168128967285,-16.103374481201172,-24.451242446899414,6.18830680847168,m,-19.033864974975586,-12.99328327178955,-22.297645568847656,6.040581703186035,m,known
de,Federung,f,suspension,suspension,suffix_ctrl,ung,unknown,2.81,False,,wiktionary:kaikki@2026-10-03,-23.653160095214844,-16.803770065307617,-25.178146362304688,6.849390029907227,m,-23.760452270507812,-14.767656326293945,-23.414443969726562,8.646787643432617,n,known
de,Beheizung,f,heating,heating,suffix_ctrl,ung,unknown,2.7,False,,wiktionary:kaikki@2026-10-03,-21.532926559448242,-15.783891677856445,-23.7689208984375,5.749034881591797,m,-22.446697235107422,-16.553226470947266,-23.481185913085938,5.893470764160156,m,known
de,Streckung,f,stretching,"stretching, straightening (both spatially as well as temporally)",suffix_ctrl,ung,native,2.65,False,,wiktionary:kaikki@2026-10-03,-25.113014221191406,-17.835918426513672,-22.306983947753906,4.471065521240234,n,-22.45513916015625,-16.553380966186523,-24.135234832763672,5.901758193969727,m,known
