stem,ending,lang,lemma,ctx1_margin,ctx2_margin,n_tokens,tokens
siant,a,es,sianta,-1.0477619171142578,-2.517854690551758,2, si|anta
siant,o,es,sianto,4.567462921142578,2.9675865173339844,2, si|anto
siant,e,es,siante,0.8094024658203125,1.3776321411132812,2, si|ante
siant,iz,es,siantiz,2.758230209350586,0.8111953735351562,3, si|ant|iz
capirr,a,es,capirra,1.314321517944336,1.6793994903564453,3, cap|ir|ra
capirr,o,es,capirro,5.636335372924805,7.480035781860352,3, cap|ir|ro
capirr,e,es,capirre,3.0156917572021484,3.3740062713623047,3, cap|ir|re
capirr,iz,es,capirriz,1.3007621765136719,4.099994659423828,3, cap|ir|riz
sosl,a,es,sosla,-3.5063228607177734,-4.192567825317383,2, sos|la
sosl,o,es,soslo,3.5869712829589844,4.286069869995117,2, sos|lo
sosl,e,es,sosle,-1.2375984191894531,-2.2986927032470703,2, sos|le
sosl,iz,es,sosliz,0.5385322570800781,1.4871330261230469,3, s|osl|iz
veuald,a,es,veualda,-2.2350616455078125,-1.8478584289550781,3, ve|ual|da
veuald,o,es,veualdo,2.391366958618164,2.8088607788085938,3, ve|ual|do
veuald,e,es,veualde,-0.13196945190429688,-0.022029876708984375,3, ve|ual|de
veuald,iz,es,veualdiz,-0.2089691162109375,-0.15172195434570312,4, ve|ual|d|iz
mesuid,a,es,mesuida,-2.0400829315185547,2.1026172637939453,2, mes|uida
mesuid,o,es,mesuido,2.1339340209960938,7.717983245849609,2, mes|uido
mesuid,e,es,mesuide,-2.426219940185547,5.050479888916016,2, mes|uide
mesuid,iz,es,mesuidiz,-0.18590927124023438,5.291492462158203,3, mes|uid|iz
consixt,a,es,consixta,-4.541257858276367,-1.7786407470703125,3, cons|ix|ta
consixt,o,es,consixto,1.1333065032958984,6.048524856567383,3, cons|ix|to
consixt,e,es,consixte,-0.9795036315917969,2.1717052459716797,3, cons|ix|te
consixt,iz,es,consixtiz,-0.7213249206542969,1.5158576965332031,4, cons|ix|t|iz
sañer,a,es,sañera,-5.018512725830078,-3.725444793701172,3, sa|ñ|era
sañer,o,es,sañero,1.599679946899414,2.609161376953125,3, sa|ñ|ero
sañer,e,es,sañere,-2.7532882690429688,0.25189208984375,3, sa|ñ|ere
sañer,iz,es,sañeriz,-5.261894226074219,-2.0489234924316406,4, sa|ñ|er|iz
sezall,a,es,sezalla,-3.3272132873535156,-2.1204986572265625,2, sez|alla
sezall,o,es,sezallo,0.4502296447753906,0.7078819274902344,2, sez|allo
sezall,e,es,sezalle,-1.4557056427001953,0.8966026306152344,2, sez|alle
sezall,iz,es,sezalliz,-1.7110977172851562,0.8485183715820312,3, sez|all|iz
robed,a,es,robeda,1.6974029541015625,-1.7665824890136719,3, ro|bed|a
robed,o,es,robedo,2.200653076171875,2.2393760681152344,2, ro|bedo
robed,e,es,robede,3.6623573303222656,2.501842498779297,3, ro|bed|e
robed,iz,es,robediz,2.548978805541992,1.7403087615966797,3, ro|bed|iz
tencej,a,es,tenceja,0.10121536254882812,-3.945720672607422,3, t|ence|ja
tencej,o,es,tencejo,7.431072235107422,4.394670486450195,3, t|ence|jo
tencej,e,es,tenceje,4.2850799560546875,0.06598663330078125,3, t|ence|je
tencej,iz,es,tencejiz,1.9115219116210938,1.2096481323242188,4, t|ence|j|iz
conmet,a,es,conmeta,-1.3688526153564453,-2.9807815551757812,2, con|meta
conmet,o,es,conmeto,4.711780548095703,4.724428176879883,3, con|met|o
conmet,e,es,conmete,1.9668407440185547,1.6594123840332031,3, con|met|e
conmet,iz,es,conmetiz,-1.8037071228027344,-1.1871490478515625,3, con|met|iz
rolgur,a,es,rolgura,0.3038597106933594,3.8201332092285156,3, ro|lg|ura
rolgur,o,es,rolguro,3.371601104736328,7.9577484130859375,3, ro|lg|uro
rolgur,e,es,rolgure,3.0434112548828125,6.497413635253906,3, ro|lg|ure
rolgur,iz,es,rolguriz,1.6191291809082031,4.963314056396484,4, ro|lg|ur|iz
cipt,a,es,cipta,1.57415771484375,1.378946304321289,3, c|ipt|a
cipt,o,es,cipto,5.744939804077148,1.9682998657226562,3, c|ipt|o
cipt,e,es,cipte,4.065586090087891,-0.6534347534179688,3, c|ipt|e
cipt,iz,es,ciptiz,3.572711944580078,1.1057395935058594,3, c|ipt|iz
vasd,a,es,vasda,-4.424917221069336,-1.5499401092529297,2, vas|da
vasd,o,es,vasdo,3.9655303955078125,4.546669006347656,2, vas|do
vasd,e,es,vasde,-0.6116371154785156,1.6952323913574219,2, vas|de
vasd,iz,es,vasdiz,0.15710830688476562,1.964202880859375,3, vas|d|iz
rombr,a,es,rombra,-1.1858196258544922,-5.103233337402344,2, rom|bra
rombr,o,es,rombro,6.355274200439453,4.5146331787109375,2, rom|bro
rombr,e,es,rombre,3.567384719848633,2.273561477661133,2, rom|bre
rombr,iz,es,rombriz,-2.038990020751953,-3.5274314880371094,3, rom|br|iz
nolun,a,es,noluna,-2.145160675048828,1.8893165588378906,3, n|ol|una
nolun,o,es,noluno,2.917081832885742,7.994697570800781,3, n|ol|uno
nolun,e,es,nolune,0.2817878723144531,4.690265655517578,3, n|ol|une
nolun,iz,es,noluniz,0.4139251708984375,5.2357177734375,4, n|ol|un|iz
boltur,a,es,boltura,1.134817123413086,0.5347194671630859,2, bolt|ura
boltur,o,es,bolturo,5.102140426635742,4.523683547973633,2, bolt|uro
boltur,e,es,bolture,2.9685840606689453,4.949756622314453,2, bol|ture
boltur,iz,es,bolturiz,2.213165283203125,2.3467254638671875,3, bolt|ur|iz
gemn,a,es,gemna,-0.6085166931152344,-1.4296092987060547,2, gem|na
gemn,o,es,gemno,4.115238189697266,4.941677093505859,2, gem|no
gemn,e,es,gemne,1.119476318359375,0.11807632446289062,2, gem|ne
gemn,iz,es,gemniz,-0.5269355773925781,0.2933387756347656,3, gem|n|iz
canfoct,a,es,canfocta,0.8439407348632812,-0.8047599792480469,3, can|fo|cta
canfoct,o,es,canfocto,5.917076110839844,3.471324920654297,4, can|fo|ct|o
canfoct,e,es,canfocte,4.183895111083984,2.113018035888672,4, can|fo|ct|e
canfoct,iz,es,canfoctiz,4.149017333984375,1.5067520141601562,4, can|fo|ct|iz
lazm,a,es,lazma,1.7735309600830078,-0.007884979248046875,2, laz|ma
lazm,o,es,lazmo,2.238351821899414,2.4320068359375,2, laz|mo
lazm,e,es,lazme,2.5325145721435547,1.8971900939941406,2, laz|me
lazm,iz,es,lazmiz,0.5174751281738281,0.6212921142578125,3, la|zm|iz
gaibl,a,es,gaibla,0.008974075317382812,3.0172691345214844,3, ga|ib|la
gaibl,o,es,gaiblo,3.2479705810546875,4.42237663269043,3, ga|ib|lo
gaibl,e,es,gaible,1.5477485656738281,2.7710304260253906,2, ga|ible
gaibl,iz,es,gaibliz,0.9607048034667969,2.227527618408203,4, ga|ib|l|iz
nolur,a,es,nolura,-2.3822975158691406,1.1045188903808594,3, n|ol|ura
nolur,o,es,noluro,3.987964630126953,6.090400695800781,3, n|ol|uro
nolur,e,es,nolure,0.22096824645996094,4.0727081298828125,3, n|ol|ure
nolur,iz,es,noluriz,-1.2712478637695312,3.9273223876953125,4, n|ol|ur|iz
cliet,a,es,clieta,-0.11139297485351562,-1.8053836822509766,2, cli|eta
cliet,o,es,clieto,5.54151725769043,4.576133728027344,2, cli|eto
cliet,e,es,cliete,2.6413707733154297,1.4200210571289062,2, cli|ete
cliet,iz,es,clietiz,-2.2752761840820312,-2.8585357666015625,3, cli|et|iz
corneñ,a,es,corneña,-1.4316825866699219,-2.5456771850585938,3, cor|ne|ña
corneñ,o,es,corneño,9.321712493896484,8.76136589050293,3, cor|ne|ño
corneñ,e,es,corneñe,2.7191600799560547,2.5578880310058594,3, cor|ne|ñe
corneñ,iz,es,corneñiz,3.7689857482910156,4.071876525878906,4, cor|ne|ñ|iz
pamer,a,es,pamera,-1.0294361114501953,-0.9157772064208984,2, p|amera
pamer,o,es,pamero,2.346681594848633,3.53863525390625,2, pam|ero
pamer,e,es,pamere,1.1368579864501953,0.22530746459960938,2, pam|ere
pamer,iz,es,pameriz,0.6136569976806641,0.4502143859863281,3, p|amer|iz
caltev,a,es,calteva,-3.9243030548095703,-2.537342071533203,3, cal|te|va
caltev,o,es,caltevo,3.186685562133789,4.637626647949219,3, cal|te|vo
caltev,e,es,calteve,-0.0059986114501953125,1.7934684753417969,3, cal|te|ve
caltev,iz,es,calteviz,0.05931663513183594,2.198322296142578,3, cal|te|viz
nuedr,a,es,nuedra,0.5723152160644531,1.6502304077148438,3, n|ued|ra
nuedr,o,es,nuedro,6.9345245361328125,8.110580444335938,3, n|ued|ro
nuedr,e,es,nuedre,2.4422245025634766,4.598728179931641,3, n|ued|re
nuedr,iz,es,nuedriz,-0.032978057861328125,1.9661750793457031,3, n|ued|riz
capord,a,es,caporda,-1.076883316040039,0.7912635803222656,2, cap|orda
capord,o,es,capordo,4.369565963745117,6.1511993408203125,2, cap|ordo
capord,e,es,caporde,3.3918685913085938,4.556884765625,2, cap|orde
capord,iz,es,capordiz,2.6374130249023438,3.6452064514160156,3, cap|ord|iz
huech,a,es,huecha,-4.705205917358398,-1.97796630859375,2, hue|cha
huech,o,es,huecho,8.022819519042969,9.098865509033203,2, hue|cho
huech,e,es,hueche,1.2438087463378906,4.051898956298828,2, hue|che
huech,iz,es,huechiz,-1.0186347961425781,3.385150909423828,3, hue|ch|iz
ensem,a,es,ensema,-5.310016632080078,-0.4019889831542969,2, ense|ma
ensem,o,es,ensemo,0.4438457489013672,3.191181182861328,2, ense|mo
ensem,e,es,enseme,0.3155670166015625,4.877407073974609,2, ense|me
ensem,iz,es,ensemiz,-1.9197616577148438,-4.331443786621094,3, en|sem|iz
pruet,a,es,prueta,-5.19267463684082,-4.831111907958984,3, pr|u|eta
pruet,o,es,prueto,2.9312362670898438,1.8786392211914062,3, pr|u|eto
pruet,e,es,pruete,-0.09749984741210938,-0.6517696380615234,3, pr|u|ete
pruet,iz,es,pruetiz,-2.997638702392578,-2.24267578125,3, pr|uet|iz
friat,a,es,friata,-2.4806175231933594,-5.02655029296875,2, fri|ata
friat,o,es,friato,5.746149063110352,3.6021194458007812,2, fri|ato
friat,e,es,friate,2.358793258666992,1.0513114929199219,2, fri|ate
friat,iz,es,friatiz,-0.02750396728515625,-0.28170013427734375,3, fri|at|iz
mencill,a,es,mencilla,-7.344432830810547,-2.125833511352539,2, menc|illa
mencill,o,es,mencillo,3.5635452270507812,3.449026107788086,3, m|encil|lo
mencill,e,es,mencille,-0.9795780181884766,2.3838729858398438,2, menc|ille
mencill,iz,es,mencilliz,-3.123676300048828,0.8758659362792969,3, menc|ill|iz
larrarn,a,es,larrarna,-3.8320350646972656,-4.290794372558594,3, l|arr|arna
larrarn,o,es,larrarno,3.1642684936523438,1.713409423828125,4, l|arr|arn|o
larrarn,e,es,larrarne,-2.350555419921875,-2.642688751220703,4, l|arr|ar|ne
larrarn,iz,es,larrarniz,0.7110633850097656,-0.6215133666992188,4, l|arr|arn|iz
roced,a,es,roceda,-3.519023895263672,-2.678997039794922,3, ro|ced|a
roced,o,es,rocedo,0.6190452575683594,0.9319362640380859,3, ro|ced|o
roced,e,es,rocede,-0.8580951690673828,1.5021076202392578,2, ro|cede
roced,iz,es,rocediz,-2.6341609954833984,-1.0578575134277344,3, ro|ced|iz
llares,a,es,llaresa,-5.329631805419922,-5.389423370361328,3, l|la|resa
llares,o,es,llareso,2.113779067993164,0.3696403503417969,3, l|la|reso
llares,e,es,llarese,3.4371261596679688,3.167346954345703,3, ll|are|se
llares,iz,es,llaresiz,-3.174091339111328,-2.9039649963378906,4, l|la|res|iz
cizm,a,es,cizma,1.25732421875,-2.787813186645508,3, c|iz|ma
cizm,o,es,cizmo,4.371299743652344,1.2714481353759766,3, c|iz|mo
cizm,e,es,cizme,-0.8185520172119141,-1.7492752075195312,3, c|iz|me
cizm,iz,es,cizmiz,-1.7494869232177734,-0.3892860412597656,4, c|iz|m|iz
celpern,a,es,celperna,-2.100017547607422,-8.046398162841797,3, c|elper|na
celpern,o,es,celperno,0.2799835205078125,-3.137979507446289,3, c|elper|no
celpern,e,es,celperne,-1.33837890625,-4.613101959228516,3, c|elper|ne
celpern,iz,es,celperniz,1.2579002380371094,-5.3878936767578125,4, c|elper|n|iz
nimbr,a,es,nimbra,0.8725910186767578,-0.30353736877441406,2, nim|bra
nimbr,o,es,nimbro,5.290855407714844,5.658123016357422,2, nim|bro
nimbr,e,es,nimbre,1.7064895629882812,3.456390380859375,2, nim|bre
nimbr,iz,es,nimbriz,-1.3735828399658203,1.5243511199951172,3, nim|br|iz
gorcit,a,es,gorcita,-2.999856948852539,-2.63214111328125,3, gor|c|ita
gorcit,o,es,gorcito,4.693683624267578,3.789081573486328,3, gor|c|ito
gorcit,e,es,gorcite,-0.7478485107421875,-0.5799713134765625,2, gor|cite
gorcit,iz,es,gorcitiz,-3.8615455627441406,-2.0662002563476562,3, gor|cit|iz
veist,a,es,veista,-1.5181655883789062,1.0186748504638672,2, ve|ista
veist,o,es,veisto,3.7766685485839844,3.9169845581054688,2, ve|isto
veist,e,es,veiste,1.6228599548339844,2.958087921142578,2, ve|iste
veist,iz,es,veistiz,-1.6885643005371094,3.1538772583007812,3, ve|ist|iz
nancl,a,es,nancla,0.8354225158691406,0.9526786804199219,2, nan|cla
nancl,o,es,nanclo,6.140039443969727,3.2565040588378906,3, n|anc|lo
nancl,e,es,nancle,4.677249908447266,1.2011756896972656,3, n|anc|le
nancl,iz,es,nancliz,1.7865486145019531,3.910919189453125,3, nan|cl|iz
roted,a,es,roteda,-2.6667442321777344,-3.1749496459960938,2, rot|eda
roted,o,es,rotedo,2.8380184173583984,3.833322525024414,2, rot|edo
roted,e,es,rotede,0.8483180999755859,1.2767200469970703,2, rot|ede
roted,iz,es,rotediz,-1.2145652770996094,0.5250434875488281,3, rot|ed|iz
capip,a,es,capipa,-2.4416465759277344,-2.1010055541992188,2, cap|ipa
capip,o,es,capipo,3.7946853637695312,4.818967819213867,2, cap|ipo
capip,e,es,capipe,3.6042404174804688,4.299993515014648,2, cap|ipe
capip,iz,es,capipiz,-1.083761215209961,0.5178070068359375,3, cap|ip|iz
dinnis,a,es,dinnisa,-0.48693084716796875,-2.641735076904297,3, d|inn|isa
dinnis,o,es,dinniso,5.255016326904297,2.070098876953125,3, d|inn|iso
dinnis,e,es,dinnise,1.7618217468261719,-0.9000511169433594,3, d|inn|ise
dinnis,iz,es,dinnisiz,4.91009521484375,1.9953804016113281,4, d|inn|is|iz
nanfr,a,es,nanfra,0.06229591369628906,0.8709297180175781,2, nan|fra
nanfr,o,es,nanfro,2.585765838623047,2.6687889099121094,3, nan|f|ro
nanfr,e,es,nanfre,1.5871543884277344,1.482696533203125,2, nan|fre
nanfr,iz,es,nanfriz,5.085231781005859,2.5911331176757812,3, nan|fr|iz
celerr,a,es,celerra,-2.547697067260742,-3.4019393920898438,2, cel|erra
celerr,o,es,celerro,2.8302955627441406,1.433298110961914,3, c|eler|ro
celerr,e,es,celerre,1.990875244140625,-0.829071044921875,3, c|eler|re
celerr,iz,es,celerriz,0.3028297424316406,1.6726150512695312,3, cel|err|iz
gogler,a,es,goglera,-3.261758804321289,-5.822702407836914,4, g|og|ler|a
gogler,o,es,goglero,2.6900463104248047,1.588470458984375,3, g|og|lero
gogler,e,es,goglere,0.8715744018554688,3.336275100708008,3, g|ogl|ere
gogler,iz,es,gogleriz,-5.352901458740234,-4.461570739746094,4, g|og|ler|iz
larrens,a,es,larrensa,-1.3260498046875,0.20186996459960938,3, lar|ren|sa
larrens,o,es,larrenso,2.5014724731445312,4.367988586425781,3, lar|ren|so
larrens,e,es,larrense,0.38428497314453125,2.7645111083984375,3, lar|ren|se
larrens,iz,es,larrensiz,0.7281036376953125,2.7757911682128906,3, lar|rens|iz
silp,a,es,silpa,-0.6396160125732422,-0.2588367462158203,2, sil|pa
silp,o,es,silpo,5.0913543701171875,7.238582611083984,2, sil|po
silp,e,es,silpe,0.4793529510498047,0.3513526916503906,2, sil|pe
silp,iz,es,silpiz,3.7840213775634766,2.367473602294922,3, sil|p|iz
tuesp,a,es,tuespa,-3.0524463653564453,-3.982881546020508,3, t|ues|pa
tuesp,o,es,tuespo,1.950408935546875,-0.9238452911376953,3, t|ues|po
tuesp,e,es,tuespe,0.5046463012695312,0.26537322998046875,3, t|ues|pe
tuesp,iz,es,tuespiz,0.8350791931152344,-0.5359573364257812,4, t|ues|p|iz
rompl,a,es,rompla,-2.2911319732666016,-6.205631256103516,2, rom|pla
rompl,o,es,romplo,0.5303611755371094,3.1931400299072266,3, rom|p|lo
rompl,e,es,romple,0.9304351806640625,-4.970043182373047,2, rom|ple
rompl,iz,es,rompliz,-1.1039257049560547,-3.2219924926757812,3, rom|pl|iz
entrid,a,es,entrida,-1.071786880493164,-0.08573150634765625,3, ent|rid|a
entrid,o,es,entrido,5.930210113525391,7.163484573364258,2, ent|rido
entrid,e,es,entride,2.1650257110595703,3.894855499267578,2, ent|ride
entrid,iz,es,entridiz,3.0053443908691406,2.716552734375,3, ent|rid|iz
vicr,a,es,vicra,-4.370687484741211,-2.2100048065185547,2, vic|ra
vicr,o,es,vicro,1.2189598083496094,1.3861618041992188,2, v|icro
vicr,e,es,vicre,-1.3568801879882812,0.2593803405761719,2, vic|re
vicr,iz,es,vicriz,-3.6946067810058594,-1.68609619140625,2, vic|riz
cewt,a,es,cewta,-2.5597610473632812,-5.113140106201172,3, c|ew|ta
cewt,o,es,cewto,2.6460037231445312,1.3251667022705078,3, c|ew|to
cewt,e,es,cewte,-1.229949951171875,-2.5120925903320312,3, c|ew|te
cewt,iz,es,cewtiz,-0.01609039306640625,-2.4586944580078125,4, c|ew|t|iz
niert,a,es,nierta,-4.167121887207031,-1.8057365417480469,2, ni|erta
niert,o,es,nierto,4.232200622558594,5.036062240600586,2, ni|erto
niert,e,es,nierte,1.3850364685058594,1.0651988983154297,2, ni|erte
niert,iz,es,niertiz,0.3175621032714844,1.2941246032714844,3, ni|ert|iz
cizb,a,es,cizba,-1.8069782257080078,-3.0603466033935547,3, c|iz|ba
cizb,o,es,cizbo,4.62824821472168,2.638132095336914,3, c|iz|bo
cizb,e,es,cizbe,0.8118915557861328,-0.48567771911621094,3, c|iz|be
cizb,iz,es,cizbiz,-2.0933570861816406,-1.765411376953125,3, c|iz|biz
ilclant,a,es,ilclanta,-3.740222930908203,-3.8241539001464844,3, il|cl|anta
ilclant,o,es,ilclanto,-0.34111785888671875,-0.8970069885253906,3, il|cl|anto
ilclant,e,es,ilclante,0.7993125915527344,0.11635589599609375,3, il|cl|ante
ilclant,iz,es,ilclantiz,-0.48925018310546875,-0.041778564453125,4, il|cl|ant|iz
probirt,a,es,probirta,-4.505380630493164,-4.018815994262695,3, prob|irt|a
probirt,o,es,probirto,2.769428253173828,2.4558162689208984,3, prob|ir|to
probirt,e,es,probirte,0.4786815643310547,0.04087257385253906,3, prob|ir|te
probirt,iz,es,probirtiz,-1.1782608032226562,-0.3074455261230469,3, prob|irt|iz
gongun,a,es,gonguna,1.1679115295410156,-0.4105720520019531,3, g|ong|una
gongun,o,es,gonguno,8.138669967651367,1.6462631225585938,3, g|ong|uno
gongun,e,es,gongune,4.870851516723633,1.79852294921875,3, g|ong|une
gongun,iz,es,gonguniz,3.152008056640625,-0.08100509643554688,4, g|ong|un|iz
runtr,a,es,runtra,-0.9048900604248047,0.8234043121337891,2, run|tra
runtr,o,es,runtro,2.648996353149414,3.873361587524414,2, run|tro
runtr,e,es,runtre,1.2547340393066406,3.951803207397461,2, run|tre
runtr,iz,es,runtriz,0.9681625366210938,3.8432350158691406,3, run|tr|iz
deqult,a,es,dequlta,0.11958122253417969,1.1193313598632812,3, de|q|ulta
deqult,o,es,dequlto,7.330129623413086,6.597770690917969,4, de|q|ult|o
deqult,e,es,dequlte,2.021221160888672,3.3186492919921875,4, de|q|ult|e
deqult,iz,es,dequltiz,-1.1991996765136719,1.3653297424316406,4, de|q|ult|iz
telt,a,es,telta,-0.8720932006835938,-2.608705520629883,2, t|elta
telt,o,es,telto,4.224639892578125,3.977731704711914,2, tel|to
telt,e,es,telte,1.084320068359375,0.3134288787841797,2, tel|te
telt,iz,es,teltiz,1.7012138366699219,1.1197776794433594,3, t|elt|iz
rafgur,a,es,rafgura,-1.9011039733886719,-0.4347496032714844,4, r|af|g|ura
rafgur,o,es,rafguro,4.422752380371094,5.909881591796875,4, r|af|g|uro
rafgur,e,es,rafgure,2.5408668518066406,4.3317108154296875,4, r|af|g|ure
rafgur,iz,es,rafguriz,2.161083221435547,4.253456115722656,5, r|af|g|ur|iz
ricr,a,es,ricra,-1.2482357025146484,-1.8969993591308594,2, ric|ra
ricr,o,es,ricro,-1.4226951599121094,-0.01158905029296875,2, r|icro
ricr,e,es,ricre,4.460590362548828,5.706584930419922,2, ric|re
ricr,iz,es,ricriz,-2.0848045349121094,-1.73260498046875,2, ric|riz
legl,a,es,legla,-7.247827529907227,-3.1591567993164062,2, leg|la
legl,o,es,leglo,1.7276458740234375,5.568807601928711,2, leg|lo
legl,e,es,legle,-3.1185379028320312,3.102874755859375,2, leg|le
legl,iz,es,legliz,-4.37646484375,2.5670204162597656,3, leg|l|iz
capurd,a,es,capurda,-2.26055908203125,-1.2846031188964844,3, cap|ur|da
capurd,o,es,capurdo,2.503253936767578,3.569791793823242,3, cap|ur|do
capurd,e,es,capurde,-1.0173320770263672,0.8096122741699219,3, cap|ur|de
capurd,iz,es,capurdiz,1.9462547302246094,4.119178771972656,3, cap|urd|iz
cadip,a,es,cadipa,-1.30499267578125,-1.4644889831542969,2, cad|ipa
cadip,o,es,cadipo,5.541759490966797,4.2328948974609375,2, cad|ipo
cadip,e,es,cadipe,-2.750690460205078,-5.262168884277344,3, c|adi|pe
cadip,iz,es,cadipiz,4.300624847412109,2.65185546875,3, cad|ip|iz
cadurd,a,es,cadurda,-0.6502227783203125,-1.2756690979003906,3, cad|ur|da
cadurd,o,es,cadurdo,4.842309951782227,3.548290252685547,3, cad|ur|do
cadurd,e,es,cadurde,0.48146820068359375,0.7929611206054688,3, cad|ur|de
cadurd,iz,es,cadurdiz,-0.7037734985351562,0.7314987182617188,3, cad|urd|iz
guibl,a,es,guibla,-4.9604644775390625,-4.054962158203125,3, gu|ib|la
guibl,o,es,guiblo,-1.3607635498046875,0.3076667785644531,3, gu|ib|lo
guibl,e,es,guible,-0.7790966033935547,1.6928367614746094,2, gu|ible
guibl,iz,es,guibliz,-3.8911895751953125,-1.763031005859375,4, gu|ib|l|iz
irchant,a,es,irchanta,-0.10334014892578125,0.21611785888671875,3, ir|ch|anta
irchant,o,es,irchanto,6.395025253295898,5.065509796142578,3, ir|chant|o
irchant,e,es,irchante,1.765289306640625,-0.3017845153808594,3, ir|ch|ante
irchant,iz,es,irchantiz,0.10641098022460938,1.5713348388671875,3, ir|chant|iz
mafiol,a,es,mafiola,-5.052225112915039,-7.396207809448242,3, m|afi|ola
mafiol,o,es,mafiolo,-1.447906494140625,-2.8582534790039062,3, m|afi|olo
mafiol,e,es,mafiole,-3.1655826568603516,-4.631807327270508,4, m|af|io|le
mafiol,iz,es,mafioliz,-0.4140968322753906,-2.155376434326172,4, m|af|iol|iz
manall,a,es,manalla,-4.906551361083984,-1.9037933349609375,2, man|alla
manall,o,es,manallo,3.32659912109375,4.760232925415039,2, man|allo
manall,e,es,manalle,2.18707275390625,4.141654968261719,2, man|alle
manall,iz,es,manalliz,0.6755599975585938,3.626495361328125,3, man|all|iz
druit,a,es,druita,0.005504608154296875,-0.6278266906738281,3, dr|uit|a
druit,o,es,druito,6.677593231201172,5.844146728515625,2, dr|uito
druit,e,es,druite,4.5097503662109375,3.5946502685546875,2, dr|uite
druit,iz,es,druitiz,1.8844795227050781,1.2336540222167969,3, dr|uit|iz
fov,a,es,fova,-2.9005470275878906,-4.532709121704102,2, f|ova
fov,o,es,fovo,3.0625076293945312,0.5789279937744141,2, f|ovo
fov,e,es,fove,1.3425865173339844,-1.5517215728759766,2, f|ove
fov,iz,es,foviz,0.3586235046386719,-0.7866592407226562,2, fov|iz
dejort,a,es,dejorta,-0.7300186157226562,-1.0959205627441406,2, dej|orta
dejort,o,es,dejorto,0.7006454467773438,1.2832069396972656,3, dej|ort|o
dejort,e,es,dejorte,1.5401268005371094,1.9538917541503906,2, dej|orte
dejort,iz,es,dejortiz,-1.7172050476074219,-0.8228187561035156,3, dej|ort|iz
borlant,a,es,borlanta,-1.0017642974853516,-2.8544445037841797,3, bor|l|anta
borlant,o,es,borlanto,5.069091796875,2.353811264038086,3, bor|l|anto
borlant,e,es,borlante,4.591495513916016,1.5965156555175781,3, bor|l|ante
borlant,iz,es,borlantiz,1.8985977172851562,-1.1683578491210938,4, bor|l|ant|iz
satet,a,es,sateta,-1.0125045776367188,-1.9807453155517578,2, sat|eta
satet,o,es,sateto,3.9461841583251953,5.499900817871094,2, sat|eto
satet,e,es,satete,2.8756580352783203,4.704959869384766,2, sat|ete
satet,iz,es,satetiz,0.15273094177246094,1.8243942260742188,3, sat|et|iz
pentes,a,es,pentesa,-1.743215560913086,-4.607418060302734,2, pent|esa
pentes,o,es,penteso,4.62952995300293,2.6863651275634766,2, pent|eso
pentes,e,es,pentese,0.9674510955810547,0.5382747650146484,2, pent|ese
pentes,iz,es,pentesiz,-0.5781936645507812,-3.115345001220703,3, pent|es|iz
iurend,a,es,iurenda,-2.714069366455078,-3.5424842834472656,3, i|ure|nda
iurend,o,es,iurendo,-1.4673118591308594,-2.0212669372558594,3, i|ure|ndo
iurend,e,es,iurende,-2.1527671813964844,-2.8253555297851562,3, i|ure|nde
iurend,iz,es,iurendiz,-2.2446022033691406,-2.4876365661621094,4, i|ure|nd|iz
doball,a,es,doballa,-0.22094345092773438,-2.0561294555664062,3, do|ball|a
doball,o,es,doballo,4.692935943603516,3.242982864379883,3, do|bal|lo
doball,e,es,doballe,-1.5001258850097656,0.7197189331054688,2, dob|alle
doball,iz,es,doballiz,1.8035354614257812,1.5069198608398438,3, do|ball|iz
ractur,a,es,ractura,-3.2739639282226562,-0.36177635192871094,3, r|act|ura
ractur,o,es,racturo,3.2180824279785156,4.898279190063477,3, r|act|uro
ractur,e,es,racture,2.6249217987060547,3.962657928466797,3, r|act|ure
ractur,iz,es,racturiz,0.23702239990234375,2.2509078979492188,4, r|act|ur|iz
nantr,a,es,nantra,0.04976463317871094,0.9212169647216797,2, nan|tra
nantr,o,es,nantro,4.705615997314453,5.442070007324219,2, n|antro
nantr,e,es,nantre,2.7278404235839844,5.851528167724609,3, n|ant|re
nantr,iz,es,nantriz,0.17552947998046875,0.9142684936523438,3, nan|tr|iz
unnull,a,es,unnulla,-0.058666229248046875,0.4622306823730469,3, un|null|a
unnull,o,es,unnullo,1.6528644561767578,1.7425041198730469,2, unn|ullo
unnull,e,es,unnulle,-1.5297908782958984,-1.2374420166015625,2, unn|ulle
unnull,iz,es,unnulliz,1.3105430603027344,2.9654464721679688,3, un|null|iz
clil,a,es,clila,-2.009664535522461,-3.093658447265625,2, cl|ila
clil,o,es,clilo,5.632482528686523,3.6925411224365234,2, cl|ilo
clil,e,es,clile,1.5078353881835938,-0.012874603271484375,2, cl|ile
clil,iz,es,cliliz,-2.9578285217285156,-3.361175537109375,3, cl|il|iz
malich,a,es,malicha,-4.069700241088867,-3.539600372314453,2, mal|icha
malich,o,es,malicho,3.3298568725585938,3.613086700439453,2, mal|icho
malich,e,es,maliche,1.9600868225097656,2.752777099609375,2, mal|iche
malich,iz,es,malichiz,-0.140380859375,1.8670234680175781,3, mal|ich|iz
malirr,a,es,malirra,1.8788681030273438,3.2466354370117188,3, mal|ir|ra
malirr,o,es,malirro,7.789848327636719,8.879249572753906,3, mal|ir|ro
malirr,e,es,malirre,3.925783157348633,4.852388381958008,3, mal|ir|re
malirr,iz,es,malirriz,2.362833023071289,3.4920730590820312,3, mal|ir|riz
igmend,a,es,igmenda,-5.602422714233398,-3.4257431030273438,3, ig|m|enda
igmend,o,es,igmendo,-1.0859909057617188,-1.283721923828125,3, ig|m|endo
igmend,e,es,igmende,-3.2653541564941406,-1.7416954040527344,3, ig|m|ende
igmend,iz,es,igmendiz,-2.4036521911621094,-0.6052589416503906,4, ig|m|end|iz
feiund,a,es,feiunda,-4.941997528076172,-1.1986503601074219,3, fe|i|unda
feiund,o,es,feiundo,-1.3785209655761719,1.448089599609375,3, fe|i|undo
feiund,e,es,feiunde,-2.555156707763672,0.3218994140625,3, fe|i|unde
feiund,iz,es,feiundiz,-4.419605255126953,0.19548416137695312,4, fe|i|und|iz
progilt,a,es,progilta,-1.1971855163574219,-1.4481258392333984,3, prog|il|ta
progilt,o,es,progilto,1.4380512237548828,1.7173004150390625,3, prog|il|to
progilt,e,es,progilte,1.7018184661865234,0.34246063232421875,3, prog|il|te
progilt,iz,es,progiltiz,2.43280029296875,-1.3453254699707031,3, prog|ilt|iz
manv,a,es,manva,-0.9180068969726562,1.9819087982177734,2, man|va
manv,o,es,manvo,0.26641273498535156,2.1231727600097656,2, man|vo
manv,e,es,manve,-0.012170791625976562,2.0393829345703125,2, man|ve
manv,iz,es,manviz,-0.09202957153320312,2.2675437927246094,2, man|viz
bordant,a,es,bordanta,-5.225091934204102,-3.919281005859375,2, bord|anta
bordant,o,es,bordanto,1.0637474060058594,0.7772064208984375,2, bord|anto
bordant,e,es,bordante,1.6160049438476562,1.4993934631347656,2, bord|ante
bordant,iz,es,bordantiz,-0.002079010009765625,-0.3519134521484375,3, bord|ant|iz
sosb,a,es,sosba,1.1183929443359375,0.7872390747070312,2, sos|ba
sosb,o,es,sosbo,4.183216094970703,2.905132293701172,2, sos|bo
sosb,e,es,sosbe,3.0855884552001953,1.9924602508544922,2, sos|be
sosb,iz,es,sosbiz,1.6690864562988281,0.3816184997558594,2, sos|biz
fripid,a,es,fripida,1.3881721496582031,-1.322052001953125,3, fri|p|ida
fripid,o,es,fripido,9.057975769042969,5.502098083496094,3, fri|p|ido
fripid,e,es,fripide,6.820821762084961,1.1127395629882812,3, fri|p|ide
fripid,iz,es,fripidiz,-0.5500068664550781,-1.2917518615722656,3, fri|pid|iz
encrad,a,es,encrada,-1.1213188171386719,-3.328289031982422,3, enc|r|ada
encrad,o,es,encrado,7.9777679443359375,9.813186645507812,2, enc|rado
encrad,e,es,encrade,2.8316993713378906,2.2049026489257812,2, enc|rade
encrad,iz,es,encradiz,-2.3457984924316406,1.0892257690429688,3, enc|rad|iz
emist,a,es,emista,0.05090141296386719,0.1613597869873047,2, em|ista
emist,o,es,emisto,3.9038867950439453,4.256862640380859,2, em|isto
emist,e,es,emiste,3.215747833251953,3.5644493103027344,2, em|iste
emist,iz,es,emistiz,2.1362438201904297,3.1685714721679688,3, em|ist|iz
ebist,a,es,ebista,0.4775276184082031,1.4085636138916016,2, eb|ista
ebist,o,es,ebisto,2.4341506958007812,2.5425148010253906,2, eb|isto
ebist,e,es,ebiste,2.317676544189453,3.637897491455078,2, eb|iste
ebist,iz,es,ebistiz,1.639617919921875,2.7490692138671875,3, eb|ist|iz
miej,a,es,mieja,-2.375528335571289,-1.2274398803710938,2, mie|ja
miej,o,es,miejo,2.0774993896484375,2.5625991821289062,2, mie|jo
miej,e,es,mieje,-0.21549606323242188,1.7333641052246094,2, mie|je
miej,iz,es,miejiz,-3.6437339782714844,-0.9503555297851562,3, mie|j|iz
connet,a,es,conneta,-2.619344711303711,-2.077451705932617,2, conn|eta
connet,o,es,conneto,4.76220703125,4.032997131347656,2, conn|eto
connet,e,es,connete,2.426044464111328,2.1391220092773438,2, conn|ete
connet,iz,es,connetiz,7.170833587646484,1.7957115173339844,3, conn|et|iz
hiad,a,es,hiada,-2.8232860565185547,-5.121831893920898,2, hi|ada
hiad,o,es,hiado,4.213483810424805,2.763406753540039,2, hi|ado
hiad,e,es,hiade,-1.9335384368896484,-1.5670452117919922,2, hi|ade
hiad,iz,es,hiadiz,0.2742958068847656,-1.197967529296875,3, hi|ad|iz
veuard,a,es,veuarda,-1.6534500122070312,-1.5317459106445312,3, ve|uard|a
veuard,o,es,veuardo,2.4482803344726562,2.861888885498047,3, ve|uard|o
veuard,e,es,veuarde,0.2608146667480469,1.3498497009277344,3, ve|uar|de
veuard,iz,es,veuardiz,-1.9330253601074219,0.3962974548339844,3, ve|uard|iz
riezm,a,es,riezma,1.0709037780761719,-1.451040267944336,3, r|iez|ma
riezm,o,es,riezmo,3.5447750091552734,2.336416244506836,3, r|iez|mo
riezm,e,es,riezme,1.9205703735351562,1.4699230194091797,3, r|iez|me
riezm,iz,es,riezmiz,-0.138763427734375,1.8618698120117188,4, r|ie|zm|iz
fincun,a,es,fincuna,0.11722183227539062,0.087799072265625,3, fin|c|una
fincun,o,es,fincuno,6.856632232666016,5.096979141235352,3, fin|c|uno
fincun,e,es,fincune,0.2985382080078125,1.3609275817871094,3, fin|c|une
fincun,iz,es,fincuniz,4.17041015625,3.169750213623047,4, fin|c|un|iz
crañ,a,es,craña,-6.830236434936523,-4.383857727050781,2, cra|ña
crañ,o,es,craño,-0.26349830627441406,0.7151260375976562,2, cra|ño
crañ,e,es,crañe,-4.097408294677734,-2.456003189086914,2, cra|ñe
crañ,iz,es,crañiz,-4.124300003051758,-1.7228317260742188,3, cra|ñ|iz
pebl,a,es,pebla,-2.98455810546875,-1.0057296752929688,2, pe|bla
pebl,o,es,peblo,1.5814800262451172,0.9904289245605469,2, pe|blo
pebl,e,es,peble,1.3348808288574219,3.5009841918945312,2, pe|ble
pebl,iz,es,pebliz,0.4416484832763672,2.533876419067383,3, pe|bl|iz
racun,a,es,racuna,-5.49195671081543,-8.981317520141602,2, rac|una
racun,o,es,racuno,0.9917163848876953,-0.12206840515136719,2, rac|uno
racun,e,es,racune,-2.3630142211914062,-2.183382034301758,2, rac|une
racun,iz,es,racuniz,-3.3385257720947266,-2.6776390075683594,3, rac|un|iz
taitisl,a,es,taitisla,0.6216011047363281,-1.5812759399414062,4, t|ait|is|la
taitisl,o,es,taitislo,4.1348419189453125,2.249126434326172,4, t|ait|is|lo
taitisl,e,es,taitisle,2.5450401306152344,0.7886276245117188,3, t|ait|isle
taitisl,iz,es,taitisliz,-1.1903724670410156,-0.05499267578125,4, t|ait|isl|iz
ficr,a,es,ficra,0.5995540618896484,2.210355758666992,2, fic|ra
ficr,o,es,ficro,1.3809261322021484,-0.8086662292480469,2, f|icro
ficr,e,es,ficre,4.1541290283203125,4.2525482177734375,2, fic|re
ficr,iz,es,ficriz,2.602245330810547,5.932859420776367,2, fic|riz
rigr,a,es,rigra,-1.4939708709716797,0.6599349975585938,2, rig|ra
rigr,o,es,rigro,1.6057415008544922,3.6435813903808594,2, rig|ro
rigr,e,es,rigre,1.144561767578125,2.8762168884277344,2, rig|re
rigr,iz,es,rigriz,0.29335784912109375,0.24178695678710938,3, r|igr|iz
carrurs,a,es,carrursa,-1.3311824798583984,-2.268077850341797,3, carr|urs|a
carrurs,o,es,carrurso,2.4362640380859375,3.489887237548828,3, carr|ur|so
carrurs,e,es,carrurse,-1.5063915252685547,-2.3944740295410156,2, carr|urse
carrurs,iz,es,carrursiz,0.916168212890625,0.6681442260742188,3, carr|urs|iz
sopall,a,es,sopalla,-4.75335693359375,-3.0247535705566406,2, sop|alla
sopall,o,es,sopallo,6.2561492919921875,8.912303924560547,2, sop|allo
sopall,e,es,sopalle,-0.2448139190673828,1.4650840759277344,2, sop|alle
sopall,iz,es,sopalliz,-1.3831443786621094,-0.3858451843261719,3, sop|all|iz
solm,a,es,solma,-0.6946506500244141,-0.0032062530517578125,2, sol|ma
solm,o,es,solmo,4.487281799316406,3.0972747802734375,2, sol|mo
solm,e,es,solme,3.058704376220703,2.416116714477539,2, sol|me
solm,iz,es,solmiz,2.977609634399414,4.529134750366211,3, sol|m|iz
ejuzcl,a,es,ejuzcla,0.6596946716308594,2.3133277893066406,3, ej|uz|cla
ejuzcl,o,es,ejuzclo,3.0902557373046875,4.999727249145508,3, ej|uz|clo
ejuzcl,e,es,ejuzcle,3.8118438720703125,5.60533332824707,3, ej|uz|cle
ejuzcl,iz,es,ejuzcliz,1.3351821899414062,3.5936355590820312,4, ej|uz|cl|iz
cussarn,a,es,cussarna,-1.8289222717285156,-2.66290283203125,3, c|uss|arna
cussarn,o,es,cussarno,2.8002090454101562,2.247467041015625,4, c|uss|arn|o
cussarn,e,es,cussarne,0.850830078125,-1.1579666137695312,4, c|uss|ar|ne
cussarn,iz,es,cussarniz,0.8822784423828125,0.4145927429199219,4, c|uss|arn|iz
caltej,a,es,calteja,-3.2149810791015625,-2.183046340942383,3, cal|te|ja
caltej,o,es,caltejo,3.456554412841797,5.172451019287109,3, cal|te|jo
caltej,e,es,calteje,0.3041820526123047,2.4553489685058594,3, cal|te|je
caltej,iz,es,caltejiz,-2.5591697692871094,3.539398193359375,4, cal|te|j|iz
psidid,a,es,psidida,-3.7826061248779297,-4.939563751220703,3, ps|id|ida
psidid,o,es,psidido,2.573637008666992,1.6261615753173828,3, ps|id|ido
psidid,e,es,psidide,-1.2564945220947266,-2.853656768798828,3, ps|id|ide
psidid,iz,es,psididiz,-2.6017074584960938,-1.4320335388183594,4, ps|id|id|iz
nuell,a,es,nuella,-0.30359458923339844,-1.9013080596923828,2, nu|ella
nuell,o,es,nuello,7.220592498779297,6.192865371704102,3, n|uel|lo
nuell,e,es,nuelle,0.9810466766357422,3.1629638671875,2, n|uelle
nuell,iz,es,nuelliz,3.0794219970703125,3.6212234497070312,3, nu|ell|iz
cusbarn,a,es,cusbarna,-4.084598541259766,-3.9348602294921875,3, c|usb|arna
cusbarn,o,es,cusbarno,0.7773056030273438,-0.8869819641113281,4, c|usb|arn|o
cusbarn,e,es,cusbarne,-1.5381660461425781,3.1765403747558594,3, cus|bar|ne
cusbarn,iz,es,cusbarniz,-1.4794235229492188,-1.7667274475097656,4, c|usb|arn|iz
cavib,a,es,caviba,-2.5882930755615234,-6.005458831787109,2, cav|iba
cavib,o,es,cavibo,3.0589523315429688,0.5429401397705078,2, cav|ibo
cavib,e,es,cavibe,0.9831771850585938,-1.5909862518310547,2, cav|ibe
cavib,iz,es,cavibiz,0.9616317749023438,-3.0576629638671875,3, cav|ib|iz
veiund,a,es,veiunda,-3.7255859375,-1.4052810668945312,3, ve|i|unda
veiund,o,es,veiundo,2.8538818359375,4.817630767822266,3, ve|i|undo
veiund,e,es,veiunde,0.390625,2.223224639892578,3, ve|i|unde
veiund,iz,es,veiundiz,-0.5721855163574219,1.34881591796875,4, ve|i|und|iz
mesued,a,es,mesueda,0.12064552307128906,2.1967334747314453,3, mes|ued|a
mesued,o,es,mesuedo,4.220142364501953,8.349782943725586,3, mes|ued|o
mesued,e,es,mesuede,1.9374637603759766,8.630908966064453,2, mes|uede
mesued,iz,es,mesuediz,0.6204490661621094,4.258705139160156,3, mes|ued|iz
riezn,a,es,riezna,-2.4991493225097656,-2.925840377807617,3, r|iez|na
riezn,o,es,riezno,2.3565406799316406,3.068431854248047,3, r|iez|no
riezn,e,es,riezne,0.3495445251464844,1.5093154907226562,3, r|iez|ne
riezn,iz,es,riezniz,-0.5047454833984375,3.667095184326172,4, r|ie|zn|iz
lipl,a,es,lipla,-0.4739723205566406,-2.036623001098633,2, li|pla
lipl,o,es,liplo,2.030099868774414,0.5865955352783203,2, lip|lo
lipl,e,es,liple,-1.5601959228515625,-5.386457443237305,2, l|iple
lipl,iz,es,lipliz,3.4009456634521484,-0.4222393035888672,3, li|pl|iz
goclen,a,es,goclena,-1.1765422821044922,-1.194204330444336,3, g|oc|lena
goclen,o,es,gocleno,4.971532821655273,5.279792785644531,4, g|oc|len|o
goclen,e,es,goclene,-0.913787841796875,0.9212169647216797,3, g|oc|lene
goclen,iz,es,gocleniz,2.625316619873047,2.1802902221679688,4, g|oc|len|iz
cuplarr,a,es,cuplarra,-5.234508514404297,-2.2835845947265625,3, cup|lar|ra
cuplarr,o,es,cuplarro,-1.4514503479003906,2.52142333984375,3, cup|lar|ro
cuplarr,e,es,cuplarre,-3.088968276977539,1.1299552917480469,3, cup|lar|re
cuplarr,iz,es,cuplarriz,-1.474517822265625,0.7071762084960938,4, cup|l|arr|iz
dombl,a,es,dombla,-2.615865707397461,-3.031291961669922,2, dom|bla
dombl,o,es,domblo,4.670747756958008,3.0193729400634766,3, d|omb|lo
dombl,e,es,domble,2.7529735565185547,2.7487735748291016,2, dom|ble
dombl,iz,es,dombliz,-0.24462318420410156,1.7865791320800781,3, dom|bl|iz
dantar,a,es,dantara,-0.8712577819824219,-0.31534576416015625,3, d|ant|ara
dantar,o,es,dantaro,5.656641006469727,4.86503791809082,3, d|ant|aro
dantar,e,es,dantare,2.7138710021972656,1.8009490966796875,3, d|ant|are
dantar,iz,es,dantariz,6.496734619140625,4.5608367919921875,3, d|antar|iz
tiasp,a,es,tiaspa,-1.2679901123046875,-3.567638397216797,3, t|ias|pa
tiasp,o,es,tiaspo,3.8567447662353516,2.0469398498535156,3, t|ias|po
tiasp,e,es,tiaspe,2.803213119506836,0.18749237060546875,3, t|ias|pe
tiasp,iz,es,tiaspiz,3.0464324951171875,-1.2406501770019531,4, t|ias|p|iz
nuegr,a,es,nuegra,-1.4610462188720703,-3.757047653198242,2, nue|gra
nuegr,o,es,nuegro,5.680992126464844,3.4244327545166016,2, nue|gro
nuegr,e,es,nuegre,4.211423873901367,0.8773880004882812,2, nue|gre
nuegr,iz,es,nuegriz,0.23384666442871094,0.0275726318359375,3, nue|gr|iz
gantin,a,es,gantina,-4.386320114135742,-9.086345672607422,3, g|ant|ina
gantin,o,es,gantino,4.123950958251953,3.8920555114746094,2, g|antino
gantin,e,es,gantine,-0.4584636688232422,-1.160940170288086,2, g|antine
gantin,iz,es,gantiniz,2.6989669799804688,-0.7105369567871094,3, g|ant|iniz
gircem,a,es,gircema,0.695159912109375,0.24851608276367188,3, g|irc|ema
gircem,o,es,gircemo,4.407524108886719,3.859508514404297,3, g|irc|emo
gircem,e,es,girceme,2.4221763610839844,2.436126708984375,3, g|irc|eme
gircem,iz,es,gircemiz,1.1762580871582031,0.924652099609375,4, g|irc|em|iz
tustr,a,es,tustra,-1.0619087219238281,-1.7344837188720703,3, t|ustr|a
tustr,o,es,tustro,7.838375091552734,6.531940460205078,3, t|ust|ro
tustr,e,es,tustre,3.736957550048828,3.5076961517333984,3, t|ust|re
tustr,iz,es,tustriz,-0.12349319458007812,1.6155204772949219,3, t|ustr|iz
grares,a,es,graresa,-3.4648399353027344,-1.5942630767822266,2, gra|resa
grares,o,es,grareso,6.167518615722656,6.488502502441406,2, gra|reso
grares,e,es,grarese,-1.0666046142578125,-0.9767074584960938,3, gr|are|se
grares,iz,es,graresiz,0.5868873596191406,2.1984405517578125,3, gra|res|iz
juen,a,es,juena,-0.9184207916259766,-3.0505714416503906,2, ju|ena
juen,o,es,jueno,10.367961883544922,8.844707489013672,2, ju|eno
juen,e,es,juene,4.505884170532227,4.595510482788086,2, ju|ene
juen,iz,es,jueniz,3.6811141967773438,0.8380661010742188,3, ju|en|iz
probelt,a,es,probelta,0.8063449859619141,-1.6108932495117188,2, prob|elta
probelt,o,es,probelto,1.7577323913574219,3.7413578033447266,3, prob|el|to
probelt,e,es,probelte,1.5062122344970703,3.6262779235839844,3, prob|el|te
probelt,iz,es,probeltiz,-0.8586387634277344,0.49198150634765625,3, prob|elt|iz
cuplall,a,es,cuplalla,-1.7719135284423828,-0.1949462890625,3, cup|l|alla
cuplall,o,es,cuplallo,3.927074432373047,5.209697723388672,3, cup|l|allo
cuplall,e,es,cuplalle,0.3971385955810547,3.675182342529297,3, cup|l|alle
cuplall,iz,es,cuplalliz,0.7667961120605469,2.216960906982422,4, cup|l|all|iz
ranid,a,es,ranida,-4.0275726318359375,-4.318574905395508,2, ran|ida
ranid,o,es,ranido,3.958415985107422,5.291746139526367,2, ran|ido
ranid,e,es,ranide,-0.4366416931152344,-0.4285430908203125,2, ran|ide
ranid,iz,es,ranidiz,-0.17694091796875,-0.5947494506835938,3, ran|id|iz
criasp,a,es,criaspa,-0.06335258483886719,1.1985359191894531,3, cri|as|pa
criasp,o,es,criaspo,3.8454132080078125,5.240119934082031,3, cri|as|po
criasp,e,es,criaspe,4.118307113647461,3.603168487548828,3, cri|as|pe
criasp,iz,es,criaspiz,0.5666160583496094,0.6917686462402344,3, cri|asp|iz
lornit,a,es,lornita,-5.48980712890625,-6.279079437255859,3, l|orn|ita
lornit,o,es,lornito,2.4571495056152344,1.791961669921875,3, l|orn|ito
lornit,e,es,lornite,-2.694307327270508,-1.2945098876953125,3, l|orn|ite
lornit,iz,es,lornitiz,-0.4892158508300781,-2.0536041259765625,4, l|orn|it|iz
peñall,a,es,peñalla,-2.1890830993652344,-3.826519012451172,3, pe|ñ|alla
peñall,o,es,peñallo,3.8377437591552734,3.320049285888672,3, pe|ñ|allo
peñall,e,es,peñalle,1.3444480895996094,1.746734619140625,3, pe|ñ|alle
peñall,iz,es,peñalliz,3.880035400390625,4.437828063964844,4, pe|ñ|all|iz
nomun,a,es,nomuna,1.1647567749023438,1.7452545166015625,2, nom|una
nomun,o,es,nomuno,5.606609344482422,6.291576385498047,2, nom|uno
nomun,e,es,nomune,2.3550472259521484,3.5658626556396484,2, nom|une
nomun,iz,es,nomuniz,3.121776580810547,2.7305641174316406,3, nom|un|iz
caviv,a,es,caviva,-0.1972370147705078,-3.025074005126953,2, cav|iva
caviv,o,es,cavivo,7.6571807861328125,5.636749267578125,2, cav|ivo
caviv,e,es,cavive,3.7584381103515625,2.3472747802734375,2, cav|ive
caviv,iz,es,caviviz,2.4215850830078125,0.2947578430175781,3, cav|iv|iz
cuanter,a,es,cuantera,-6.287874221801758,-4.878320693969727,3, cu|an|tera
cuanter,o,es,cuantero,4.995330810546875,2.048694610595703,3, cu|anter|o
cuanter,e,es,cuantere,-1.1783294677734375,-0.13939285278320312,3, cu|an|tere
cuanter,iz,es,cuanteriz,-3.527822494506836,-3.3910675048828125,3, cu|anter|iz
tiotisl,a,es,tiotisla,1.5958099365234375,2.709686279296875,4, ti|ot|is|la
tiotisl,o,es,tiotislo,6.311687469482422,6.6651153564453125,4, ti|ot|is|lo
tiotisl,e,es,tiotisle,5.412559509277344,6.4265289306640625,3, ti|ot|isle
tiotisl,iz,es,tiotisliz,4.988132476806641,6.070278167724609,4, ti|ot|isl|iz
tiast,a,es,tiasta,-0.13947677612304688,-0.5742816925048828,2, ti|asta
tiast,o,es,tiasto,7.492645263671875,6.768890380859375,2, ti|asto
tiast,e,es,tiaste,4.708066940307617,2.2032508850097656,2, ti|aste
tiast,iz,es,tiastiz,3.271129608154297,0.7417984008789062,3, ti|ast|iz
