layer,comp_auc,head_auc,head_auc_nosuffix,suffix_p,ba_head,ba_first,ba_diff,cv_auc,comp_auc_lo,comp_auc_hi,head_auc_lo,head_auc_hi,head_auc_nosuffix_lo,head_auc_nosuffix_hi,suffix_p_lo,suffix_p_hi,ba_head_lo,ba_head_hi,ba_first_lo,ba_first_hi,ba_diff_lo,ba_diff_hi,len2_m,len2_f,rel_m,rel_f,cos,diff,plain_len2_m,plain_len2_f,plain_cos,diff_null95,cos_null_lo,cos_null_hi,len2_m_lo,len2_m_hi,len2_f_lo,len2_f_hi,cos_lo,cos_hi,rel_m_lo,rel_m_hi,rel_f_lo,rel_f_hi,diff_lo,diff_hi,len2_m_eq,len2_f_eq,rel_m_eq,rel_f_eq,cos_eq,diff_eq,plain_len2_m_eq,plain_len2_f_eq,plain_cos_eq,diff_null95_eq,cos_null_lo_eq,cos_null_hi_eq,len2_m_eq_lo,len2_m_eq_hi,len2_f_eq_lo,len2_f_eq_hi,cos_eq_lo,cos_eq_hi,rel_m_eq_lo,rel_m_eq_hi,rel_f_eq_lo,rel_f_eq_hi,diff_eq_lo,diff_eq_hi
1,0.41502699630576867,0.40543990573448546,0.435725677830941,0.46182655879501666,0.3368054256579432,0.37793731231231237,-0.041131886654369176,0.4545759795759796,0.3498780903665814,0.57692242114237,0.32706942262372346,0.5428122545168892,0.3301275917065391,0.5535925039872409,-0.295991229655499,1.273304796623182,0.2817111058207356,0.3860374119294188,0.3211108765015015,0.3994618055555555,-0.1012950972514381,0.052167400638443884,0.0004693457030865407,0.0005168602106055746,0.1056866467893678,0.07660884394153818,0.3836521225726566,4.7514507519033926e-05,0.0025598165093759957,0.003896163749534735,0.5290802696454766,0.001386848949469008,-3.126650204821525,4.965951863118935,-0.000702082194538982,0.0017444693730581686,-0.0012638343428944326,0.0018379452583599672,-3.217364872201652,2.7714385728866304,-0.0855092560355322,0.19346819812026175,-0.09711536720133111,0.1467101119566381,-0.0017790165034070639,0.0016440856029374163,0.001197407329150464,0.0015099862416625488,0.07634020641179379,0.07579932767083176,1.0576824680973738,0.00031257891251208476,0.006371709003083527,0.006392311543950246,0.5196318412432736,0.0028073558079346134,-1.3062231169536975,5.978330890007313,-0.006263198359275976,0.008451493973119072,-0.004566117572019124,0.006275643717202433,-1.190705573529178,5.987472858408245,-0.06581068952498649,0.15253948915192658,-0.08098870441695447,0.10826704580805974,-0.008434541832040409,0.007422493041961362
2,0.47413469735720376,0.47201492537313433,0.5424242424242425,0.004894033751648266,0.3893286513510296,0.3360454204204204,0.053283230930609216,0.4882233507233507,0.40577209434498435,0.6131290139244103,0.3912976237234878,0.5637421445404556,0.4460885167464115,0.577846889952153,-0.3013500643206523,0.4585041039520834,0.3258788140300758,0.4062367362728927,0.3095591685435436,0.35960350975975974,-0.013499924260436374,0.08548430919664629,0.004355165537443757,0.002240592576255279,0.10486759396254523,0.03885142311559835,-0.9791713077224649,-0.002114572961188478,0.024474533267198433,0.030094820495629872,0.37619926310689195,0.011234197960776297,-1.323182874364339,4.398481729965901,-0.0057919889899035034,0.01623881733498621,-0.010794245315809876,0.011370022230173376,-10.000221164621205,1.2015230083122361,-0.0728594946572582,0.19976412916791905,-0.08990201709453834,0.10723679158468141,-0.020329494727693496,0.009455668957032494,0.006861494616859634,0.006322240303245607,0.05253780180296266,0.039540030346096426,-0.8027953701579936,-0.0005392543136140265,0.05206333561946393,0.0507060527987096,0.2765692930990095,0.026392564684570626,-2.416350934402747,4.054659069874494,-0.03610617571396593,0.05144232086843928,-0.040043441424738556,0.038254381061946244,-8.43510438686781,2.8972141278070818,-0.040237566498141926,0.1291561900090254,-0.07783008009627423,0.0738411606884676,-0.07884451154163169,0.04213943773244197
3,0.6751463483944302,0.646700706991359,0.6594896331738437,0.5276854337222954,0.4280541998968377,0.32811561561561564,0.09993858428122204,0.5845177970177969,0.5571787439613526,0.7129471440750212,0.518227120974077,0.673146602513747,0.5411124401913876,0.6641267942583733,0.26475292930111366,0.8532805044189576,0.3531628391744747,0.4588615442606038,0.2944430367867868,0.3477681587837838,0.026607749972890674,0.15747470331768337,0.019590837255365992,0.005541037133634812,0.19443497081000924,0.04598450428306757,-0.032482153049690536,-0.01404980012173118,0.06080774643441628,0.06288900271287111,0.45279681192491034,0.021997656884332622,-1.8836027769010175,7.302511292710855,-0.0011922526817510837,0.04285695833790528,-0.020163163683722264,0.02457574799428391,-3.6912476013933837,1.4719858639347154,0.000720639648775923,0.2266663657433474,-0.08452655646168089,0.11391178285527914,-0.04756677560935805,0.009342683161951583,0.024687528881029014,0.012105676762442891,0.08889473922524507,0.03993224833007021,-0.7200662268846625,-0.012581852118586123,0.1251501494778577,0.10766799478462599,0.3025542184661573,0.049780089166459984,-4.590766367740762,5.456526506170072,-0.0887182301833736,0.13881773859573884,-0.1075551986607421,0.10401468954242794,-4.955927916435647,2.112008606390748,-0.03946235382395128,0.1413180785242647,-0.057930358084301116,0.06266077403982086,-0.16301824511086188,0.12903625888605355
4,0.7187496447854504,0.6563236449332286,0.6548644338118023,0.5320488382208213,0.4277549157980059,0.3098348348348348,0.11792008096317108,0.6907240907240907,0.5407127024722932,0.7512455242966752,0.5190249410840534,0.6937524548311076,0.5523125996810208,0.6854944178628389,0.19773240566957714,0.9445202208304574,0.3485522485985228,0.45584916903316497,0.29032868806306306,0.3468376970720721,0.0110861116374039,0.1547472259327619,0.0941571060805785,0.0673064344557631,0.22151292413440224,0.11993992383469929,0.5918501936419,-0.0268506716248154,0.2515773093107257,0.3011734591686173,0.598395651216066,0.06792589385290676,-1.4141713315510849,3.782899023733529,0.01131031089457492,0.19708653776660406,-0.03446993587742604,0.17653548699330338,-0.5476777611646916,1.2831569983668651,0.025573208382367044,0.25500700968217116,-0.03210745221305924,0.180667050310859,-0.13569209234574928,0.06876829257525477,0.12012366016949777,0.09013311733407103,0.11048744065829647,0.06655618377795346,-0.22225672767948296,-0.029990542835426737,0.46562396082843194,0.4953559491458283,0.35614870444630253,0.1446675423336854,-2.930258677715647,4.920340425501477,-0.30969530347240637,0.39253058129039825,-0.30160209727005677,0.39209273041839376,-4.174750495018412,1.3053164046196999,-0.022635533268806584,0.12132996952221964,-0.03425289358435566,0.09393914592692418,-0.5545784855812831,0.49000841677730295
5,0.6309065075305484,0.545267085624509,0.538755980861244,0.6610327895579202,0.3969822186701129,0.30210210210210214,0.09488011656801076,0.6512108262108262,0.5096209150326798,0.6752028985507246,0.4591025137470542,0.5969314611154752,0.4637639553429027,0.5926794258373206,0.36945567252377787,0.9488769938954831,0.33631473860821554,0.42680755834056033,0.2832284628378378,0.34272194069069073,0.005635566093603165,0.13051814392614597,0.15889603015886744,0.09983052338676174,0.2296807588513557,0.11519045895640412,0.5796122241160098,-0.0590655067721057,0.40543881788062514,0.4462135123808464,0.5843241895295379,0.11505910393912572,-1.1895433763113836,5.384082049716907,-0.0015824387468444067,0.35484976827308334,-0.08672037883654216,0.2675491315715642,-0.7504754383178849,1.2950289947875584,0.0027067684398950406,0.28502812147781276,-0.05707942761338104,0.18830852549876684,-0.26768503392877546,0.11083881866111374,0.1661233130778087,0.1422927895953955,0.09184460977623815,0.06512937891764711,-0.3607572537671389,-0.023830523482413185,0.703500927078258,0.7301997415563568,0.33563332934683593,0.24346480907307508,-1.9439505812605087,7.272090784254216,-0.5970475544115467,0.5858866322889683,-0.6020480638217237,0.5588977865009913,-7.343150695558948,1.3896437558855639,-0.04148403863625601,0.11811971110728015,-0.04683452410979565,0.07864727702660602,-0.9628288787354087,0.7989039521782997
6,0.5639329354930378,0.4846818538884525,0.48851674641148324,0.6258934207111115,0.3560349958338293,0.3410848348348348,0.014950160998994488,0.6901704776704777,0.44603267973856214,0.6126445012787723,0.4153500589159466,0.5393214846818538,0.42902711323763953,0.5510406698564594,0.31325851612858596,0.9177201671519063,0.3248219953973733,0.3937289990987467,0.3089153997747747,0.3582247090840841,-0.017540621951555087,0.06596367057887638,0.25075694709651286,0.1297743207331625,0.23759201832149443,0.10003694972381343,0.543689500789274,-0.12098262636335036,0.6219684177481634,0.6685682649902276,0.5620978738832048,0.16475322462900072,-2.1235432664533693,4.361468984345589,-0.011880715963988228,0.5231184045616332,-0.1667611167679985,0.4141145593991337,-1.7079561724923504,1.5922447498968701,-0.000263918154827354,0.275444543425771,-0.07972572859791638,0.1810639389819075,-0.393276579594024,0.1262106615320482,0.29715204100724396,0.3878041585905115,0.10157466743689782,0.10743044229928042,-0.453084135833762,0.09065211758326752,1.14503327013359,1.3210873627969886,0.29893057869362166,0.4354359777495558,-2.3918044291298033,4.706988605414221,-0.7809645148778213,1.535501653019378,-0.967408264107658,1.2456633192443194,-4.669677588851747,0.945673671469992,-0.03268692312493106,0.13386889235459787,-0.03471776182249273,0.1267611566735407,-1.5118387593100786,1.5292923645021743
7,0.5326399545325377,0.47201492537313433,0.4784688995215311,0.5304761585473406,0.32338157022123215,0.3458051801801802,-0.022423609958948043,0.539081289081289,0.41407985223074734,0.590614663256607,0.39600844461901025,0.5309063236449331,0.4274322169059011,0.5264792663476875,0.2220063940847881,0.7882711885817327,0.29699770010372917,0.36466640167553754,0.3150525525525526,0.36592342342342343,-0.05633585786949229,0.04395215925912613,0.2860209206337444,0.10735961318336358,0.20760318536272743,0.06250614295369133,0.528520993021083,-0.17866130745038084,0.7810524924191539,0.8446507925559953,0.5567069249943492,0.1980216606506709,-0.6862456776855357,7.161980485630652,-0.0002529215697449579,0.5997248260222894,-0.23858848599565255,0.4094343082408876,-1.2051978559153098,1.5563860248821193,0.006236054760384541,0.23387499411008947,-0.08288685695485794,0.13826937708053977,-0.5333143814155172,0.12149766234098197,0.24730598299308404,0.3433718202236042,0.06709591578669628,0.078107084655844,-0.5665374023952418,0.09606583723052015,1.408409177353255,1.5563520086933809,0.3208801777074132,0.5474702979211237,-3.0533767328637778,3.9939236903171476,-1.0556095761935078,1.3503122928398845,-0.9208513533323406,1.2750775238703689,-6.777740427855878,1.3752627287555697,-0.03871610461119009,0.0966332149372906,-0.03586185575002579,0.09396854543288229,-1.528970814612806,1.7332225359155047
8,0.5431429383347542,0.5263157894736842,0.5382775119617225,0.46328670764564206,0.3650832383899876,0.3362706456456457,0.02881259274434189,0.49044057794057794,0.42522080136402385,0.6048590508667234,0.42733699921445406,0.5853299293008641,0.4551834130781499,0.5905940988835726,0.1388525219137562,0.7223747963818252,0.3146477672726036,0.3931401661366844,0.3091453171921922,0.3546387012012012,-0.029848474953838126,0.07192016127867334,0.3676357434248094,0.14739118216411481,0.19276098466511662,0.06112109484176438,0.46640634358327826,-0.2202445612606946,1.0732272131032796,1.2095415073384355,0.5445630865183826,0.25596733840411706,-1.4716100015039144,3.6681169003986245,-0.022922889676392628,0.722982679426645,-0.27068334149962,0.5381420523608577,-1.6919913936223618,1.5534191542817555,-0.003591313665628504,0.20628961065140297,-0.0640194555446183,0.12316433715923189,-0.6398173463355743,0.17967968768040402,0.2619135824788962,0.6100464000156518,0.05427409615143734,0.09051923964074428,-0.29059187272706344,0.3481328175367556,1.9465205570102515,2.3087683320969012,0.3605342956177864,0.6885036062020363,-2.301068113857591,4.984970239547564,-1.022150332491239,1.6176639653823721,-0.7829282417809722,1.5994511577454675,-4.455463295639263,1.4114866480677557,-0.03750335628919007,0.07974564572330527,-0.021673008440323032,0.09454412289595698,-1.529439588404201,2.1477437409285183
9,0.5275703324808184,0.5159073055773763,0.5382775119617225,0.37730995298122644,0.3442725072412014,0.32438063063063066,0.019891876610570736,0.49163012913012916,0.4163776641091219,0.5797601591361181,0.42693686174391204,0.5620605852317361,0.4460685805422647,0.5870933014354067,0.0217978570648348,0.6058115868584288,0.31576348620629063,0.3860713789741584,0.30505607169669674,0.3568710116366367,-0.035867690310278956,0.06977903466643649,0.45707288322855477,0.11963880013339356,0.18136035863562383,0.039253977035384524,0.2849626618469662,-0.3374340830951612,1.4183039466664606,1.5490316429656679,0.5164231064915477,0.3569336181019052,-1.8121060375185167,4.765882991118253,-0.05039036991685415,1.005515161495073,-0.4057120534294602,0.6585097777746537,-1.7951040543785464,1.7124675779926823,-0.008552225004224229,0.21414023205379595,-0.07450192642130919,0.1154248850018452,-0.8810530611582748,0.2348739555311775,0.28385909047614144,0.7959999884366872,0.04317767202770491,0.09000083678584052,-0.5916625623871278,0.5121408979605457,2.5365506920126535,2.9907676085331336,0.29298975228637464,1.0455200226479444,-1.646969403629483,5.114134053686202,-1.299559672254245,1.9801036638520528,-1.554080123837507,2.722915845736237,-10.445547191244126,1.1669315124731001,-0.03756200175498323,0.06931080248217372,-0.03311585771053064,0.09217060857260237,-2.2813281941095775,3.0976489168340797
10,0.4962432509235578,0.4805577376276512,0.5245614035087719,0.3505782585404306,0.33657614456328894,0.33031156156156155,0.006264583001727386,0.469506882006882,0.40785450412048874,0.558712986643933,0.4223095051060487,0.5338791241162608,0.45262360446570976,0.5795933014354067,0.006967890206493712,0.602515387071938,0.30274815639861463,0.3792054304759638,0.32142619181681675,0.36514522334834837,-0.06103573726753813,0.04726976582151012,0.6309227397775292,0.2154438920482474,0.19042247851152708,0.054279705231849586,0.22795023007471457,-0.4154788477292818,1.8548676729088598,2.0012739713794114,0.5034008317777013,0.4975856017247564,-1.7858632131008805,3.8720945043924995,0.011190594849345196,1.2586026316362207,-0.5078642994806486,1.0213898005129478,-2.1728242574837857,1.3618617443329788,0.009092332149311768,0.22076034183642695,-0.07224011451854825,0.1356486716964464,-1.225047966827247,0.39195108398913764,0.7269708897125718,1.1603711186489578,0.07744289056205744,0.10134101746911366,-0.6563445879737245,0.43340022893638597,3.472981771576195,3.885711227631261,0.2553267973042799,1.3881735273694142,-2.4080029246643275,5.490766248747283,-1.854443111675281,3.0979888039207433,-1.9523071543971473,2.8891256399385234,-8.036599851420446,1.102856183223064,-0.025063690709209063,0.09288672626296181,-0.030372812633526133,0.10508615312499665,-3.627458252509107,3.8341800676711277
11,0.4868542199488491,0.49744697564807544,0.5508771929824562,0.3297482629392938,0.3552442736408931,0.3370589339339339,0.018185339706959236,0.5269309394309395,0.3997524865018471,0.550761295822677,0.42830911233307145,0.5529335231736057,0.47048644338118023,0.6036722488038277,-0.02920764951713692,0.5749650938892663,0.3071030517908866,0.3762037044909619,0.31503894519519515,0.362024680930931,-0.04560721191432011,0.05023810480886836,0.6527666956993116,0.18885867599799025,0.18733765052140186,0.04465633354790563,0.24223011217901874,-0.46390801970132134,1.9503897896070637,2.1234051174761306,0.5048277112025705,0.5263660277366027,-2.5170096523298744,5.010196126243153,0.006535919432964091,1.3491997618874294,-0.6043701202894405,1.0169553863567649,-2.4117460819655596,1.6261304729750976,0.005814331071972885,0.2206319961560468,-0.08462667719581166,0.1354879299858456,-1.280763685040153,0.3921640562549375,0.5586013978584933,1.1328380616171363,0.06080566288456381,0.096316589614076,-0.7961307241466078,0.574236663758643,3.5677929085272564,4.1015300170871,0.2608887645292614,1.327951024804909,-2.3814054061904955,3.647979082028002,-2.881956127305561,3.026674971100547,-2.919383463183249,2.858383823763898,-10.02036403078663,0.8573453877847396,-0.02806110779100638,0.08074946393357912,-0.033686200344376804,0.10492292134478784,-4.362947497954872,3.9363915367273874
12,0.4777038931514635,0.48036135113904166,0.5370015948963317,0.2972774897769185,0.33197351789186097,0.33378378378378376,-0.001810265891922791,0.499947274947275,0.4000548451264564,0.5435996021597044,0.4120139434406913,0.555481637863315,0.44812200956937803,0.6121331738437001,-0.05232968973201901,0.5718631649823963,0.2984604936487153,0.3747455093214526,0.30943083708708713,0.3684560341591591,-0.059999755652058964,0.0557095945074962,0.7342373681410689,0.31421756402902856,0.18949731646123097,0.06659226633419206,0.279587446326612,-0.4200198041120403,2.2100022789179894,2.4078512971727886,0.5210530754893681,0.5700807354505106,-2.3090035875785118,4.066642503385814,-0.024788411238478525,1.6147517154650197,-0.6327314170239888,1.2100659071073814,-1.7473424274860658,1.3602959597765802,0.00024408823509727715,0.22615756678221405,-0.07622534150268727,0.14266338808858006,-1.4863765909325635,0.46077917616066827,0.7357586093018973,1.7205012794658625,0.06858761881729518,0.13006771253107619,-0.3488973287433723,0.9847426701639652,4.18365919602049,4.962868541476265,0.3000900134238144,1.5112953860886549,-3.1420214239479622,5.484504054455303,-4.084913053675878,4.2801158156155665,-3.4128270980965554,5.161101284185352,-5.864640556823624,0.9996741608361213,-0.023275891633449255,0.07484940190208052,-0.022772373473880624,0.1281042441012138,-5.460826231854035,5.764334446013838
13,0.5029383347541916,0.49243912018853103,0.5331738437001595,0.3609021492993548,0.3375870786357633,0.32618243243243245,0.01140464620333087,0.4548548673548674,0.41394373401534523,0.5754228473998295,0.4116064414768264,0.5710919088766693,0.4412878787878788,0.6130861244019139,0.00398029886518868,0.6214367076467019,0.3032415075302827,0.37392957045929914,0.3083204298048048,0.35631874061561564,-0.046306777955121545,0.0666482463753715,0.7399603362787702,0.22035826279969242,0.18239286148524084,0.04623747259114769,0.29435549992891696,-0.5196020734790778,2.275338821468183,2.4115816515537167,0.5220177248155624,0.6487443090816741,-2.333717049909029,4.7557794771527915,-0.037620109480019356,1.65558487173044,-0.7587355859968763,1.1239518209355104,-2.582541197903703,1.6961311864668709,0.0005986979846918716,0.22907095403837027,-0.09205018302907884,0.12700525616997219,-1.5922312439962532,0.36171436242012517,0.6047993949103593,1.6420106310114095,0.05556124582957853,0.11336402500956591,-0.5616810199686271,1.0372112361010504,4.401221221431501,5.147058731749784,0.2909613319994072,1.6803389045372725,-2.6822674723963513,6.009322258793584,-2.9636202723411817,3.1439701565636007,-3.1175991591448393,3.966964252465367,-7.36238473720254,1.0062235343287294,-0.024611258073211784,0.07169266803022135,-0.036462274968939126,0.12782828357708018,-4.917507294105193,4.151330896557816
14,0.5279568059107701,0.5308326787117046,0.5757575757575758,0.3944926358795134,0.3585570878750262,0.3189095345345346,0.03964755334049164,0.5142269767269767,0.4352003410059676,0.5881940892298949,0.44627602120974075,0.5998649842890809,0.48739234449760765,0.645299043062201,0.04081239617463369,0.6423153993601975,0.30837579568192,0.39064872520845023,0.29884642454954957,0.35405546171171165,-0.03150931690943669,0.07863365244804206,0.7414865810258395,0.29842060205814414,0.16778917759142356,0.056631137816248976,0.2801961734906546,-0.4430659789676954,2.483261288588399,2.7179035192345475,0.5261131042140887,0.7812017295432885,-3.0993749752616733,4.573579497771905,-0.2298490393684891,1.7310245966182254,-0.8140873022382296,1.4291830304906366,-2.380340384090634,1.2215208850127606,-0.02369429975401933,0.2248070476112425,-0.08267921152515893,0.15456279876591167,-1.651699562021042,0.7768002760967838,0.4577127534186774,2.0660990638929153,0.043928642502814384,0.132129349268557,-0.7155313329922801,1.608386310474238,4.721338951797505,5.892084393048126,0.2866480521182674,2.0595742974118703,-5.204762443316415,4.748261407736182,-2.952923725009433,3.1903381095360186,-2.165579345006902,5.3387315272580045,-8.515166824129057,1.1223932408516841,-0.03727139316719965,0.0713115438528614,-0.03375903992646747,0.1426585763078995,-3.7310286915132616,6.687698599766379
15,0.5407104290991759,0.5567556952081697,0.6022328548644338,0.4171650923429691,0.3692295701758861,0.3100319069069069,0.059197663268979184,0.4763523513523514,0.43417988064791135,0.6009738562091502,0.4493224666142969,0.6133665553809897,0.505725677830941,0.6539194577352473,0.08763960314623359,0.6779917456084279,0.3009890049937366,0.3886586559990024,0.30492398648648644,0.3615106512762763,-0.05408106048975627,0.07221458226383233,0.865961012659189,0.23338783996418225,0.18069610999386918,0.041320234646249,0.23430610949788785,-0.6325731726950068,2.733422114297545,2.995681771523887,0.5161633174042943,0.7834851850290983,-1.0100585984089527,5.351094670398829,-0.27919914335768314,1.9314387079293909,-0.8898813220204094,1.3043241391729166,-2.2658412247123776,1.5922769632012495,-0.025967118468269983,0.22477282621560507,-0.08383201358762173,0.12265817478885058,-1.8193877843535016,0.5909069426851405,0.2138454449894129,1.9052994141052921,0.024960116981533248,0.115024222871715,-1.3615548406138582,1.6914539691158792,5.08062554042368,6.371261284526003,0.26365075947247973,2.218880769028615,-2.2506603499886673,5.19592854777176,-3.1682806527739924,3.834268259937547,-3.3315234425925637,5.464080346755329,-11.073279403883944,1.0106310709817854,-0.047872784131536214,0.06473639504908993,-0.03428267150971236,0.12623351983856024,-5.387871824615091,6.569969478444573
16,0.5439954532537653,0.5688334642576591,0.6194577352472089,0.4070857582405607,0.378674307480402,0.3156343843843844,0.06303992309601758,0.44056915306915306,0.44126655299801076,0.5877769252628587,0.4620949528672427,0.6225451688923802,0.5153110047846889,0.6682735247208932,0.05974341299998399,0.6377358173015931,0.31113231276321984,0.3997569096082666,0.30253120307807807,0.35288757507507507,-0.0324435272883095,0.0841689511451762,1.14057800441838,0.2374366449989722,0.2047309323485976,0.03700149550828766,0.316720145629279,-0.9031413594194078,3.2469745252606943,3.3955294710929067,0.5154568502585424,0.9586295386863043,-1.5080395825686517,4.645218683647356,-0.21649223643697613,2.401697842154449,-1.0767182120896401,1.2977519005955016,-1.8219874113869452,1.6791876231366107,-0.01907236070857163,0.24344511450194764,-0.08843135012805792,0.11336571784129129,-2.404389554308196,0.4064425045333412,0.6665789096250117,2.236746599627618,0.04898521322953526,0.12017991490904506,-0.8084093563628874,1.5701676900026063,6.066211621012686,7.34590790574665,0.25227405329218877,2.5030014015005113,-3.3834804141578374,5.49271287371548,-3.4615232001463174,5.999879289624443,-3.6384166116344754,6.384122941124838,-6.901086635549733,1.2164736163431722,-0.03939709577475134,0.07970644498217819,-0.032448489597567215,0.13597356249832326,-6.4006128552917305,7.322990120268404
17,0.5451662404092071,0.5754124116260801,0.6267942583732058,0.36574167331205715,0.36399549940199866,0.31602852852852853,0.04796697087347013,0.5048534798534798,0.4438874680306905,0.5856541631145211,0.47276855852317357,0.6139090730557738,0.5323724082934609,0.6674681020733653,0.04166370058911506,0.602082905353992,0.3103475634986764,0.38911388100056116,0.29734797297297294,0.3496781156156156,-0.029003197187964944,0.08994649466282312,1.2650884821612527,0.16840111259335871,0.2063414426813591,0.024112080910965936,0.2733802086859267,-1.096687369567894,3.5697682413805314,3.684791797295167,0.5042741206599769,0.9363947498027105,-2.5472143891604397,4.061142574923283,-0.18670049908065478,2.7297958069549484,-1.180585023999665,1.3603265056647864,-2.07833640514656,1.7072315374522158,-0.010888682419940749,0.24969822536753997,-0.0861968482999481,0.10736039426850601,-2.773131679555279,0.4241222575076446,0.8023364074088528,1.960633566217212,0.04862930581106048,0.09651895382882834,-0.7210841054219254,1.1582971588083593,6.8463130042174685,7.840990706476569,0.26287035855576124,2.7152130683982034,-2.22093530716504,5.542518129994222,-6.241078296555146,4.610121526767953,-5.1893061537928915,6.7636751047923545,-9.783890076012582,1.1085098247253367,-0.041186380624936424,0.08489150255977905,-0.03889609377831385,0.1212257924664652,-7.945893266365728,8.930334408563372
18,0.5541460642227906,0.5848389630793401,0.6346092503987241,0.36026005935553074,0.35877729975456435,0.314161036036036,0.04461626371852834,0.5312335812335812,0.4573537936913896,0.6004325092355782,0.4734706402199529,0.6300225844461901,0.5275598086124402,0.6775438596491228,0.03202695600346896,0.6084425989252662,0.3112686627442311,0.40253728297651636,0.29538898273273273,0.3467295420420421,-0.02546386944829096,0.09574636127265646,1.4364809762760578,0.3101565631883176,0.21349309223807025,0.038600787457787424,0.3665245548285522,-1.1263244130877401,3.9464737418422677,4.150001114721798,0.5214019340800554,1.0193133035624704,-1.8420572138151734,7.111996999077574,-0.13567795396372287,3.0238024766985974,-1.1501147943883867,1.7458174826425417,-1.5672387304973014,1.5675844714495788,-0.009242146352731871,0.25152727507997896,-0.07603520177781523,0.12151209583633045,-2.9238213735946608,0.5288136271301065,1.2005189591909171,2.1144815343727434,0.06858907569531617,0.09697740556252026,-0.44578128380705007,0.9139625751818263,7.569101851358812,8.467404347057524,0.29966641681139194,2.6251936674753913,-1.7748699040771763,6.134604217529539,-3.755372567974977,5.63249820087799,-4.175783569267789,7.28464469315033,-5.768267841635761,1.2439034598874075,-0.04132623968603742,0.09625344570002871,-0.037751896512352646,0.11614489975424382,-7.392660256055925,9.04543160517016
19,0.5609661835748793,0.5828750981932443,0.6177033492822966,0.37745600483210484,0.3665323289177593,0.3155686936936937,0.05096363522406555,0.5659345284345285,0.44787468030690536,0.5974117647058824,0.47603348389630795,0.6265735467399843,0.5192902711323764,0.6657097288676236,0.019503285852729976,0.5962880059579632,0.321584937450757,0.39892631121011674,0.3009701107357358,0.3446771771771773,-0.015172621072681398,0.08769009198238224,1.3998361046349326,0.3621428222640158,0.20047338832717088,0.045247545170185435,0.26046606293836255,-1.0376932823709168,4.08618601909773,4.27532050639075,0.5212855124738616,1.1194279848672073,-1.4538048159569552,4.48527403659356,-0.2548383332952395,3.0094890346370713,-1.2412041357484045,1.919492064193465,-2.1047064629523033,2.015297322989006,-0.016129138362206554,0.23948802193799118,-0.0789134868283523,0.13049910145085442,-3.0561233516827495,0.7431315863492518,0.9280216940252086,1.6889017266051538,0.05244790471147632,0.07510495194244828,-0.6280119822598647,0.7608800325799452,7.9495668334102225,8.618023388694304,0.321548069835603,2.874132661669554,-1.86097749844276,5.368165983068809,-4.518754468232565,6.299879577403713,-7.565020447491724,5.746825362127186,-10.021743067087556,1.2005582734285591,-0.043457871780649186,0.09442997257536304,-0.049824548661804004,0.11435021472473024,-11.432189636002743,6.4328294347827235
20,0.5783802216538789,0.5779654359780048,0.594896331738437,0.4164982774643104,0.375756854342737,0.3203828828828829,0.055373971459854066,0.6213272838272837,0.4667851662404092,0.6037325944870702,0.4724076983503535,0.6131210722702278,0.5004744816586921,0.649170653907496,0.05663888149143117,0.6040224105213696,0.31971494323238164,0.3922837063048049,0.30147850975975976,0.3553064001501502,-0.02172474093293595,0.07626159002270287,1.7486146526170274,0.39643925374530314,0.22542242289388376,0.04571335911444261,0.3408318481028918,-1.3521753988717242,4.578302997967884,4.547401662870072,0.5113465528638443,1.26686521927276,-2.3096819765489065,5.034552436469377,-0.11217900350605155,3.581359724177928,-1.138435123345251,2.1045655081850247,-2.400501119757311,1.6447273848181265,-0.0011946020759292918,0.257519856576302,-0.07364120146136702,0.13508854409970977,-3.295567123648288,0.5841291505407536,2.322925013261283,2.0836210404284987,0.10376153350076261,0.08744234095618016,-0.19051007576667237,-0.23930397283278415,8.855660331534107,8.87533365860684,0.3256421888717998,3.3183169557386045,-4.3056505528727795,8.389601438925729,-4.273252486744017,8.30509347818096,-6.589668042567905,8.825566296384375,-5.662649600186521,1.895591944717116,-0.02680865182806458,0.11372918419296167,-0.05692589942231665,0.10381028985640321,-11.169857092862925,7.318509372926803
21,0.5684455811310031,0.5706991358994501,0.5799043062200957,0.3672090379474792,0.36746645807471906,0.3124249249249249,0.05504153314979415,0.6143675768675769,0.46314236999147484,0.5924538221085535,0.46726237234878243,0.6169555184603299,0.4889912280701754,0.6448405103668261,0.05101651537606923,0.5467234475581803,0.3220986234631932,0.3949552916036073,0.2970610454204204,0.3476184778528529,-0.013537527377118611,0.08875603809662072,1.9368598288083243,0.731455425230523,0.2246534375120616,0.0709552102325421,0.3706305893685737,-1.2054044035778013,5.092306816305532,5.315340831331917,0.5216732508162398,1.353697237366317,-2.1979312518383156,3.882065555758922,-0.14597883649831123,3.7598223929988595,-1.1921474374529544,2.5985747304197764,-1.2519807435578933,1.1921330989758427,-0.004876670995066969,0.25868024898574926,-0.06484485206550068,0.1474094028093638,-3.4627368374858483,0.8903931815993327,2.8323435432388453,2.828234817444727,0.10871341997964913,0.10523815480336225,-0.04709890622172548,-0.00410872579411814,10.379479388508905,10.20484667423612,0.3318487577915415,3.448736321135833,-2.204189952334379,5.757834052770903,-3.9669004848597385,8.656360442636338,-5.636213382139238,8.831192678708815,-3.688530363234316,1.1210121665503119,-0.019911860663526484,0.12634103159731314,-0.042668471023782954,0.10873889172350358,-9.50602970472721,7.280856432819238
22,0.5461324239840863,0.5717792615868028,0.5893141945773525,0.33287403005090194,0.36085670073290593,0.31042605105105103,0.0504306496818549,0.6522338772338773,0.45353680022733733,0.5710144927536231,0.46671003534956795,0.6046838177533386,0.4918341307814992,0.6443460925039872,-0.050071574719197987,0.5627092110395882,0.3270846937156008,0.3984261298258144,0.29365029091591593,0.3435151557807808,-0.005826383910810233,0.09697783415892677,2.3623630885538454,0.9624034414751119,0.25422001975863373,0.08732683876063829,0.5272654307358957,-1.3999596470787334,5.556762855771952,5.716195217938997,0.5506011429434983,1.317588412259804,-1.755379148749723,7.104551659414578,0.17426643275946288,4.242731377939651,-1.1891889246944933,2.8977905549034846,-0.9856755719565705,1.3739962389390545,0.021138868644945883,0.2699536762928065,-0.06239070853101745,0.1566623135029521,-4.069182766068955,0.9512909155153936,3.209566312824752,2.7578992196321837,0.12022284962314352,0.09829716533891225,-0.09970339616798649,-0.45166709319256837,11.260121081568867,10.974615814498868,0.347766991898349,3.6764367277538472,-2.53544155540203,5.365255871529135,-3.6660027658440257,8.665049676690899,-5.6418154856092615,10.233682467352125,-3.42632445400531,1.3297514123687508,-0.013797561978220692,0.12422942099330112,-0.041759036754541845,0.12837278406135846,-9.972489719131648,9.584699946829112
23,0.5355157715260017,0.5572466614296936,0.5832535885167464,0.24434221122593788,0.3647048820718622,0.3063626126126126,0.058342269459249585,0.6178654678654678,0.45531088377379936,0.5649087809036658,0.4748600746268657,0.5983380793401414,0.4900956937799043,0.64085326953748,-0.10585707543550328,0.5240797643808314,0.31818695761842414,0.3958939128561792,0.2927824699699699,0.34502838776276273,-0.016989092978623586,0.09914503532315032,2.4995858840144662,0.9767810925365515,0.2591195526051663,0.08417524042366116,0.5538072197163518,-1.5228047914779146,5.83130582587235,6.112647393195642,0.5588623329850618,1.37019423985242,-3.2742614564337487,4.119401724329787,0.1460297839950186,4.627005955136504,-1.2440699475399324,3.3514670077683277,-0.9711632763998066,1.3641243315270206,0.016410641709792447,0.27717345154581635,-0.06097120494024764,0.17332769873174028,-3.8570041687879915,1.0488222640312022,3.793452508443106,2.5431330501440375,0.13569127103790052,0.0884000126298844,-0.011649623171648348,-1.2503194582990687,12.242730277405862,11.491276985586392,0.37357484288247217,3.948267539845484,-3.841627319434873,4.115712965756056,-4.352571628166042,10.457061957491412,-8.72326370088239,10.938022536941517,-2.584728124407342,1.5724573883350876,-0.0085160335072847,0.14438003473274497,-0.05103700715656497,0.1299931823324035,-16.102864337338016,8.779217829678075
24,0.5320375106564365,0.5475255302435192,0.5698564593301435,0.2332246281039405,0.3641502428849173,0.3136355105105105,0.050514732374406845,0.5669085544085545,0.4551619778346121,0.5631651037226485,0.46592694422623726,0.586537706205813,0.47846491228070176,0.6242464114832537,-0.11720018917125388,0.5301038411982183,0.32696904705222163,0.3923747031249114,0.290659253003003,0.34332160285285285,-0.008302504612514278,0.09150320721353929,2.53915801686426,1.2795499613983794,0.2522673110032577,0.10343654174126166,0.5899767204998083,-1.2596080554658804,6.051579142356003,6.431734191712359,0.5741066789295931,1.589051458580181,-1.0810631793262724,3.705018307165966,-0.07533879361497957,5.026655303890142,-1.2730675572630576,3.670871905062051,-0.6916145232095597,1.6513870619844544,0.0047836854563178075,0.2843858131207482,-0.060126511593884636,0.17458880944376007,-4.147868651145309,1.2671615240544698,3.3496296251028417,3.85014335135987,0.11299756134372525,0.11638963285604242,0.12893501800445542,0.5005137262570285,12.668000673234758,12.393121921110563,0.3873906969544022,4.530909206784761,-1.9896278534064673,4.761714425812204,-5.339478722454088,13.35315564731119,-7.578038787077497,16.142772697570752,-3.3341406329687113,1.7480646438647738,-0.01844069325087984,0.1463804051116902,-0.04924464482772362,0.14054718616076736,-12.40786190669661,14.196284769884729
25,0.5412446717817562,0.5471327572663001,0.5566188197767146,0.28537933526175224,0.3494105010174526,0.31009759759759764,0.03931290341985494,0.5715210715210716,0.4611156578573458,0.5636771810173344,0.4694594461901021,0.5780709937156323,0.4712878787878788,0.6043102073365232,-0.07682721316009662,0.559647563872419,0.317730053395004,0.38559638591777623,0.29678068693693693,0.34945922484984987,-0.01798800720134488,0.08199976069636299,2.3280743247298648,1.0284331550735535,0.2245782772459772,0.08367724404914689,0.5462717087524838,-1.2996411696563113,6.146110995649917,6.374999489799096,0.5683222748785199,1.5096012675017247,-2.290395009622288,4.6127539632584815,-0.09737102759939344,4.872567761515508,-1.5879616404015457,3.674668322461583,-1.6486893709663526,1.7969127594925127,-0.0015519175746946234,0.26845969880328563,-0.07699085840672827,0.1714484953064698,-4.045669821111342,1.3605618844292937,4.111976678947297,2.6096554016685296,0.12771632942163236,0.07929235140050941,0.12257171711078042,-1.5023212772787673,13.173186699382843,11.76121456450631,0.3738143411869222,4.725033942914493,-2.065253264452338,4.2688940606123,-6.1259493385493275,12.480809736097568,-6.12633219768693,11.106677626774562,-3.110838205324616,2.1178065672975244,-0.008930976610718327,0.1357946823657228,-0.065997398858974,0.120477627453081,-13.966439545328376,13.460948149862258
26,0.5263995453253765,0.5453652788688138,0.5614035087719298,0.3090065201259471,0.34865605568498087,0.30629692192192187,0.042359133763059,0.5088559588559589,0.4534555271383916,0.5467959647627166,0.4707359583660644,0.5671641791044776,0.47957336523126,0.6017663476874003,-0.0897170206631365,0.5557329166638586,0.31919162826420894,0.38363132790314075,0.29639193881381387,0.35777402402402403,-0.028178807412957387,0.07411942051934681,2.395890279012802,0.7843033434632024,0.21233629549371905,0.061227150791469835,0.4892479143057348,-1.6115869355495995,6.617260593725342,6.495707796261133,0.5526576284369762,1.8451385335667294,-2.0157575207801055,6.550420463514426,-0.4701105969738686,5.123505968654525,-2.105045152978076,3.075491766736434,-1.1011306527006706,1.845398479804396,-0.016677904726925954,0.2677871306288914,-0.08824014168856818,0.13595868063733033,-5.2138826322838066,1.1016150218010423,3.4887785226204007,2.760924263053902,0.10727522274894527,0.07672795991058959,-0.08516709035955164,-0.7278542595664987,13.941487764463748,11.920944132395343,0.34619549686255946,4.759791915875405,-2.1290000636911364,4.4444443761801224,-7.110377817117321,12.261823405501566,-10.113760604164924,10.32780965515465,-3.893266616412151,2.1110276357137066,-0.01999978079337385,0.13868656158959164,-0.0754720614657351,0.09396877945730209,-15.514580117210617,12.58245095905866
27,0.5145211707871554,0.5389827179890023,0.5491228070175439,0.2997116686775675,0.33345661797631804,0.3304710960960961,0.002985521880221942,0.4982480482480483,0.4463213981244672,0.535430235862461,0.4645424194815396,0.5661945208169678,0.47651913875598084,0.5897966507177034,-0.061521855988227465,0.5687563534017884,0.3161617947976715,0.37932987711213517,0.3047130724474474,0.3616295983483484,-0.03505089900701281,0.06750116591484992,2.594133581668987,0.7494879123603799,0.22801533105949176,0.05821948570116914,0.5198138916219305,-1.844645669308607,6.762085469579247,6.628711887491408,0.5547847158495809,1.8044212414303207,-2.54535464558106,4.043090016760361,-0.22906082474427977,5.146732369844781,-2.0189346040047544,3.1472608081775735,-1.7660021272256454,1.3798117883820673,-0.0021052311281045543,0.2641050310106552,-0.08574372566366054,0.13989396151938743,-4.943920454796924,1.3438929642988389,4.414975831047582,2.719350315954649,0.12868973688778146,0.07794945826110501,-0.06967287274532516,-1.695625515092933,14.671540034694358,12.194463291477678,0.34875681160957894,5.169571102891253,-2.901469743207673,4.6817737672568365,-6.364796232242724,18.98335042331839,-16.240197023702567,13.829157919790555,-4.206960132252401,1.888574454200197,-0.0110525126760543,0.15164441062883854,-0.06982589892695822,0.11036740866779994,-21.92156820140512,11.865307444329524
28,0.529866439329355,0.5471327572663001,0.5488038277511962,0.281658446207759,0.34052153655177103,0.3183183183183183,0.022203218233452726,0.5095663595663595,0.4478420005683433,0.5483395851094061,0.46592203456402204,0.5771872545168892,0.48436204146730466,0.5941228070175438,-0.12048983490659788,0.5365299611489878,0.31439808752926235,0.38037449481637675,0.30043027402402406,0.35239630255255255,-0.02898773315647986,0.072543469242588,2.4324105351035943,0.973794841487442,0.20166995964783907,0.06898594687914528,0.45229562747617535,-1.4586156936161523,7.049156768508457,7.329544906281933,0.5535580017223993,2.2556614775621475,-3.255973621980574,5.823706448804342,-0.6262489264726079,5.072400859575704,-2.115400913803073,3.907252835763318,-1.7498596939112896,1.5518736737928367,-0.019028925667218033,0.24930974359593688,-0.08603785609466379,0.16139987149274526,-5.164399126178533,1.7701234287164325,3.5799134070823584,2.357024830886468,0.10069950485452055,0.06399174877507191,-0.19356139063388697,-1.2228885761958903,14.876270240313072,13.465026456532538,0.34025645900256485,5.360145742660757,-2.4985638272923554,5.815233591243398,-9.201447158186777,14.581994501309415,-10.156051504923354,10.772318195252707,-3.536900424115095,1.936449496492108,-0.031227328482407522,0.13107784309133652,-0.07302471280830089,0.12132666493421299,-17.387854965568465,13.646916961154737
29,0.5145780051150896,0.5450706991358995,0.5460925039872409,0.26897006001567575,0.36986328158212456,0.31497747747747745,0.05488580410464711,0.5406681281681281,0.4371238988348963,0.5333813583404377,0.46189120188531024,0.57494844854674,0.4765470494417863,0.5915948963317383,-0.1167666401887081,0.5283918947642152,0.30690171521530885,0.38171877214163846,0.3026909722222222,0.3499629316816817,-0.03339217215237364,0.07115336955316022,2.453716459092036,0.8311067111508104,0.2005260832939465,0.05982902597178098,0.44199838107405287,-1.6226097479412256,7.3015783174788345,7.422409674965319,0.5583812775565837,2.207185717470248,-2.4179303576113114,4.289532268719754,-0.6412655271236684,5.325628348384561,-2.397816722948728,4.196485384450288,-2.213388397993522,1.768589205944803,-0.022775494096479786,0.2430262120385385,-0.0972588640103787,0.15957368287611942,-5.388432615705599,1.9952665480735565,3.835471614424958,1.8046561108333299,0.09761148599867715,0.04867668424933986,-0.2574178227768368,-2.0308155035916284,15.147996867254701,13.557254205238303,0.33651654048503093,5.2293508913422615,-1.6353746316373694,5.7173899515922555,-7.596455130664695,14.073120374125242,-11.879132707135879,13.724180376665725,-4.810577924174432,2.900947945804076,-0.027750182737585453,0.13040366842214082,-0.08573176531100762,0.11153032924206628,-20.277270399356055,13.139634707108836
30,0.5048025007104291,0.5289670070699136,0.532695374800638,0.2294871974369624,0.35911172706197103,0.30950638138138137,0.04960534568058966,0.5274438524438525,0.4295618073316283,0.5304012503552146,0.4533483896307934,0.5652150432050275,0.4663437001594896,0.5848684210526316,-0.18250353685460927,0.4577710685107003,0.30952760725763945,0.3801442855442379,0.3044754129129129,0.3589090653153153,-0.032537885875379154,0.06475411488666981,2.454768390444473,0.8629232781530046,0.19513122890145163,0.06231691443993254,0.46597306920987397,-1.5918451122914683,7.377445952061622,7.599556364376209,0.5556639359974808,2.4234021597050184,-2.8717048617916303,7.215770418865686,-0.7653438333586388,6.017300648752423,-2.235822641050621,4.2301407577510695,-1.9407221324399768,1.8850598037950876,-0.024400438739560742,0.2551010617767186,-0.09032969777031097,0.1669066586629162,-5.7225815654612715,2.2237182827095743,2.7774331777878003,1.6366790994776272,0.07935600546324183,0.04202751217993013,-0.44896582486152986,-1.140754078310173,14.91408444757015,13.6714786332636,0.3411559874151315,5.402344417688622,-2.3934910836639713,5.7178329319597125,-10.242427578773032,14.514203331529572,-12.559486836688873,12.841323949840053,-3.8979863324244484,3.0156446995992496,-0.0370371953977877,0.12638770550238349,-0.08017656260350352,0.11238794080776356,-22.192421172353722,17.171891668664685
31,0.48899119067917024,0.5103102906520032,0.5175438596491229,0.2182147899366493,0.3386759512756418,0.31458333333333327,0.024092617942308547,0.4982813482813483,0.42007047456663826,0.5147811878374539,0.43479232128829537,0.5528377847604085,0.4518341307814992,0.5754505582137162,-0.20969172754050028,0.41852755376209644,0.3052555109652479,0.37441215189801663,0.29911247184684686,0.35819209834834836,-0.040138467778862104,0.06506780598314521,3.2112306643394195,1.550999281111786,0.2267236738046534,0.09645829215418679,0.6416114938198033,-1.6602313832276334,8.6301888010792,8.750410727509022,0.6098512290481352,2.5840725174304167,-2.2514871446898628,7.165100636009846,-0.0970974780215716,7.492171597719416,-2.593361494877943,6.3683321658132215,-1.012936759806931,1.9690031300381192,0.0076700502614650105,0.2900505286292432,-0.09170397312609527,0.21822697415856818,-6.706222606772252,2.8423099066995117,3.941906899149217,2.3447512495499545,0.09998633739826325,0.0644576760945163,0.005177021411944895,-1.5971556495992627,16.196389685205748,14.979346178329665,0.37753694160586454,5.826464986626537,-2.1451284890673796,5.20161870407178,-13.386662730380067,14.32608801221446,-14.719469155313778,15.823825841623295,-2.7512809729241634,2.9466665970611077,-0.028581611165001228,0.15033722193549637,-0.08687676980644313,0.12125939692702055,-21.9086653057309,15.0593052012563
32,0.5001307189542483,0.5271995286724274,0.5223285486443381,0.2380086601386214,0.34052040289988156,0.3143862612612613,0.026134141638620267,0.48321077071077073,0.42308468314862174,0.5206535947712418,0.44608699921445405,0.5519712293794187,0.45645534290271134,0.5686124401913875,-0.22861521424907716,0.43198594293850445,0.30292720962923914,0.3693137013167367,0.30116600975975977,0.36597644519519523,-0.047176359839537975,0.05361164014865957,4.631903732650884,2.7645962814521066,0.274305351863318,0.14399235230853424,0.6765090417203522,-1.8673074511987777,10.706429087840766,10.745924210041673,0.633399825921587,3.097421476776544,-2.7007671728435567,3.9495562066243437,0.5725237605992809,10.093659169642184,-2.181084096595503,8.880053729508022,-0.48694582426028815,1.6933789054410158,0.03359915205884681,0.33604611745888113,-0.07078444079183559,0.25454737808729816,-7.999356547672156,3.60422013028168,4.79327369574528,2.496140350829269,0.10737774790933674,0.060139180470688725,0.10715370182591177,-2.297133344916011,19.532972904285227,17.807683136754896,0.4236582437658926,6.867475488808733,-2.664742220782307,5.164023751237588,-17.26543469532593,15.437101669264415,-16.97773418994745,17.95537488642829,-1.4539736642550505,3.314476632462219,-0.019877434365652993,0.1589947844871258,-0.08302238800771088,0.12793146698522326,-23.479059499337215,24.595387822511636
33,0.49823245240125036,0.5145326001571092,0.5060606060606061,0.22005439991897824,0.31901389290390597,0.32293543543543546,-0.003921542531529487,0.4953981203981204,0.4243478260869565,0.5165862460926399,0.44863020424194816,0.5465509622937942,0.4551834130781499,0.5567783094098884,-0.24843017026879669,0.4650446619697233,0.30460944275341373,0.3677594787468612,0.30389006193693696,0.37154912725225225,-0.05590172510444279,0.045804585874666855,4.892975900681953,2.713573536783245,0.26798438993953155,0.12832602970060814,0.6276036318198998,-2.1794023638987077,11.473074502491432,11.499211413624153,0.6070513327111716,3.1991684735515866,-1.315161629658263,4.234173543485058,0.19860428181230516,10.790784721629256,-2.819803791140256,8.532588169986973,-0.8025645194938383,1.8094910770302166,0.01854304764986443,0.31315598911889153,-0.07825731039404979,0.23173770910975214,-9.130626291162564,3.580165167930312,6.031444464656413,3.7252685096053573,0.11689730923069859,0.07507768443878295,0.27751310057073025,-2.306175955051056,21.797038792417624,19.272110184986733,0.4184959504235072,8.805792985669157,-2.018489262768132,4.3339947205878255,-12.565090207462426,26.45258286943925,-13.662424308546361,25.121737973701045,-1.849954536690796,2.7126342395572616,-0.021573429405156545,0.16181720127321475,-0.07417538701346665,0.13441031028820155,-27.39047892792084,24.044034193419314
34,0.49806194941744814,0.5219952867242734,0.5256778309409889,0.22249747304025155,0.34805975479109635,0.32273836336336337,0.025321391427732987,0.5350510600510601,0.4273680022733731,0.521927536231884,0.44489886095836606,0.5445870974076983,0.46218899521531104,0.5668460925039872,-0.23028011382125224,0.4717488044779602,0.2991171615057165,0.37483182274219057,0.30032868806306307,0.3635519894894895,-0.04586972380633472,0.06476518856636367,4.4866292722233165,2.1773732940092376,0.23592532667432994,0.10037858616918673,0.6054264287698395,-2.309255978214079,11.666507405188318,11.7924251891068,0.5847465684184211,3.994010368066103,-2.924766797556304,9.233296197521083,-0.1312946328734263,9.830398642851547,-3.079390919876852,9.274808891236708,-0.6823753216505362,2.1901678043834205,0.005868114662876456,0.2932604772235233,-0.08146423179913166,0.22555562393703724,-9.185561862753321,4.195882213232685,5.282377969061515,1.7076551991869011,0.09748925476656961,0.03792989314233549,0.08224854387901928,-3.574722769874614,22.37336049599875,19.32669062098783,0.37444121700503924,8.870196608455469,-1.300869474980403,4.758815590369342,-12.737339738775608,21.198428353767287,-17.801472869032946,18.643685039076967,-2.2011815838793867,2.733373608867428,-0.02747073822298657,0.15405970560664153,-0.0887849649508734,0.10114389181202842,-31.168635776181958,21.030485529084658
35,0.5010628019323672,0.5317164179104478,0.5395534290271132,0.25176460962415287,0.34276134927247887,0.31539977477477477,0.0273615744977041,0.5280474155474155,0.4364865018471157,0.5213716965046887,0.4628731343283582,0.558626276512176,0.4803668261562999,0.5811961722488038,-0.1500303999808691,0.47886143790419466,0.30921751095391137,0.37801840483842625,0.2937912912912913,0.36245425112612617,-0.046823453611373154,0.07130322371548309,4.498557760899925,1.5664757994474783,0.22631022096220518,0.07469308724980354,0.5080607509569954,-2.9320819614524467,11.992796615649835,11.356666203265398,0.5717234249105447,3.9352873270255597,-2.8595173403498215,5.949115514158587,-0.3322134884887068,10.220934252372905,-4.439383185514751,7.502976785387477,-1.078153442832522,1.8826682565656392,0.0031863204440831364,0.2843360470456386,-0.11769364004095056,0.19397149649114712,-10.523978347777888,3.0165764733212175,5.270915180059645,1.6012376889617792,0.09355731056284432,0.0351628163241203,-0.09379053977814412,-3.6696774910978656,23.286177366785516,19.142977025279603,0.3634126123575997,9.631704231183411,-3.1565033302437033,6.94898653176776,-18.1389261262186,25.13062980586213,-18.1599366309349,18.469885802819952,-2.4601196387260127,3.1647837053406516,-0.0331277759822545,0.1567853177387138,-0.08543933387047316,0.09327717248103705,-33.75037203516759,24.071882839078473
36,0.47752202330207444,0.5026512175962293,0.5159489633173844,0.2556419637844868,0.3387742955770572,0.32774962462462465,0.011024670952432536,0.5343055093055094,0.4272458084683149,0.5105080988917305,0.45011783189316573,0.5426158680282797,0.4641108452950558,0.5727392344497608,-0.23074983714434846,0.5046226222745727,0.3078908760861802,0.3840064462280567,0.2911359797297297,0.362939893018018,-0.046465561445279205,0.08232645963441593,4.557712578142401,1.5739530243482063,0.20413324365704938,0.06661312533559509,0.45967397307811797,-2.9837595537941946,13.162778434675621,12.463209258064747,0.5675868819487923,4.721227102158754,-1.3513923497011848,6.175156272289238,-1.305652840243337,10.658988309897804,-5.005145006932398,7.724985265729131,-1.158065295427544,1.5717561371479571,-0.021127207460685554,0.27170769056610705,-0.11535283794900811,0.18430820302227954,-10.933734967947016,4.379007327123587,4.358687155614822,1.808115208278926,0.07171737720768785,0.0335543036461327,-0.2818805127561168,-2.550571947335896,26.42240113068238,21.943217047425996,0.3472505143599557,10.946900788244585,-1.719420709342383,5.21944889142965,-19.324809007437594,25.65914152640475,-19.96023734459819,17.466269642917432,-2.6771142117285898,4.065391832443385,-0.03670545742367261,0.14405669546078814,-0.08171355300635785,0.09679756963071436,-36.084755507225786,23.605903528390314
37,0.4827621483375959,0.5187549096622153,0.5344497607655503,0.2220574658992973,0.36081730632974535,0.3073104354354354,0.053506870894309944,0.5459420209420209,0.4275856777493606,0.515306052855925,0.4593455420267086,0.5541216614296935,0.4767105263157895,0.584078947368421,-0.2404469838056932,0.4766081386711673,0.31470038289092567,0.38308158467529374,0.29154185435435437,0.35831784909909914,-0.03038944755952965,0.07728280095913972,5.09993552610473,1.341461913466903,0.21203440167989157,0.055174147363119826,0.5598137581258601,-3.758473612637827,14.404082299388461,12.865962613061928,0.5760562844355827,4.969983337784835,-3.206209697583369,4.644103901870576,-0.7303400088891668,12.486821838530522,-5.180737162882163,8.428261226800691,-0.9349472134757557,1.7554879463219486,-0.0017389401221825104,0.29004067101397973,-0.11630107089272562,0.188571254491243,-12.273553618422712,3.3884872240110937,6.723041948186505,0.2152180588908905,0.09522301873396388,0.012086948187824681,-0.7036005500959527,-6.507823889295614,28.572733988415994,22.20788229202134,0.3604157403882022,10.98176682476006,-1.7656953390910608,4.787794395349034,-21.93601664937894,24.418742166120236,-31.27329034174042,20.37138165071231,-3.0891387872974776,2.8140149891536925,-0.03027210594773327,0.15470930661784135,-0.08701439852103117,0.08182101974913293,-34.629927122096944,26.368330968224015
38,0.4833191247513498,0.529752553024352,0.5452950558213716,0.16720238560952183,0.33954461203598213,0.32742117117117114,0.012123440864810986,0.5123422873422874,0.4296157999431657,0.5230954816709292,0.46504320502749413,0.5644245875883739,0.4711323763955343,0.5945773524720893,-0.4273771798092237,0.501162811687125,0.30661332834526506,0.3838028352633757,0.2993466122372372,0.3650898554804805,-0.044955632457176195,0.06884493269781296,6.8334490790870515,2.376914105515556,0.22503318063429142,0.07429751808284002,0.5709436924544314,-4.456534973571495,18.334898197825552,16.803727752018773,0.5827277206728141,6.73840473311368,-1.7482066289911962,5.45952116059192,-0.8397139725307731,15.240738811116445,-7.469785164971477,11.910603094754558,-1.4791789327996472,2.1738531106236585,-0.0024418319552750264,0.2855104674914907,-0.13699093336708434,0.20248101703939914,-14.961477326983855,5.3623524103601055,6.035106980429598,2.9179469303233914,0.07372289906949196,0.038356177904687955,0.06316935111128105,-3.1171600501062064,36.45661492767765,29.694308895881186,0.3649489371465536,14.801285600246953,-1.0862901084460705,5.8975783726901785,-25.819545283817646,45.55845801899244,-31.10925234818501,27.098186367077393,-1.7187183584756747,2.560750020898214,-0.02834253347297565,0.14188413561537408,-0.08815570449048364,0.11530727590869606,-53.63079960615116,31.183578581414242
39,0.5077578857630008,0.5436959937156324,0.5473684210526316,0.23175302168508585,0.3544617704241559,0.3303021771771772,0.024159593246978694,0.524467661967662,0.4358263711281614,0.5321418016481955,0.4705395718774548,0.5660914179104477,0.4711323763955343,0.5910725677830941,-0.30016849530760303,0.4941794567299936,0.30908118222887293,0.38192020791175657,0.29827069256756755,0.36923728415915913,-0.04951152985489487,0.07365133245858943,10.24094431395527,2.6725446958891688,0.266384742703478,0.06965003864097877,0.5768794080098181,-7.568399618066101,23.79415398579952,20.722809421637034,0.5655822775033018,7.955511507665327,-0.8470580553823331,5.672246492579586,1.8210020830666391,19.7730320436521,-8.533546520548372,15.818087664222002,-0.8642628201165726,1.797973902425906,0.04329167806588771,0.29460025573558557,-0.1254784028815019,0.2172354519975552,-20.610009548575075,6.112298376658202,16.249535584494353,2.615472676593072,0.13227706668775427,0.027251211668297276,0.04987186489496823,-13.634062907901281,51.257099755119356,35.93905636496699,0.34395125232728885,17.896378749417238,-2.630377988694672,4.199356486822615,-30.584875631793913,48.062191759891455,-44.559004231926124,28.99063497897489,-2.0039800795328264,2.4618007367019863,-0.0034704644301875587,0.18907439404390186,-0.08532498998495332,0.10995602547306334,-65.86518433645286,40.10501290121382
40,0.5213071895424837,0.5719756480754125,0.5732057416267943,0.2885838583446832,0.3864837519342936,0.3231606606606607,0.06332309127363289,0.521052096052096,0.44636146632566065,0.5418272236430804,0.4787878043990573,0.5906372741555381,0.48287878787878785,0.6047966507177034,-0.27677997585223035,0.5629883164138914,0.31914389443433605,0.38209640575668424,0.3018393393393393,0.36915610923423425,-0.03718149434985599,0.06767743715432242,14.85765413852737,3.052550697117383,0.2866725836936634,0.06431655019193272,0.4678149924739098,-11.805103441409987,33.117137682797974,25.305831148544478,0.5312435480160329,11.442670933290337,-1.839432118131914,5.351375806254877,1.8918378914304557,31.252284605228407,-11.518335380275447,19.00549735687649,-1.2198024632357,1.6751572659494205,0.03711190693215873,0.33383932281897355,-0.13856100017438938,0.20645059688764733,-33.512335712453606,4.476863425870458,19.020984533156657,3.671021745336233,0.12618629045524168,0.03338578124615558,-0.3017045537294969,-15.349962787820424,64.03660711363662,45.04240269676069,0.29718953169205053,23.41834763875877,-2.0420419333992834,5.831963797306828,-50.08733076520328,65.53501578325651,-47.480685094668715,39.4468292310445,-2.7800751228058607,2.3420006235048736,-0.007374770320666531,0.1943684347015734,-0.08050384232452301,0.09941944467773946,-83.4640704894999,59.811628459433074
41,0.6031713554987213,0.6505302435192458,0.6585326953748006,0.34098027617082355,0.4119999886634811,0.2964620870870871,0.11553790157639399,0.549958374958375,0.4941579994316567,0.6045703324808184,0.5408459347996858,0.6558670463472113,0.5470494417862839,0.6831020733652312,-0.11692659406329556,0.5521159648742976,0.3366310345707144,0.4105462005656923,0.2853821790540541,0.3541488363363364,2.9879482845906666e-06,0.11075969665888269,20.202704436251075,6.150414169821669,0.3025085530488928,0.09659540316461927,0.45694563138148614,-14.052290266429406,43.316456559094476,34.20503304465797,0.5448096442170237,12.101817245399404,-2.643425727582798,5.407246676014875,4.0969875217674305,39.05122406608771,-11.443116284442041,24.766083695870382,-0.6605967768717513,1.5372152101834204,0.049426226087201514,0.3307584490745385,-0.10353934978324884,0.20564773237149328,-39.71640110865321,6.571498800812291,23.482952712495916,8.489087150754578,0.12695856755475915,0.048992334047705505,-0.5291141383395624,-14.993865561741337,84.30796005901044,58.79496170912623,0.2722653448317979,26.801485997631733,-1.7993855065400841,5.165607170163552,-34.63983214332232,74.0418467489151,-56.50337214312686,56.14433382345564,-4.165456587555424,1.4437522302659733,-0.0012204940952429575,0.18772453939319272,-0.07783764499747663,0.12018363732664986,-96.48099950918454,63.94807733567278
42,0.690843989769821,0.7216221523959152,0.7280701754385965,0.35079678584065577,0.5181004528939299,0.26475225225225224,0.2533482006416777,0.582007807007807,0.5550875248650186,0.6892679738562092,0.5911086017282011,0.7133861940298507,0.6014314194577352,0.7449920255183413,-0.09439331987906972,0.6218501113784568,0.39137033006274763,0.4914157611622199,0.26098442192192195,0.32184989677177184,0.07026744960106691,0.21877233568698873,22.878721350630734,4.960973224057262,0.2790695907563937,0.06481053616718667,0.2632661442400631,-17.91774812657347,51.70778175729764,41.08202731532613,0.5046310740118157,16.107592246811258,-2.881641061901407,6.960286313905736,4.225902295327101,43.727274656543756,-13.841992994454852,27.45754044786781,-1.2511583686051526,1.2547841352735238,0.046421192674693704,0.3081492098312238,-0.10321566579103608,0.18796469070973523,-46.983813065341835,10.682414864240876,31.25174409485201,5.489733686365605,0.1294279196080655,0.03183197812707092,-0.7697587971896176,-25.762010408486404,108.048013857522,71.74166786149932,0.25745781542044105,35.6143754413579,-1.3862220384493886,5.222418466708353,-31.706893978446026,106.95808433882549,-57.37070993219151,64.1757084594639,-4.4370085841590265,1.773628064424309,0.0007831439370199452,0.19488689215768304,-0.07582232527193057,0.10181949089305024,-137.22862351436103,67.26258269391919
43,0.6737027564649049,0.7171052631578947,0.7259968102073365,0.3308634015683718,0.4965769381196116,0.26855292792792795,0.22802401019168367,0.6105690605690606,0.551786302926968,0.6773441318556408,0.5874754516889239,0.7133812843676355,0.600944976076555,0.7395534290271132,-0.08533750708241584,0.594723993866397,0.3815799352117945,0.4757724916534879,0.2645849756006006,0.3335132789039039,0.06313061394660689,0.1974364308253596,26.62714164821887,2.379186237421732,0.2540122342359193,0.028684339383813155,-0.42416649315730487,-24.24795541079714,64.80772549842976,50.61090573333061,0.421410281036814,23.40765855880261,-1.5059745265720812,4.9668381562430595,1.9205074133393014,57.753603271205165,-20.68879078815896,30.796553616145882,-3.017581774429178,0.9143347771569176,0.023538640612253282,0.30149523665099426,-0.11516085596266482,0.16531234745881065,-61.71037647989715,10.458941307753493,43.42992592525211,9.158550254246627,0.1352000252808553,0.03677388651953587,-1.1406241386711933,-34.27137567100548,143.80158086731797,93.96038937710534,0.1939257384725847,48.991803449911714,-5.063411789063968,4.542467203577247,-67.83442467709119,179.00209596383073,-86.1264354223398,93.30987537621775,-4.588237123149614,1.4142682595196407,0.00023470498896039087,0.2040422335512834,-0.07477643217588797,0.1061272669769826,-211.46163728496788,127.35642476865952
44,0.6253026427962489,0.6623134328358209,0.6685805422647528,0.3016510460162604,0.4441010423929124,0.31087650150150153,0.1332245408914109,0.5518213268213269,0.5310056834327934,0.6306041489059392,0.5570478201099764,0.6633984681853888,0.564585326953748,0.6813397129186602,-0.10382886522224664,0.5401227925860864,0.35208133527187807,0.42812452882593344,0.2958232451201201,0.36148226351351354,0.007633125954986842,0.12538098327791336,40.50475643763837,3.2680702646516524,0.2581260831975185,0.027194002165569584,-0.6566916523164202,-37.236686172986715,96.55895147601373,71.34782669576333,0.3664490772005841,32.4630112039337,-2.120956502385736,4.2959482664555315,7.558664756064933,92.72275929132645,-32.170449453508766,38.70047334191249,-3.1380222284302017,1.0515650691524652,0.04153797378018034,0.3190821509922446,-0.11925101357093833,0.14420310890535457,-98.20548991549917,9.79587760102122,90.07735639049295,13.478629814261563,0.17636700675608416,0.04081469445985222,-1.103305594548325,-76.59872657623139,215.77450991652347,139.2097402625385,0.1552323095834533,73.6663507494263,-1.2805558839377227,4.076252651313482,-73.52831738407173,243.98052708064307,-109.155643936585,132.41613645340976,-6.922458531562657,1.0938506506373828,-0.003046740436913621,0.2137708486358201,-0.06786674365801754,0.09516082937184261,-253.10759236410078,151.12282688307903
45,0.6108553566354078,0.6275530243519246,0.6320574162679425,0.35930593303044883,0.41045368748618366,0.3214245495495496,0.08902913793663408,0.6125587375587376,0.5141142369991475,0.6186865586814436,0.5336655538098979,0.6322736645718774,0.5441786283891547,0.6505622009569378,-0.03699437690838254,0.5898644211021506,0.34424349283815425,0.4228224176827022,0.3053120307807808,0.3718344125375375,-0.009943302181651743,0.1032279261524478,44.54154872118901,-4.815673520567715,0.23529284672240963,-0.019596649036206802,,-49.35722224175672,115.9842057422025,83.82539000459099,0.3371545525972734,48.27385293735121,-2.1178555600577766,3.6338206532152,-3.947223307733144,114.54965617285949,-49.05375170427683,45.81345752880656,-5.691688224825305,0.7549125227554508,0.00019647823726262677,0.3143839215866021,-0.15966793916365188,0.12870698398376706,-128.34085616381645,12.347668911707599,91.22082007148646,7.027746815605077,0.14471076186185147,0.019474146733153678,-2.4645562114678787,-84.19307325588139,269.1616233732211,175.72687566050152,0.10093434864133437,108.28836198797879,-3.107030303890009,4.973555864746138,-151.3543235303152,343.8702276744217,-205.75689883235486,181.82246460998226,-8.017440098982076,1.1839505243093362,-0.013485716272009965,0.21191101616716557,-0.07662583508135683,0.09830776636539416,-425.4450166034577,253.88039017337218
46,0.5950554134697357,0.6115475255302435,0.6100478468899522,0.3509944942607463,0.3956314724437567,0.3367867867867868,0.058844685656969875,0.5744634994634995,0.510131003125888,0.6043441318556407,0.5298433817753339,0.6178318931657502,0.5310685805422648,0.6346331738437001,-0.021379389833833102,0.6389511321671277,0.34256320817816477,0.4129907933295923,0.30440151088588585,0.377167088963964,-0.019794367020999293,0.10585498033158652,49.82069763743561,-10.251676084407569,0.20941695474311506,-0.036201103980063466,,-60.07237372184318,143.61556039986294,103.73565483874401,0.33672995945216333,57.37606188237047,-2.053335127171596,5.461212200289257,-6.025951982185686,126.03659356750454,-61.7519506278922,48.357036971058534,-6.820069219186799,0.6705610749151442,-0.00507383424845868,0.2821729204457448,-0.14410311992930414,0.11653094345893251,-153.28564508192756,14.896499215868399,119.50192452354759,30.72828433814761,0.14278425684133053,0.045453541999777934,-1.2296821145960672,-88.77364018539998,357.6442820026117,230.90072916022282,0.11081637157897646,125.53669304931623,-3.484350441856133,3.606540564912768,-139.51293527049552,364.2225588161044,-173.41835096652875,227.4767219455452,-7.078110411607128,0.7640289569982558,-0.0037828164636724915,0.2091160695233335,-0.06555028801050557,0.10831505724599726,-421.9575171562165,228.16158008853793
47,0.600795680591077,0.6142969363707776,0.6095693779904306,0.3503290948553368,0.38348836022922445,0.36489301801801804,0.0185953422112064,0.5754102379102378,0.5146334185848253,0.6092037510656436,0.530707482325216,0.6214724076983503,0.5320374800637958,0.6330143540669857,-0.030144415344617637,0.6264831004366617,0.33816626847144055,0.4086375984151546,0.31364278340840845,0.37703547297297296,-0.026557752653185836,0.08403333451916764,57.40795929018447,-10.654467128600448,0.20548544589170048,-0.029468030331153132,,-68.06242641878492,168.3009188047826,125.36312021681819,0.29344792860070373,63.363063440984774,-3.738141949281683,6.563446896010058,-9.293922946689543,162.8627962575863,-73.75934949332213,66.00622832996447,-7.325326250558431,0.8773397327196911,-0.00860794596994076,0.29347476485375,-0.1529481710799274,0.12435412453925203,-189.86540244555331,24.19671569876474,150.68174108704542,49.46358218180235,0.1492999692431101,0.06237972168243739,-1.33592375838481,-101.21815890524307,430.53663194952605,288.35057262820993,0.04365814136628098,171.50887556178336,-1.7483866986546073,3.6264802965141163,-193.08671986971686,555.1954462833346,-240.62340637967975,319.4764098709201,-6.597166980912271,0.6214958724522194,-0.006943628177581164,0.23459666074258803,-0.06253529853579923,0.12593614153761426,-711.9608178517504,376.92435923242743
